timestamp,index,name,utilization_gpu_pct,memory_used_mb,memory_total_mb,power_draw_w,temperature_c
2026/09/08 06:25:11.181, 0, Tesla V100-SXM2-32GB, 6, 509, 32768, 55.42, 33
2026/09/08 06:25:13.257, 0, Tesla V100-SXM2-32GB, 6, 509, 32768, 55.42, 33
2026/09/08 06:25:15.357, 0, Tesla V100-SXM2-32GB, 6, 509, 32768, 55.42, 33
2026/09/08 06:25:17.433, 0, Tesla V100-SXM2-32GB, 6, 509, 32768, 55.42, 33
2026/09/08 06:25:19.487, 0, Tesla V100-SXM2-32GB, 6, 509, 32768, 55.42, 33
2026/09/08 06:25:21.589, 0, Tesla V100-SXM2-32GB, 6, 509, 32768, 55.42, 33
2026/09/08 06:25:23.665, 0, Tesla V100-SXM2-32GB, 6, 509, 32768, 55.42, 33
2026/09/08 06:25:25.723, 0, Tesla V100-SXM2-32GB, 6, 509, 32768, 54.93, 33
2026/09/08 06:25:27.800, 0, Tesla V100-SXM2-32GB, 6, 509, 32768, 55.42, 33
2026/09/08 06:25:29.872, 0, Tesla V100-SXM2-32GB, 6, 509, 32768, 55.42, 33
2026/09/08 06:25:31.969, 0, Tesla V100-SXM2-32GB, 6, 509, 32768, 55.42, 33
2026/09/08 06:25:34.041, 0, Tesla V100-SXM2-32GB, 6, 509, 32768, 55.42, 33
2026/09/08 06:25:36.113, 0, Tesla V100-SXM2-32GB, 6, 509, 32768, 55.42, 33
2026/09/08 06:25:38.181, 0, Tesla V100-SXM2-32GB, 6, 509, 32768, 54.93, 33
2026/09/08 06:25:40.272, 0, Tesla V100-SXM2-32GB, 6, 509, 32768, 55.42, 33
2026/09/08 06:25:42.345, 0, Tesla V100-SXM2-32GB, 6, 509, 32768, 55.42, 33
2026/09/08 06:25:44.421, 0, Tesla V100-SXM2-32GB, 6, 509, 32768, 54.93, 33
2026/09/08 06:25:46.513, 0, Tesla V100-SXM2-32GB, 6, 509, 32768, 54.93, 33
2026/09/08 06:25:48.609, 0, Tesla V100-SXM2-32GB, 6, 509, 32768, 55.42, 33
2026/09/08 06:25:50.701, 0, Tesla V100-SXM2-32GB, 6, 509, 32768, 55.42, 33
2026/09/08 06:25:52.777, 0, Tesla V100-SXM2-32GB, 6, 509, 32768, 55.42, 33
2026/09/08 06:25:54.869, 0, Tesla V100-SXM2-32GB, 6, 509, 32768, 55.42, 33
2026/09/08 06:25:56.966, 0, Tesla V100-SXM2-32GB, 6, 509, 32768, 55.42, 33
2026/09/08 06:25:59.023, 0, Tesla V100-SXM2-32GB, 6, 509, 32768, 54.93, 33
2026/09/08 06:26:01.125, 0, Tesla V100-SXM2-32GB, 6, 509, 32768, 54.93, 33
2026/09/08 06:26:03.179, 0, Tesla V100-SXM2-32GB, 6, 509, 32768, 54.93, 33
2026/09/08 06:26:05.235, 0, Tesla V100-SXM2-32GB, 6, 509, 32768, 55.42, 33
2026/09/08 06:26:07.333, 0, Tesla V100-SXM2-32GB, 6, 509, 32768, 55.42, 33
2026/09/08 06:26:09.432, 0, Tesla V100-SXM2-32GB, 6, 509, 32768, 55.42, 33
2026/09/08 06:26:11.491, 0, Tesla V100-SXM2-32GB, 6, 509, 32768, 54.93, 33
2026/09/08 06:26:13.589, 0, Tesla V100-SXM2-32GB, 6, 509, 32768, 55.42, 33
2026/09/08 06:26:15.689, 0, Tesla V100-SXM2-32GB, 6, 509, 32768, 54.93, 33
2026/09/08 06:26:17.789, 0, Tesla V100-SXM2-32GB, 6, 509, 32768, 55.42, 33
2026/09/08 06:26:19.844, 0, Tesla V100-SXM2-32GB, 6, 509, 32768, 55.42, 33
2026/09/08 06:26:21.912, 0, Tesla V100-SXM2-32GB, 6, 509, 32768, 55.42, 33
2026/09/08 06:26:23.985, 0, Tesla V100-SXM2-32GB, 6, 509, 32768, 55.42, 33
2026/09/08 06:26:26.044, 0, Tesla V100-SXM2-32GB, 6, 509, 32768, 54.93, 33
2026/09/08 06:26:28.120, 0, Tesla V100-SXM2-32GB, 6, 517, 32768, 54.93, 33
2026/09/08 06:26:30.175, 0, Tesla V100-SXM2-32GB, 6, 509, 32768, 55.42, 33
2026/09/08 06:26:32.249, 0, Tesla V100-SXM2-32GB, 6, 509, 32768, 55.42, 33
2026/09/08 06:26:34.349, 0, Tesla V100-SXM2-32GB, 6, 509, 32768, 55.42, 33
2026/09/08 06:26:36.424, 0, Tesla V100-SXM2-32GB, 3, 509, 32768, 54.93, 33
2026/09/08 06:26:38.479, 0, Tesla V100-SXM2-32GB, 4, 509, 32768, 55.42, 33
2026/09/08 06:26:40.576, 0, Tesla V100-SXM2-32GB, 4, 509, 32768, 55.42, 33
2026/09/08 06:26:42.635, 0, Tesla V100-SXM2-32GB, 3, 509, 32768, 55.42, 33
2026/09/08 06:26:44.687, 0, Tesla V100-SXM2-32GB, 6, 509, 32768, 55.42, 33
2026/09/08 06:26:46.761, 0, Tesla V100-SXM2-32GB, 6, 509, 32768, 55.42, 33
2026/09/08 06:26:48.838, 0, Tesla V100-SXM2-32GB, 6, 509, 32768, 55.42, 33
2026/09/08 06:26:50.912, 0, Tesla V100-SXM2-32GB, 6, 509, 32768, 55.42, 33
2026/09/08 06:26:53.008, 0, Tesla V100-SXM2-32GB, 7, 509, 32768, 55.42, 33
2026/09/08 06:26:55.084, 0, Tesla V100-SXM2-32GB, 6, 509, 32768, 54.93, 33
2026/09/08 06:26:57.156, 0, Tesla V100-SXM2-32GB, 6, 509, 32768, 54.93, 33
2026/09/08 06:26:59.238, 0, Tesla V100-SXM2-32GB, 6, 509, 32768, 55.42, 33
2026/09/08 06:27:01.295, 0, Tesla V100-SXM2-32GB, 6, 509, 32768, 55.42, 33
2026/09/08 06:27:03.369, 0, Tesla V100-SXM2-32GB, 6, 509, 32768, 55.42, 33
2026/09/08 06:27:05.422, 0, Tesla V100-SXM2-32GB, 6, 509, 32768, 54.93, 33
2026/09/08 06:27:07.516, 0, Tesla V100-SXM2-32GB, 6, 509, 32768, 55.42, 33
2026/09/08 06:27:09.615, 0, Tesla V100-SXM2-32GB, 6, 509, 32768, 54.93, 33
2026/09/08 06:27:11.684, 0, Tesla V100-SXM2-32GB, 6, 509, 32768, 54.93, 33
2026/09/08 06:27:13.753, 0, Tesla V100-SXM2-32GB, 6, 509, 32768, 55.42, 33
2026/09/08 06:27:15.849, 0, Tesla V100-SXM2-32GB, 6, 509, 32768, 54.93, 33
2026/09/08 06:27:17.928, 0, Tesla V100-SXM2-32GB, 6, 509, 32768, 55.42, 33
2026/09/08 06:27:19.983, 0, Tesla V100-SXM2-32GB, 5, 509, 32768, 55.42, 33
2026/09/08 06:27:22.057, 0, Tesla V100-SXM2-32GB, 6, 509, 32768, 54.93, 33
2026/09/08 06:27:24.109, 0, Tesla V100-SXM2-32GB, 6, 509, 32768, 55.42, 33
2026/09/08 06:27:26.157, 0, Tesla V100-SXM2-32GB, 6, 509, 32768, 54.93, 33
2026/09/08 06:27:28.247, 0, Tesla V100-SXM2-32GB, 5, 887, 32768, 55.42, 33
2026/09/08 06:27:30.335, 0, Tesla V100-SXM2-32GB, 6, 879, 32768, 55.42, 33
2026/09/08 06:27:32.386, 0, Tesla V100-SXM2-32GB, 6, 879, 32768, 54.93, 33
2026/09/08 06:27:34.455, 0, Tesla V100-SXM2-32GB, 6, 2525, 32768, 65.75, 34
2026/09/08 06:27:36.524, 0, Tesla V100-SXM2-32GB, 34, 2525, 32768, 147.87, 35
2026/09/08 06:27:38.592, 0, Tesla V100-SXM2-32GB, 6, 2525, 32768, 65.75, 34
2026/09/08 06:27:40.679, 0, Tesla V100-SXM2-32GB, 54, 2525, 32768, 107.55, 36
2026/09/08 06:27:42.768, 0, Tesla V100-SXM2-32GB, 6, 2525, 32768, 66.24, 34
2026/09/08 06:27:44.822, 0, Tesla V100-SXM2-32GB, 70, 2525, 32768, 66.24, 35
2026/09/08 06:27:46.892, 0, Tesla V100-SXM2-32GB, 6, 2525, 32768, 66.24, 34
2026/09/08 06:27:48.959, 0, Tesla V100-SXM2-32GB, 6, 2525, 32768, 65.75, 34
2026/09/08 06:27:51.028, 0, Tesla V100-SXM2-32GB, 6, 2525, 32768, 65.75, 34
2026/09/08 06:27:53.101, 0, Tesla V100-SXM2-32GB, 6, 2525, 32768, 66.24, 35
2026/09/08 06:27:55.155, 0, Tesla V100-SXM2-32GB, 6, 2525, 32768, 65.75, 34
2026/09/08 06:27:57.244, 0, Tesla V100-SXM2-32GB, 6, 2525, 32768, 65.75, 35
2026/09/08 06:27:59.336, 0, Tesla V100-SXM2-32GB, 53, 2525, 32768, 66.24, 35
2026/09/08 06:28:01.385, 0, Tesla V100-SXM2-32GB, 6, 2525, 32768, 65.75, 35
2026/09/08 06:28:03.434, 0, Tesla V100-SXM2-32GB, 22, 2525, 32768, 66.24, 35
2026/09/08 06:28:05.486, 0, Tesla V100-SXM2-32GB, 6, 2525, 32768, 66.24, 35
2026/09/08 06:28:07.577, 0, Tesla V100-SXM2-32GB, 82, 2525, 32768, 124.31, 37
2026/09/08 06:28:09.626, 0, Tesla V100-SXM2-32GB, 6, 2525, 32768, 66.24, 35
2026/09/08 06:28:11.720, 0, Tesla V100-SXM2-32GB, 54, 2525, 32768, 66.24, 36
2026/09/08 06:28:13.774, 0, Tesla V100-SXM2-32GB, 6, 2525, 32768, 66.24, 35
2026/09/08 06:28:15.864, 0, Tesla V100-SXM2-32GB, 6, 2525, 32768, 89.38, 35
2026/09/08 06:28:17.956, 0, Tesla V100-SXM2-32GB, 6, 2525, 32768, 66.24, 35
2026/09/08 06:28:20.009, 0, Tesla V100-SXM2-32GB, 60, 2525, 32768, 126.28, 36
2026/09/08 06:28:22.057, 0, Tesla V100-SXM2-32GB, 6, 2525, 32768, 66.24, 35
2026/09/08 06:28:24.109, 0, Tesla V100-SXM2-32GB, 7, 2525, 32768, 67.23, 36
2026/09/08 06:28:26.163, 0, Tesla V100-SXM2-32GB, 6, 2525, 32768, 66.24, 35
2026/09/08 06:28:28.198, 0, Tesla V100-SXM2-32GB, 6, 2525, 32768, 67.23, 35
2026/09/08 06:28:30.250, 0, Tesla V100-SXM2-32GB, 6, 2525, 32768, 66.24, 35
2026/09/08 06:28:32.302, 0, Tesla V100-SXM2-32GB, 6, 2525, 32768, 146.88, 36
2026/09/08 06:28:34.372, 0, Tesla V100-SXM2-32GB, 6, 2525, 32768, 66.24, 35
2026/09/08 06:28:36.464, 0, Tesla V100-SXM2-32GB, 6, 2525, 32768, 66.24, 35
2026/09/08 06:28:38.556, 0, Tesla V100-SXM2-32GB, 80, 2525, 32768, 87.90, 38
2026/09/08 06:28:40.647, 0, Tesla V100-SXM2-32GB, 6, 2525, 32768, 66.24, 35
2026/09/08 06:28:42.715, 0, Tesla V100-SXM2-32GB, 7, 2525, 32768, 132.60, 36
2026/09/08 06:28:44.784, 0, Tesla V100-SXM2-32GB, 6, 2525, 32768, 66.24, 36
2026/09/08 06:28:46.834, 0, Tesla V100-SXM2-32GB, 28, 2525, 32768, 66.74, 36
2026/09/08 06:28:48.924, 0, Tesla V100-SXM2-32GB, 6, 2525, 32768, 66.24, 35
2026/09/08 06:28:51.009, 0, Tesla V100-SXM2-32GB, 6, 2525, 32768, 60.86, 35
2026/09/08 06:28:53.100, 0, Tesla V100-SXM2-32GB, 6, 2525, 32768, 66.24, 35
2026/09/08 06:28:55.168, 0, Tesla V100-SXM2-32GB, 6, 2525, 32768, 198.83, 37
2026/09/08 06:28:57.218, 0, Tesla V100-SXM2-32GB, 6, 2525, 32768, 66.24, 35
2026/09/08 06:28:59.269, 0, Tesla V100-SXM2-32GB, 63, 2525, 32768, 197.35, 37
2026/09/08 06:29:01.336, 0, Tesla V100-SXM2-32GB, 6, 2525, 32768, 66.24, 35
2026/09/08 06:29:03.409, 0, Tesla V100-SXM2-32GB, 62, 2525, 32768, 66.24, 36
2026/09/08 06:29:05.448, 0, Tesla V100-SXM2-32GB, 6, 2525, 32768, 66.24, 35
2026/09/08 06:29:07.521, 0, Tesla V100-SXM2-32GB, 59, 2525, 32768, 107.06, 37
2026/09/08 06:29:09.587, 0, Tesla V100-SXM2-32GB, 6, 2525, 32768, 66.24, 35
2026/09/08 06:29:11.653, 0, Tesla V100-SXM2-32GB, 33, 2525, 32768, 66.24, 36
2026/09/08 06:29:13.702, 0, Tesla V100-SXM2-32GB, 6, 2525, 32768, 66.24, 35
2026/09/08 06:29:15.754, 0, Tesla V100-SXM2-32GB, 6, 2525, 32768, 66.24, 36
2026/09/08 06:29:17.824, 0, Tesla V100-SXM2-32GB, 6, 2525, 32768, 85.93, 35
2026/09/08 06:29:19.875, 0, Tesla V100-SXM2-32GB, 6, 2525, 32768, 66.24, 36
2026/09/08 06:29:21.908, 0, Tesla V100-SXM2-32GB, 4, 2525, 32768, 66.24, 35
2026/09/08 06:29:23.977, 0, Tesla V100-SXM2-32GB, 6, 2525, 32768, 66.24, 36
2026/09/08 06:29:26.048, 0, Tesla V100-SXM2-32GB, 7, 2525, 32768, 74.14, 36
2026/09/08 06:29:28.140, 0, Tesla V100-SXM2-32GB, 6, 2525, 32768, 66.24, 36
2026/09/08 06:29:30.232, 0, Tesla V100-SXM2-32GB, 6, 2525, 32768, 151.31, 37
2026/09/08 06:29:32.282, 0, Tesla V100-SXM2-32GB, 4, 2525, 32768, 66.24, 35
2026/09/08 06:29:34.372, 0, Tesla V100-SXM2-32GB, 56, 2525, 32768, 66.74, 36
2026/09/08 06:29:36.426, 0, Tesla V100-SXM2-32GB, 6, 2525, 32768, 66.24, 36
2026/09/08 06:29:38.516, 0, Tesla V100-SXM2-32GB, 83, 2525, 32768, 88.89, 37
2026/09/08 06:29:40.603, 0, Tesla V100-SXM2-32GB, 6, 2525, 32768, 66.24, 35
2026/09/08 06:29:42.652, 0, Tesla V100-SXM2-32GB, 43, 2525, 32768, 66.24, 36
2026/09/08 06:29:44.739, 0, Tesla V100-SXM2-32GB, 6, 2525, 32768, 66.24, 35
2026/09/08 06:29:46.809, 0, Tesla V100-SXM2-32GB, 6, 2525, 32768, 66.24, 36
2026/09/08 06:29:48.880, 0, Tesla V100-SXM2-32GB, 52, 2525, 32768, 75.13, 36
2026/09/08 06:29:50.948, 0, Tesla V100-SXM2-32GB, 6, 2525, 32768, 66.24, 36
2026/09/08 06:29:53.015, 0, Tesla V100-SXM2-32GB, 25, 2525, 32768, 66.24, 36
2026/09/08 06:29:55.065, 0, Tesla V100-SXM2-32GB, 5, 2525, 32768, 66.24, 36
2026/09/08 06:29:57.154, 0, Tesla V100-SXM2-32GB, 61, 2525, 32768, 73.65, 37
2026/09/08 06:29:59.220, 0, Tesla V100-SXM2-32GB, 6, 2525, 32768, 66.24, 35
2026/09/08 06:30:01.294, 0, Tesla V100-SXM2-32GB, 55, 2525, 32768, 66.24, 36
2026/09/08 06:30:03.380, 0, Tesla V100-SXM2-32GB, 19, 2525, 32768, 90.86, 36
2026/09/08 06:30:05.468, 0, Tesla V100-SXM2-32GB, 6, 2525, 32768, 66.24, 36
2026/09/08 06:30:07.520, 0, Tesla V100-SXM2-32GB, 56, 2525, 32768, 101.71, 37
2026/09/08 06:30:09.587, 0, Tesla V100-SXM2-32GB, 6, 2525, 32768, 67.23, 36
2026/09/08 06:30:11.655, 0, Tesla V100-SXM2-32GB, 6, 2525, 32768, 66.24, 36
2026/09/08 06:30:13.706, 0, Tesla V100-SXM2-32GB, 6, 2525, 32768, 66.24, 35
2026/09/08 06:30:15.756, 0, Tesla V100-SXM2-32GB, 6, 2525, 32768, 66.74, 36
2026/09/08 06:30:17.810, 0, Tesla V100-SXM2-32GB, 6, 2525, 32768, 66.24, 36
2026/09/08 06:30:19.880, 0, Tesla V100-SXM2-32GB, 7, 2525, 32768, 66.24, 36
2026/09/08 06:30:21.934, 0, Tesla V100-SXM2-32GB, 6, 2525, 32768, 55.92, 35
2026/09/08 06:30:23.986, 0, Tesla V100-SXM2-32GB, 6, 2525, 32768, 66.74, 36
2026/09/08 06:30:26.038, 0, Tesla V100-SXM2-32GB, 6, 2525, 32768, 66.24, 35
2026/09/08 06:30:28.090, 0, Tesla V100-SXM2-32GB, 6, 2525, 32768, 66.24, 36
2026/09/08 06:30:30.180, 0, Tesla V100-SXM2-32GB, 6, 2525, 32768, 66.74, 35
2026/09/08 06:30:32.249, 0, Tesla V100-SXM2-32GB, 4, 2525, 32768, 66.24, 36
2026/09/08 06:30:34.340, 0, Tesla V100-SXM2-32GB, 28, 2525, 32768, 66.24, 36
2026/09/08 06:30:36.428, 0, Tesla V100-SXM2-32GB, 6, 2525, 32768, 66.74, 36
2026/09/08 06:30:38.496, 0, Tesla V100-SXM2-32GB, 5, 2525, 32768, 66.74, 36
2026/09/08 06:30:40.553, 0, Tesla V100-SXM2-32GB, 6, 2525, 32768, 66.24, 36
2026/09/08 06:30:42.656, 0, Tesla V100-SXM2-32GB, 5, 2525, 32768, 66.24, 36
2026/09/08 06:30:44.744, 0, Tesla V100-SXM2-32GB, 6, 2525, 32768, 66.24, 36
2026/09/08 06:30:46.798, 0, Tesla V100-SXM2-32GB, 6, 2525, 32768, 66.24, 36
2026/09/08 06:30:48.867, 0, Tesla V100-SXM2-32GB, 6, 2525, 32768, 66.24, 36
2026/09/08 06:30:50.936, 0, Tesla V100-SXM2-32GB, 73, 2525, 32768, 144.91, 37
2026/09/08 06:30:53.008, 0, Tesla V100-SXM2-32GB, 6, 2525, 32768, 66.24, 36
2026/09/08 06:30:55.076, 0, Tesla V100-SXM2-32GB, 6, 2525, 32768, 66.24, 36
2026/09/08 06:30:57.162, 0, Tesla V100-SXM2-32GB, 6, 2525, 32768, 66.24, 36
2026/09/08 06:30:59.214, 0, Tesla V100-SXM2-32GB, 6, 2525, 32768, 66.24, 36
2026/09/08 06:31:01.304, 0, Tesla V100-SXM2-32GB, 6, 2525, 32768, 66.24, 36
2026/09/08 06:31:03.354, 0, Tesla V100-SXM2-32GB, 22, 2525, 32768, 137.03, 36
2026/09/08 06:31:05.387, 0, Tesla V100-SXM2-32GB, 100, 3309, 32768, 176.32, 38
2026/09/08 06:31:07.456, 0, Tesla V100-SXM2-32GB, 100, 3309, 32768, 196.37, 40
2026/09/08 06:31:09.553, 0, Tesla V100-SXM2-32GB, 100, 3309, 32768, 196.86, 41
2026/09/08 06:31:11.602, 0, Tesla V100-SXM2-32GB, 100, 3309, 32768, 185.55, 41
2026/09/08 06:31:13.693, 0, Tesla V100-SXM2-32GB, 100, 3309, 32768, 176.20, 41
2026/09/08 06:31:15.788, 0, Tesla V100-SXM2-32GB, 85, 3309, 32768, 68.22, 40
2026/09/08 06:31:17.856, 0, Tesla V100-SXM2-32GB, 70, 3309, 32768, 68.22, 40
2026/09/08 06:31:19.928, 0, Tesla V100-SXM2-32GB, 38, 3309, 32768, 109.03, 40
2026/09/08 06:31:21.995, 0, Tesla V100-SXM2-32GB, 20, 3309, 32768, 187.14, 42
2026/09/08 06:31:24.047, 0, Tesla V100-SXM2-32GB, 74, 3309, 32768, 199.32, 42
2026/09/08 06:31:26.079, 0, Tesla V100-SXM2-32GB, 84, 3309, 32768, 192.92, 43
2026/09/08 06:31:28.144, 0, Tesla V100-SXM2-32GB, 100, 3309, 32768, 197.71, 43
2026/09/08 06:31:30.194, 0, Tesla V100-SXM2-32GB, 100, 3309, 32768, 210.99, 43
2026/09/08 06:31:32.295, 0, Tesla V100-SXM2-32GB, 100, 3309, 32768, 68.71, 42
2026/09/08 06:31:34.397, 0, Tesla V100-SXM2-32GB, 13, 3309, 32768, 68.22, 42
2026/09/08 06:31:36.488, 0, Tesla V100-SXM2-32GB, 24, 3309, 32768, 158.11, 42
2026/09/08 06:31:38.539, 0, Tesla V100-SXM2-32GB, 13, 3309, 32768, 173.36, 43
2026/09/08 06:31:40.594, 0, Tesla V100-SXM2-32GB, 87, 3309, 32768, 174.84, 44
2026/09/08 06:31:42.664, 0, Tesla V100-SXM2-32GB, 100, 3309, 32768, 181.73, 44
2026/09/08 06:31:44.752, 0, Tesla V100-SXM2-32GB, 100, 3309, 32768, 185.05, 45
2026/09/08 06:31:46.802, 0, Tesla V100-SXM2-32GB, 6, 3309, 32768, 67.72, 41
2026/09/08 06:31:48.892, 0, Tesla V100-SXM2-32GB, 6, 3309, 32768, 56.91, 39
2026/09/08 06:31:50.942, 0, Tesla V100-SXM2-32GB, 6, 3309, 32768, 67.72, 40
2026/09/08 06:31:52.991, 0, Tesla V100-SXM2-32GB, 6, 3309, 32768, 67.72, 39
2026/09/08 06:31:55.076, 0, Tesla V100-SXM2-32GB, 5, 3309, 32768, 67.72, 39
2026/09/08 06:31:57.163, 0, Tesla V100-SXM2-32GB, 6, 3309, 32768, 67.23, 39
2026/09/08 06:31:59.209, 0, Tesla V100-SXM2-32GB, 6, 3309, 32768, 67.23, 39
2026/09/08 06:32:01.280, 0, Tesla V100-SXM2-32GB, 33, 3309, 32768, 160.07, 40
2026/09/08 06:32:03.372, 0, Tesla V100-SXM2-32GB, 6, 3309, 32768, 67.23, 39
2026/09/08 06:32:05.422, 0, Tesla V100-SXM2-32GB, 75, 3309, 32768, 67.72, 40
2026/09/08 06:32:07.508, 0, Tesla V100-SXM2-32GB, 6, 3309, 32768, 67.23, 39
2026/09/08 06:32:09.595, 0, Tesla V100-SXM2-32GB, 71, 3309, 32768, 156.63, 40
2026/09/08 06:32:11.645, 0, Tesla V100-SXM2-32GB, 6, 3309, 32768, 67.23, 38
2026/09/08 06:32:13.711, 0, Tesla V100-SXM2-32GB, 6, 3309, 32768, 67.23, 39
2026/09/08 06:32:15.795, 0, Tesla V100-SXM2-32GB, 6, 3309, 32768, 67.23, 38
2026/09/08 06:32:17.883, 0, Tesla V100-SXM2-32GB, 6, 3309, 32768, 67.23, 38
2026/09/08 06:32:19.951, 0, Tesla V100-SXM2-32GB, 6, 3309, 32768, 67.23, 38
2026/09/08 06:32:22.001, 0, Tesla V100-SXM2-32GB, 6, 3309, 32768, 67.23, 38
2026/09/08 06:32:24.049, 0, Tesla V100-SXM2-32GB, 7, 3309, 32768, 145.90, 39
2026/09/08 06:32:26.096, 0, Tesla V100-SXM2-32GB, 6, 3309, 32768, 67.23, 38
2026/09/08 06:32:28.149, 0, Tesla V100-SXM2-32GB, 7, 3309, 32768, 67.23, 39
2026/09/08 06:32:30.201, 0, Tesla V100-SXM2-32GB, 6, 3309, 32768, 67.23, 38
2026/09/08 06:32:32.249, 0, Tesla V100-SXM2-32GB, 6, 3309, 32768, 66.74, 38
2026/09/08 06:32:34.317, 0, Tesla V100-SXM2-32GB, 6, 3309, 32768, 67.72, 38
2026/09/08 06:32:36.387, 0, Tesla V100-SXM2-32GB, 6, 3309, 32768, 55.92, 37
2026/09/08 06:32:38.476, 0, Tesla V100-SXM2-32GB, 6, 3309, 32768, 67.23, 38
2026/09/08 06:32:40.524, 0, Tesla V100-SXM2-32GB, 6, 3309, 32768, 67.23, 38
2026/09/08 06:32:42.572, 0, Tesla V100-SXM2-32GB, 6, 3309, 32768, 67.23, 38
2026/09/08 06:32:44.619, 0, Tesla V100-SXM2-32GB, 6, 3309, 32768, 67.23, 38
2026/09/08 06:32:46.687, 0, Tesla V100-SXM2-32GB, 6, 3309, 32768, 66.74, 38
2026/09/08 06:32:48.738, 0, Tesla V100-SXM2-32GB, 53, 3309, 32768, 94.31, 39
2026/09/08 06:32:50.807, 0, Tesla V100-SXM2-32GB, 6, 3309, 32768, 67.23, 38
2026/09/08 06:32:52.896, 0, Tesla V100-SXM2-32GB, 6, 3309, 32768, 67.23, 38
2026/09/08 06:32:54.988, 0, Tesla V100-SXM2-32GB, 63, 3309, 32768, 130.22, 40
2026/09/08 06:32:57.060, 0, Tesla V100-SXM2-32GB, 6, 3309, 32768, 66.74, 38
2026/09/08 06:32:59.129, 0, Tesla V100-SXM2-32GB, 11, 3309, 32768, 67.23, 38
2026/09/08 06:33:01.220, 0, Tesla V100-SXM2-32GB, 6, 3309, 32768, 66.74, 38
2026/09/08 06:33:03.270, 0, Tesla V100-SXM2-32GB, 6, 3309, 32768, 66.74, 38
2026/09/08 06:33:05.319, 0, Tesla V100-SXM2-32GB, 6, 3309, 32768, 66.74, 38
2026/09/08 06:33:07.408, 0, Tesla V100-SXM2-32GB, 6, 3309, 32768, 66.74, 38
2026/09/08 06:33:09.480, 0, Tesla V100-SXM2-32GB, 6, 3309, 32768, 66.74, 38
2026/09/08 06:33:11.571, 0, Tesla V100-SXM2-32GB, 6, 3309, 32768, 66.74, 38
2026/09/08 06:33:13.622, 0, Tesla V100-SXM2-32GB, 5, 3309, 32768, 67.28, 38
2026/09/08 06:33:15.692, 0, Tesla V100-SXM2-32GB, 49, 3309, 32768, 77.10, 38
2026/09/08 06:33:17.760, 0, Tesla V100-SXM2-32GB, 6, 3309, 32768, 67.23, 38
2026/09/08 06:33:19.832, 0, Tesla V100-SXM2-32GB, 65, 3309, 32768, 176.32, 40
2026/09/08 06:33:21.900, 0, Tesla V100-SXM2-32GB, 6, 3309, 32768, 67.23, 38
2026/09/08 06:33:23.968, 0, Tesla V100-SXM2-32GB, 86, 3309, 32768, 183.09, 39
2026/09/08 06:33:26.019, 0, Tesla V100-SXM2-32GB, 5, 3309, 32768, 66.74, 38
2026/09/08 06:33:28.051, 0, Tesla V100-SXM2-32GB, 82, 3309, 32768, 169.92, 39
2026/09/08 06:33:30.124, 0, Tesla V100-SXM2-32GB, 7, 3309, 32768, 67.23, 38
2026/09/08 06:33:32.177, 0, Tesla V100-SXM2-32GB, 6, 3309, 32768, 66.74, 38
2026/09/08 06:33:34.264, 0, Tesla V100-SXM2-32GB, 7, 3309, 32768, 66.74, 37
2026/09/08 06:33:36.314, 0, Tesla V100-SXM2-32GB, 6, 3433, 32768, 67.23, 38
2026/09/08 06:33:38.383, 0, Tesla V100-SXM2-32GB, 6, 3432, 32768, 66.74, 37
2026/09/08 06:33:40.434, 0, Tesla V100-SXM2-32GB, 22, 3432, 32768, 67.23, 38
2026/09/08 06:33:42.486, 0, Tesla V100-SXM2-32GB, 6, 3432, 32768, 66.74, 37
2026/09/08 06:33:44.575, 0, Tesla V100-SXM2-32GB, 4, 3309, 32768, 67.23, 38
2026/09/08 06:33:46.626, 0, Tesla V100-SXM2-32GB, 6, 3309, 32768, 67.23, 37
2026/09/08 06:33:48.677, 0, Tesla V100-SXM2-32GB, 8, 3309, 32768, 67.23, 38
2026/09/08 06:33:50.730, 0, Tesla V100-SXM2-32GB, 55, 3309, 32768, 67.23, 38
2026/09/08 06:33:52.781, 0, Tesla V100-SXM2-32GB, 6, 3309, 32768, 66.74, 38
2026/09/08 06:33:54.853, 0, Tesla V100-SXM2-32GB, 6, 3309, 32768, 66.74, 37
2026/09/08 06:33:56.944, 0, Tesla V100-SXM2-32GB, 7, 3309, 32768, 66.74, 38
2026/09/08 06:33:59.041, 0, Tesla V100-SXM2-32GB, 55, 3309, 32768, 66.74, 38
2026/09/08 06:34:01.132, 0, Tesla V100-SXM2-32GB, 6, 3309, 32768, 67.23, 38
2026/09/08 06:34:03.186, 0, Tesla V100-SXM2-32GB, 6, 3309, 32768, 123.74, 38
2026/09/08 06:34:05.239, 0, Tesla V100-SXM2-32GB, 7, 3309, 32768, 66.74, 38
2026/09/08 06:34:07.296, 0, Tesla V100-SXM2-32GB, 54, 3309, 32768, 67.28, 39
2026/09/08 06:34:09.384, 0, Tesla V100-SXM2-32GB, 6, 3309, 32768, 66.74, 38
2026/09/08 06:34:11.433, 0, Tesla V100-SXM2-32GB, 6, 3309, 32768, 67.23, 38
2026/09/08 06:34:13.485, 0, Tesla V100-SXM2-32GB, 6, 3309, 32768, 66.74, 37
2026/09/08 06:34:15.576, 0, Tesla V100-SXM2-32GB, 6, 3309, 32768, 66.74, 38
2026/09/08 06:34:17.663, 0, Tesla V100-SXM2-32GB, 9, 3309, 32768, 136.63, 38
2026/09/08 06:34:19.714, 0, Tesla V100-SXM2-32GB, 76, 3309, 32768, 118.39, 40
2026/09/08 06:34:21.799, 0, Tesla V100-SXM2-32GB, 6, 3309, 32768, 67.23, 38
2026/09/08 06:34:23.868, 0, Tesla V100-SXM2-32GB, 6, 3309, 32768, 67.23, 38
2026/09/08 06:34:25.918, 0, Tesla V100-SXM2-32GB, 6, 3309, 32768, 67.72, 38
2026/09/08 06:34:27.970, 0, Tesla V100-SXM2-32GB, 6, 3309, 32768, 66.74, 38
2026/09/08 06:34:30.022, 0, Tesla V100-SXM2-32GB, 6, 3309, 32768, 66.74, 38
2026/09/08 06:34:32.112, 0, Tesla V100-SXM2-32GB, 6, 3309, 32768, 66.78, 38
2026/09/08 06:34:34.165, 0, Tesla V100-SXM2-32GB, 6, 3309, 32768, 66.78, 38
2026/09/08 06:34:36.232, 0, Tesla V100-SXM2-32GB, 74, 3309, 32768, 141.46, 39
2026/09/08 06:34:38.320, 0, Tesla V100-SXM2-32GB, 6, 3309, 32768, 66.74, 38
2026/09/08 06:34:40.408, 0, Tesla V100-SXM2-32GB, 6, 3309, 32768, 67.23, 38
2026/09/08 06:34:42.462, 0, Tesla V100-SXM2-32GB, 6, 3309, 32768, 67.23, 38
2026/09/08 06:34:44.531, 0, Tesla V100-SXM2-32GB, 77, 3309, 32768, 142.94, 39
2026/09/08 06:34:46.599, 0, Tesla V100-SXM2-32GB, 6, 3309, 32768, 67.23, 38
2026/09/08 06:34:48.685, 0, Tesla V100-SXM2-32GB, 6, 3309, 32768, 67.23, 38
2026/09/08 06:34:50.776, 0, Tesla V100-SXM2-32GB, 6, 3309, 32768, 66.74, 38
2026/09/08 06:34:52.825, 0, Tesla V100-SXM2-32GB, 7, 3309, 32768, 67.28, 38
2026/09/08 06:34:54.917, 0, Tesla V100-SXM2-32GB, 6, 3309, 32768, 66.74, 38
2026/09/08 06:34:56.988, 0, Tesla V100-SXM2-32GB, 6, 3309, 32768, 67.23, 38
2026/09/08 06:34:59.074, 0, Tesla V100-SXM2-32GB, 4, 3309, 32768, 66.74, 37
2026/09/08 06:35:01.124, 0, Tesla V100-SXM2-32GB, 5, 3313, 32768, 66.74, 38
2026/09/08 06:35:03.176, 0, Tesla V100-SXM2-32GB, 6, 3313, 32768, 66.74, 37
2026/09/08 06:35:05.228, 0, Tesla V100-SXM2-32GB, 6, 3309, 32768, 67.23, 38
2026/09/08 06:35:07.300, 0, Tesla V100-SXM2-32GB, 6, 3309, 32768, 66.74, 37
2026/09/08 06:35:09.386, 0, Tesla V100-SXM2-32GB, 8, 3309, 32768, 67.77, 38
2026/09/08 06:35:11.452, 0, Tesla V100-SXM2-32GB, 55, 3309, 32768, 96.28, 38
2026/09/08 06:35:13.499, 0, Tesla V100-SXM2-32GB, 8, 3309, 32768, 67.28, 37
2026/09/08 06:35:15.572, 0, Tesla V100-SXM2-32GB, 8, 3309, 32768, 67.28, 37
2026/09/08 06:35:17.659, 0, Tesla V100-SXM2-32GB, 9, 3309, 32768, 67.23, 38
2026/09/08 06:35:19.728, 0, Tesla V100-SXM2-32GB, 66, 3309, 32768, 71.18, 39
2026/09/08 06:35:21.778, 0, Tesla V100-SXM2-32GB, 7, 3309, 32768, 66.74, 38
2026/09/08 06:35:23.831, 0, Tesla V100-SXM2-32GB, 77, 3309, 32768, 178.78, 41
2026/09/08 06:35:25.884, 0, Tesla V100-SXM2-32GB, 86, 3309, 32768, 198.46, 42
2026/09/08 06:35:27.934, 0, Tesla V100-SXM2-32GB, 46, 3309, 32768, 170.90, 42
2026/09/08 06:35:29.983, 0, Tesla V100-SXM2-32GB, 100, 3309, 32768, 190.10, 42
2026/09/08 06:35:32.035, 0, Tesla V100-SXM2-32GB, 100, 3309, 32768, 173.36, 43
2026/09/08 06:35:34.104, 0, Tesla V100-SXM2-32GB, 100, 3309, 32768, 213.58, 43
2026/09/08 06:35:36.158, 0, Tesla V100-SXM2-32GB, 100, 3309, 32768, 194.40, 44
2026/09/08 06:35:38.210, 0, Tesla V100-SXM2-32GB, 100, 3309, 32768, 192.43, 44
2026/09/08 06:35:40.300, 0, Tesla V100-SXM2-32GB, 100, 3309, 32768, 93.32, 44
2026/09/08 06:35:42.393, 0, Tesla V100-SXM2-32GB, 43, 3309, 32768, 68.71, 43
2026/09/08 06:35:44.484, 0, Tesla V100-SXM2-32GB, 13, 3309, 32768, 192.43, 44
2026/09/08 06:35:46.539, 0, Tesla V100-SXM2-32GB, 20, 3309, 32768, 175.33, 44
2026/09/08 06:35:48.636, 0, Tesla V100-SXM2-32GB, 100, 3309, 32768, 200.30, 45
2026/09/08 06:35:50.708, 0, Tesla V100-SXM2-32GB, 100, 3309, 32768, 176.81, 45
2026/09/08 06:35:52.758, 0, Tesla V100-SXM2-32GB, 100, 3309, 32768, 193.91, 45
2026/09/08 06:35:54.829, 0, Tesla V100-SXM2-32GB, 79, 3309, 32768, 70.68, 44
2026/09/08 06:35:56.924, 0, Tesla V100-SXM2-32GB, 83, 3309, 32768, 70.68, 44
2026/09/08 06:35:58.974, 0, Tesla V100-SXM2-32GB, 63, 3309, 32768, 153.28, 43
2026/09/08 06:36:01.064, 0, Tesla V100-SXM2-32GB, 59, 3309, 32768, 192.92, 45
2026/09/08 06:36:03.119, 0, Tesla V100-SXM2-32GB, 6, 3309, 32768, 68.26, 42
2026/09/08 06:36:05.212, 0, Tesla V100-SXM2-32GB, 6, 3309, 32768, 57.40, 41
2026/09/08 06:36:07.280, 0, Tesla V100-SXM2-32GB, 66, 3309, 32768, 79.57, 42
2026/09/08 06:36:09.371, 0, Tesla V100-SXM2-32GB, 6, 3309, 32768, 67.72, 41
2026/09/08 06:36:11.440, 0, Tesla V100-SXM2-32GB, 6, 3309, 32768, 67.72, 41
2026/09/08 06:36:13.495, 0, Tesla V100-SXM2-32GB, 6, 3309, 32768, 67.72, 40
2026/09/08 06:36:15.553, 0, Tesla V100-SXM2-32GB, 6, 3309, 32768, 67.72, 40
2026/09/08 06:36:17.625, 0, Tesla V100-SXM2-32GB, 21, 3309, 32768, 67.72, 40
2026/09/08 06:36:19.713, 0, Tesla V100-SXM2-32GB, 6, 3309, 32768, 67.77, 40
2026/09/08 06:36:21.804, 0, Tesla V100-SXM2-32GB, 6, 3309, 32768, 67.77, 39
2026/09/08 06:36:23.876, 0, Tesla V100-SXM2-32GB, 6, 3309, 32768, 67.23, 40
2026/09/08 06:36:25.930, 0, Tesla V100-SXM2-32GB, 6, 3309, 32768, 67.23, 39
2026/09/08 06:36:27.986, 0, Tesla V100-SXM2-32GB, 6, 3309, 32768, 67.23, 39
2026/09/08 06:36:30.076, 0, Tesla V100-SXM2-32GB, 6, 3309, 32768, 67.28, 39
2026/09/08 06:36:32.130, 0, Tesla V100-SXM2-32GB, 6, 3309, 32768, 67.23, 39
2026/09/08 06:36:34.224, 0, Tesla V100-SXM2-32GB, 74, 3309, 32768, 91.35, 41
2026/09/08 06:36:36.317, 0, Tesla V100-SXM2-32GB, 6, 3309, 32768, 67.28, 39
2026/09/08 06:36:38.371, 0, Tesla V100-SXM2-32GB, 82, 3309, 32768, 68.71, 40
2026/09/08 06:36:40.431, 0, Tesla V100-SXM2-32GB, 5, 3309, 32768, 67.23, 38
2026/09/08 06:36:42.504, 0, Tesla V100-SXM2-32GB, 5, 3309, 32768, 67.23, 38
2026/09/08 06:36:44.554, 0, Tesla V100-SXM2-32GB, 6, 3309, 32768, 67.28, 38
2026/09/08 06:36:46.624, 0, Tesla V100-SXM2-32GB, 37, 3309, 32768, 185.05, 40
2026/09/08 06:36:48.696, 0, Tesla V100-SXM2-32GB, 6, 3309, 32768, 67.23, 38
2026/09/08 06:36:50.788, 0, Tesla V100-SXM2-32GB, 80, 3309, 32768, 111.00, 39
2026/09/08 06:36:52.837, 0, Tesla V100-SXM2-32GB, 6, 3309, 32768, 67.23, 38
2026/09/08 06:36:54.908, 0, Tesla V100-SXM2-32GB, 75, 3309, 32768, 168.44, 40
2026/09/08 06:36:56.962, 0, Tesla V100-SXM2-32GB, 6, 3309, 32768, 67.28, 38
2026/09/08 06:36:58.999, 0, Tesla V100-SXM2-32GB, 80, 3309, 32768, 101.71, 40
2026/09/08 06:37:01.093, 0, Tesla V100-SXM2-32GB, 6, 3309, 32768, 67.23, 38
2026/09/08 06:37:03.127, 0, Tesla V100-SXM2-32GB, 6, 3309, 32768, 67.23, 38
2026/09/08 06:37:05.183, 0, Tesla V100-SXM2-32GB, 6, 3309, 32768, 66.74, 37
2026/09/08 06:37:07.252, 0, Tesla V100-SXM2-32GB, 6, 3309, 32768, 67.72, 38
2026/09/08 06:37:09.287, 0, Tesla V100-SXM2-32GB, 6, 3309, 32768, 67.23, 38
2026/09/08 06:37:11.361, 0, Tesla V100-SXM2-32GB, 57, 3309, 32768, 147.87, 38
2026/09/08 06:37:13.415, 0, Tesla V100-SXM2-32GB, 6, 3309, 32768, 67.23, 38
2026/09/08 06:37:15.509, 0, Tesla V100-SXM2-32GB, 6, 3309, 32768, 66.78, 37
2026/09/08 06:37:17.580, 0, Tesla V100-SXM2-32GB, 67, 3309, 32768, 195.88, 40
2026/09/08 06:37:19.631, 0, Tesla V100-SXM2-32GB, 6, 3309, 32768, 67.23, 37
2026/09/08 06:37:21.683, 0, Tesla V100-SXM2-32GB, 77, 3309, 32768, 76.61, 39
2026/09/08 06:37:23.777, 0, Tesla V100-SXM2-32GB, 6, 3309, 32768, 66.74, 37
2026/09/08 06:37:25.849, 0, Tesla V100-SXM2-32GB, 71, 3309, 32768, 133.09, 39
2026/09/08 06:37:27.902, 0, Tesla V100-SXM2-32GB, 6, 3309, 32768, 66.74, 37
2026/09/08 06:37:29.992, 0, Tesla V100-SXM2-32GB, 50, 3309, 32768, 67.23, 38
2026/09/08 06:37:32.061, 0, Tesla V100-SXM2-32GB, 6, 3309, 32768, 66.74, 37
2026/09/08 06:37:34.115, 0, Tesla V100-SXM2-32GB, 6, 3309, 32768, 67.23, 38
2026/09/08 06:37:36.204, 0, Tesla V100-SXM2-32GB, 6, 3309, 32768, 66.78, 37
2026/09/08 06:37:38.296, 0, Tesla V100-SXM2-32GB, 6, 3309, 32768, 66.74, 37
2026/09/08 06:37:40.388, 0, Tesla V100-SXM2-32GB, 6, 3309, 32768, 66.78, 37
2026/09/08 06:37:42.443, 0, Tesla V100-SXM2-32GB, 6, 3309, 32768, 66.74, 37
2026/09/08 06:37:44.532, 0, Tesla V100-SXM2-32GB, 6, 3309, 32768, 66.74, 37
2026/09/08 06:37:46.590, 0, Tesla V100-SXM2-32GB, 6, 3309, 32768, 66.74, 37
2026/09/08 06:37:48.665, 0, Tesla V100-SXM2-32GB, 83, 3309, 32768, 109.10, 38
2026/09/08 06:37:50.718, 0, Tesla V100-SXM2-32GB, 6, 3309, 32768, 66.74, 37
2026/09/08 06:37:52.809, 0, Tesla V100-SXM2-32GB, 76, 3309, 32768, 186.04, 39
2026/09/08 06:37:54.880, 0, Tesla V100-SXM2-32GB, 6, 3309, 32768, 66.74, 37
2026/09/08 06:37:56.972, 0, Tesla V100-SXM2-32GB, 85, 3309, 32768, 165.00, 39
2026/09/08 06:37:59.022, 0, Tesla V100-SXM2-32GB, 7, 3309, 32768, 67.23, 37
2026/09/08 06:38:01.093, 0, Tesla V100-SXM2-32GB, 6, 3309, 32768, 66.74, 37
2026/09/08 06:38:03.158, 0, Tesla V100-SXM2-32GB, 6, 3309, 32768, 66.74, 37
2026/09/08 06:38:05.209, 0, Tesla V100-SXM2-32GB, 6, 3309, 32768, 66.74, 37
2026/09/08 06:38:07.280, 0, Tesla V100-SXM2-32GB, 6, 3309, 32768, 66.74, 36
2026/09/08 06:38:09.372, 0, Tesla V100-SXM2-32GB, 6, 3309, 32768, 66.74, 37
2026/09/08 06:38:11.464, 0, Tesla V100-SXM2-32GB, 6, 3309, 32768, 66.74, 36
2026/09/08 06:38:13.513, 0, Tesla V100-SXM2-32GB, 6, 3309, 32768, 66.74, 37
2026/09/08 06:38:15.584, 0, Tesla V100-SXM2-32GB, 6, 3309, 32768, 66.74, 36
2026/09/08 06:38:17.638, 0, Tesla V100-SXM2-32GB, 6, 3309, 32768, 66.74, 37
2026/09/08 06:38:19.713, 0, Tesla V100-SXM2-32GB, 6, 3309, 32768, 66.74, 36
2026/09/08 06:38:21.766, 0, Tesla V100-SXM2-32GB, 6, 3309, 32768, 66.74, 36
2026/09/08 06:38:23.819, 0, Tesla V100-SXM2-32GB, 6, 3309, 32768, 64.31, 37
2026/09/08 06:38:25.888, 0, Tesla V100-SXM2-32GB, 6, 3309, 32768, 66.74, 36
2026/09/08 06:38:27.943, 0, Tesla V100-SXM2-32GB, 78, 3309, 32768, 175.22, 39
2026/09/08 06:38:30.012, 0, Tesla V100-SXM2-32GB, 6, 3309, 32768, 66.74, 36
2026/09/08 06:38:32.084, 0, Tesla V100-SXM2-32GB, 6, 3309, 32768, 66.74, 37
2026/09/08 06:38:34.172, 0, Tesla V100-SXM2-32GB, 6, 3309, 32768, 66.24, 36
2026/09/08 06:38:36.260, 0, Tesla V100-SXM2-32GB, 82, 3309, 32768, 137.61, 38
2026/09/08 06:38:38.314, 0, Tesla V100-SXM2-32GB, 6, 3309, 32768, 66.74, 37
2026/09/08 06:38:40.404, 0, Tesla V100-SXM2-32GB, 6, 3309, 32768, 66.74, 36
2026/09/08 06:38:42.496, 0, Tesla V100-SXM2-32GB, 6, 3309, 32768, 66.74, 37
2026/09/08 06:38:44.553, 0, Tesla V100-SXM2-32GB, 7, 3309, 32768, 66.74, 36
2026/09/08 06:38:46.623, 0, Tesla V100-SXM2-32GB, 6, 3309, 32768, 67.23, 36
2026/09/08 06:38:48.716, 0, Tesla V100-SXM2-32GB, 6, 3309, 32768, 66.24, 36
2026/09/08 06:38:50.784, 0, Tesla V100-SXM2-32GB, 6, 3309, 32768, 66.74, 36
2026/09/08 06:38:52.853, 0, Tesla V100-SXM2-32GB, 75, 3309, 32768, 89.87, 38
2026/09/08 06:38:54.911, 0, Tesla V100-SXM2-32GB, 6, 3309, 32768, 66.74, 36
2026/09/08 06:38:56.963, 0, Tesla V100-SXM2-32GB, 6, 3309, 32768, 161.66, 37
2026/09/08 06:38:59.036, 0, Tesla V100-SXM2-32GB, 5, 3309, 32768, 66.74, 36
2026/09/08 06:39:01.092, 0, Tesla V100-SXM2-32GB, 71, 3309, 32768, 86.42, 38
2026/09/08 06:39:03.184, 0, Tesla V100-SXM2-32GB, 6, 3309, 32768, 66.74, 36
2026/09/08 06:39:05.238, 0, Tesla V100-SXM2-32GB, 6, 3309, 32768, 66.74, 37
2026/09/08 06:39:07.329, 0, Tesla V100-SXM2-32GB, 6, 3309, 32768, 66.74, 36
2026/09/08 06:39:09.382, 0, Tesla V100-SXM2-32GB, 6, 3309, 32768, 66.74, 36
2026/09/08 06:39:11.435, 0, Tesla V100-SXM2-32GB, 6, 3309, 32768, 66.74, 36
2026/09/08 06:39:13.491, 0, Tesla V100-SXM2-32GB, 6, 3309, 32768, 66.74, 37
2026/09/08 06:39:15.580, 0, Tesla V100-SXM2-32GB, 6, 3309, 32768, 66.24, 36
2026/09/08 06:39:17.634, 0, Tesla V100-SXM2-32GB, 6, 3309, 32768, 66.74, 36
2026/09/08 06:39:19.670, 0, Tesla V100-SXM2-32GB, 6, 3309, 32768, 66.74, 36
2026/09/08 06:39:21.740, 0, Tesla V100-SXM2-32GB, 6, 3309, 32768, 66.74, 36
2026/09/08 06:39:23.794, 0, Tesla V100-SXM2-32GB, 16, 3309, 32768, 163.52, 38
2026/09/08 06:39:25.846, 0, Tesla V100-SXM2-32GB, 6, 3309, 32768, 66.24, 36
2026/09/08 06:39:27.940, 0, Tesla V100-SXM2-32GB, 55, 3309, 32768, 66.74, 37
2026/09/08 06:39:30.032, 0, Tesla V100-SXM2-32GB, 6, 3309, 32768, 66.74, 36
2026/09/08 06:39:32.125, 0, Tesla V100-SXM2-32GB, 6, 3309, 32768, 66.74, 37
2026/09/08 06:39:34.201, 0, Tesla V100-SXM2-32GB, 6, 3309, 32768, 66.74, 37
2026/09/08 06:39:36.250, 0, Tesla V100-SXM2-32GB, 6, 3309, 32768, 66.74, 37
2026/09/08 06:39:38.324, 0, Tesla V100-SXM2-32GB, 7, 3309, 32768, 192.92, 38
2026/09/08 06:39:40.396, 0, Tesla V100-SXM2-32GB, 58, 3309, 32768, 177.18, 41
2026/09/08 06:39:42.489, 0, Tesla V100-SXM2-32GB, 36, 3309, 32768, 182.71, 41
2026/09/08 06:39:44.579, 0, Tesla V100-SXM2-32GB, 100, 3309, 32768, 175.33, 42
2026/09/08 06:39:46.630, 0, Tesla V100-SXM2-32GB, 100, 3309, 32768, 201.65, 42
2026/09/08 06:39:48.683, 0, Tesla V100-SXM2-32GB, 100, 3309, 32768, 193.42, 43
2026/09/08 06:39:50.735, 0, Tesla V100-SXM2-32GB, 100, 3309, 32768, 118.89, 43
2026/09/08 06:39:52.774, 0, Tesla V100-SXM2-32GB, 86, 3309, 32768, 69.21, 42
2026/09/08 06:39:54.826, 0, Tesla V100-SXM2-32GB, 81, 3309, 32768, 68.71, 42
2026/09/08 06:39:56.879, 0, Tesla V100-SXM2-32GB, 73, 3309, 32768, 69.21, 42
2026/09/08 06:39:58.949, 0, Tesla V100-SXM2-32GB, 20, 3309, 32768, 181.61, 42
2026/09/08 06:40:01.003, 0, Tesla V100-SXM2-32GB, 30, 3309, 32768, 206.56, 43
2026/09/08 06:40:03.055, 0, Tesla V100-SXM2-32GB, 37, 3309, 32768, 195.38, 44
2026/09/08 06:40:05.111, 0, Tesla V100-SXM2-32GB, 46, 3309, 32768, 188.50, 44
2026/09/08 06:40:07.184, 0, Tesla V100-SXM2-32GB, 100, 3309, 32768, 187.51, 45
2026/09/08 06:40:09.218, 0, Tesla V100-SXM2-32GB, 100, 3309, 32768, 176.32, 45
2026/09/08 06:40:11.289, 0, Tesla V100-SXM2-32GB, 100, 3309, 32768, 185.05, 45
2026/09/08 06:40:13.361, 0, Tesla V100-SXM2-32GB, 100, 3309, 32768, 177.30, 46
2026/09/08 06:40:15.457, 0, Tesla V100-SXM2-32GB, 93, 3309, 32768, 69.70, 44
2026/09/08 06:40:17.510, 0, Tesla V100-SXM2-32GB, 93, 3309, 32768, 69.21, 44
2026/09/08 06:40:19.604, 0, Tesla V100-SXM2-32GB, 6, 3309, 32768, 68.26, 42
2026/09/08 06:40:21.676, 0, Tesla V100-SXM2-32GB, 6, 3309, 32768, 57.40, 41
2026/09/08 06:40:23.772, 0, Tesla V100-SXM2-32GB, 6, 3309, 32768, 68.22, 41
2026/09/08 06:40:25.864, 0, Tesla V100-SXM2-32GB, 6, 3309, 32768, 67.72, 41
2026/09/08 06:40:27.936, 0, Tesla V100-SXM2-32GB, 6, 3309, 32768, 67.72, 41
2026/09/08 06:40:30.008, 0, Tesla V100-SXM2-32GB, 6, 3309, 32768, 67.72, 40
2026/09/08 06:40:32.097, 0, Tesla V100-SXM2-32GB, 4, 3309, 32768, 67.72, 40
2026/09/08 06:40:34.151, 0, Tesla V100-SXM2-32GB, 6, 3309, 32768, 67.72, 40
2026/09/08 06:40:36.240, 0, Tesla V100-SXM2-32GB, 6, 3309, 32768, 67.72, 40
2026/09/08 06:40:38.317, 0, Tesla V100-SXM2-32GB, 5, 3309, 32768, 135.15, 41
2026/09/08 06:40:40.411, 0, Tesla V100-SXM2-32GB, 6, 3309, 32768, 67.77, 40
2026/09/08 06:40:42.481, 0, Tesla V100-SXM2-32GB, 6, 3309, 32768, 178.78, 41
2026/09/08 06:40:44.534, 0, Tesla V100-SXM2-32GB, 6, 3309, 32768, 67.72, 40
2026/09/08 06:40:46.595, 0, Tesla V100-SXM2-32GB, 6, 3309, 32768, 132.19, 39
2026/09/08 06:40:48.650, 0, Tesla V100-SXM2-32GB, 6, 3309, 32768, 67.72, 39
2026/09/08 06:40:50.713, 0, Tesla V100-SXM2-32GB, 63, 3309, 32768, 179.15, 41
2026/09/08 06:40:52.777, 0, Tesla V100-SXM2-32GB, 6, 3309, 32768, 67.23, 39
2026/09/08 06:40:54.868, 0, Tesla V100-SXM2-32GB, 35, 3309, 32768, 67.72, 40
2026/09/08 06:40:56.922, 0, Tesla V100-SXM2-32GB, 6, 3309, 32768, 67.72, 39
2026/09/08 06:40:58.975, 0, Tesla V100-SXM2-32GB, 6, 3309, 32768, 67.23, 39
2026/09/08 06:41:01.065, 0, Tesla V100-SXM2-32GB, 5, 3309, 32768, 67.23, 39
2026/09/08 06:41:03.152, 0, Tesla V100-SXM2-32GB, 63, 3309, 32768, 90.86, 40
2026/09/08 06:41:05.243, 0, Tesla V100-SXM2-32GB, 6, 3309, 32768, 67.72, 39
2026/09/08 06:41:07.321, 0, Tesla V100-SXM2-32GB, 55, 3309, 32768, 67.72, 40
2026/09/08 06:41:09.412, 0, Tesla V100-SXM2-32GB, 5, 3309, 32768, 67.23, 39
2026/09/08 06:41:11.501, 0, Tesla V100-SXM2-32GB, 67, 3309, 32768, 67.77, 40
2026/09/08 06:41:13.554, 0, Tesla V100-SXM2-32GB, 6, 3309, 32768, 67.77, 39
2026/09/08 06:41:15.645, 0, Tesla V100-SXM2-32GB, 84, 3309, 32768, 110.09, 41
2026/09/08 06:41:17.739, 0, Tesla V100-SXM2-32GB, 6, 3309, 32768, 67.23, 39
2026/09/08 06:41:19.809, 0, Tesla V100-SXM2-32GB, 56, 3309, 32768, 67.77, 39
2026/09/08 06:41:21.880, 0, Tesla V100-SXM2-32GB, 6, 3309, 32768, 67.23, 38
2026/09/08 06:41:23.977, 0, Tesla V100-SXM2-32GB, 6, 3309, 32768, 67.23, 39
2026/09/08 06:41:26.032, 0, Tesla V100-SXM2-32GB, 6, 3309, 32768, 67.28, 39
2026/09/08 06:41:28.109, 0, Tesla V100-SXM2-32GB, 6, 3309, 32768, 67.28, 38
2026/09/08 06:41:30.201, 0, Tesla V100-SXM2-32GB, 44, 3309, 32768, 67.72, 39
2026/09/08 06:41:32.292, 0, Tesla V100-SXM2-32GB, 5, 3309, 32768, 67.23, 39
2026/09/08 06:41:34.393, 0, Tesla V100-SXM2-32GB, 6, 3309, 32768, 67.77, 39
2026/09/08 06:41:36.484, 0, Tesla V100-SXM2-32GB, 6, 3309, 32768, 67.28, 39
2026/09/08 06:41:38.540, 0, Tesla V100-SXM2-32GB, 34, 3309, 32768, 69.21, 39
2026/09/08 06:41:40.598, 0, Tesla V100-SXM2-32GB, 6, 3309, 32768, 67.28, 39
2026/09/08 06:41:42.669, 0, Tesla V100-SXM2-32GB, 6, 3309, 32768, 140.48, 38
2026/09/08 06:41:44.760, 0, Tesla V100-SXM2-32GB, 6, 3309, 32768, 67.28, 39
2026/09/08 06:41:46.848, 0, Tesla V100-SXM2-32GB, 5, 3309, 32768, 67.28, 39
2026/09/08 06:41:48.902, 0, Tesla V100-SXM2-32GB, 6, 3309, 32768, 67.28, 38
2026/09/08 06:41:50.993, 0, Tesla V100-SXM2-32GB, 40, 3309, 32768, 67.23, 39
2026/09/08 06:41:53.087, 0, Tesla V100-SXM2-32GB, 3, 3309, 32768, 67.77, 38
2026/09/08 06:41:55.157, 0, Tesla V100-SXM2-32GB, 4, 3309, 32768, 141.46, 38
2026/09/08 06:41:57.249, 0, Tesla V100-SXM2-32GB, 3, 3309, 32768, 67.28, 38
2026/09/08 06:41:59.340, 0, Tesla V100-SXM2-32GB, 55, 3309, 32768, 67.23, 38
2026/09/08 06:42:01.432, 0, Tesla V100-SXM2-32GB, 6, 3309, 32768, 67.28, 38
2026/09/08 06:42:03.524, 0, Tesla V100-SXM2-32GB, 54, 3309, 32768, 67.28, 38
2026/09/08 06:42:05.616, 0, Tesla V100-SXM2-32GB, 6, 3309, 32768, 67.28, 38
2026/09/08 06:42:07.670, 0, Tesla V100-SXM2-32GB, 70, 3309, 32768, 67.28, 39
2026/09/08 06:42:09.760, 0, Tesla V100-SXM2-32GB, 6, 3309, 32768, 67.23, 38
2026/09/08 06:42:11.815, 0, Tesla V100-SXM2-32GB, 6, 3309, 32768, 67.72, 39
2026/09/08 06:42:13.908, 0, Tesla V100-SXM2-32GB, 6, 3309, 32768, 67.28, 38
2026/09/08 06:42:15.981, 0, Tesla V100-SXM2-32GB, 61, 3309, 32768, 177.79, 40
2026/09/08 06:42:18.015, 0, Tesla V100-SXM2-32GB, 6, 3309, 32768, 67.28, 38
2026/09/08 06:42:20.108, 0, Tesla V100-SXM2-32GB, 6, 3309, 32768, 67.28, 38
2026/09/08 06:42:22.200, 0, Tesla V100-SXM2-32GB, 6, 3309, 32768, 67.28, 38
2026/09/08 06:42:24.288, 0, Tesla V100-SXM2-32GB, 7, 3309, 32768, 67.28, 38
2026/09/08 06:42:26.360, 0, Tesla V100-SXM2-32GB, 6, 3309, 32768, 67.28, 38
2026/09/08 06:42:28.452, 0, Tesla V100-SXM2-32GB, 6, 3309, 32768, 67.28, 38
2026/09/08 06:42:30.550, 0, Tesla V100-SXM2-32GB, 6, 3309, 32768, 67.28, 38
2026/09/08 06:42:32.640, 0, Tesla V100-SXM2-32GB, 6, 3309, 32768, 67.28, 38
2026/09/08 06:42:34.712, 0, Tesla V100-SXM2-32GB, 6, 3309, 32768, 66.74, 38
2026/09/08 06:42:36.788, 0, Tesla V100-SXM2-32GB, 6, 3309, 32768, 67.28, 38
2026/09/08 06:42:38.881, 0, Tesla V100-SXM2-32GB, 6, 3309, 32768, 66.78, 38
2026/09/08 06:42:40.934, 0, Tesla V100-SXM2-32GB, 6, 3309, 32768, 66.78, 38
2026/09/08 06:42:43.030, 0, Tesla V100-SXM2-32GB, 6, 3309, 32768, 67.28, 38
2026/09/08 06:42:45.124, 0, Tesla V100-SXM2-32GB, 6, 3309, 32768, 67.28, 38
2026/09/08 06:42:47.212, 0, Tesla V100-SXM2-32GB, 21, 3309, 32768, 133.67, 39
2026/09/08 06:42:49.300, 0, Tesla V100-SXM2-32GB, 6, 3309, 32768, 67.28, 38
2026/09/08 06:42:51.392, 0, Tesla V100-SXM2-32GB, 6, 3309, 32768, 67.28, 38
2026/09/08 06:42:53.484, 0, Tesla V100-SXM2-32GB, 6, 3309, 32768, 67.28, 38
2026/09/08 06:42:55.576, 0, Tesla V100-SXM2-32GB, 6, 3309, 32768, 67.28, 38
2026/09/08 06:42:57.664, 0, Tesla V100-SXM2-32GB, 6, 3309, 32768, 67.28, 38
2026/09/08 06:42:59.717, 0, Tesla V100-SXM2-32GB, 6, 3309, 32768, 67.28, 38
2026/09/08 06:43:01.808, 0, Tesla V100-SXM2-32GB, 18, 3309, 32768, 67.28, 38
2026/09/08 06:43:03.900, 0, Tesla V100-SXM2-32GB, 6, 3309, 32768, 66.74, 38
2026/09/08 06:43:05.972, 0, Tesla V100-SXM2-32GB, 6, 3309, 32768, 66.78, 38
2026/09/08 06:43:08.065, 0, Tesla V100-SXM2-32GB, 5, 3309, 32768, 66.78, 38
2026/09/08 06:43:10.136, 0, Tesla V100-SXM2-32GB, 6, 3309, 32768, 66.78, 38
2026/09/08 06:43:12.208, 0, Tesla V100-SXM2-32GB, 6, 3309, 32768, 66.78, 37
2026/09/08 06:43:14.263, 0, Tesla V100-SXM2-32GB, 6, 3309, 32768, 66.78, 38
2026/09/08 06:43:16.314, 0, Tesla V100-SXM2-32GB, 6, 3309, 32768, 66.78, 37
2026/09/08 06:43:18.408, 0, Tesla V100-SXM2-32GB, 6, 3309, 32768, 66.78, 37
2026/09/08 06:43:20.481, 0, Tesla V100-SXM2-32GB, 6, 3309, 32768, 66.78, 37
2026/09/08 06:43:22.572, 0, Tesla V100-SXM2-32GB, 6, 3309, 32768, 66.78, 37
2026/09/08 06:43:24.665, 0, Tesla V100-SXM2-32GB, 31, 3309, 32768, 71.18, 38
2026/09/08 06:43:26.736, 0, Tesla V100-SXM2-32GB, 6, 3309, 32768, 66.78, 37
2026/09/08 06:43:28.829, 0, Tesla V100-SXM2-32GB, 54, 3309, 32768, 133.18, 38
2026/09/08 06:43:30.920, 0, Tesla V100-SXM2-32GB, 6, 3309, 32768, 66.78, 37
2026/09/08 06:43:33.013, 0, Tesla V100-SXM2-32GB, 41, 3309, 32768, 77.59, 39
2026/09/08 06:43:35.107, 0, Tesla V100-SXM2-32GB, 6, 3309, 32768, 66.78, 37
2026/09/08 06:43:37.200, 0, Tesla V100-SXM2-32GB, 6, 3309, 32768, 66.78, 37
2026/09/08 06:43:39.289, 0, Tesla V100-SXM2-32GB, 4, 3309, 32768, 66.78, 37
2026/09/08 06:43:41.380, 0, Tesla V100-SXM2-32GB, 6, 3309, 32768, 66.78, 37
2026/09/08 06:43:43.474, 0, Tesla V100-SXM2-32GB, 6, 3309, 32768, 66.78, 37
2026/09/08 06:43:45.568, 0, Tesla V100-SXM2-32GB, 6, 3309, 32768, 66.78, 37
2026/09/08 06:43:47.661, 0, Tesla V100-SXM2-32GB, 54, 3309, 32768, 147.38, 38
2026/09/08 06:43:49.732, 0, Tesla V100-SXM2-32GB, 5, 3309, 32768, 66.78, 37
2026/09/08 06:43:51.787, 0, Tesla V100-SXM2-32GB, 43, 3309, 32768, 99.24, 39
2026/09/08 06:43:53.842, 0, Tesla V100-SXM2-32GB, 6, 3309, 32768, 67.77, 37
2026/09/08 06:43:55.930, 0, Tesla V100-SXM2-32GB, 38, 3309, 32768, 66.78, 37
2026/09/08 06:43:58.021, 0, Tesla V100-SXM2-32GB, 6, 3309, 32768, 66.78, 37
2026/09/08 06:44:00.075, 0, Tesla V100-SXM2-32GB, 100, 3309, 32768, 196.86, 41
2026/09/08 06:44:02.173, 0, Tesla V100-SXM2-32GB, 90, 3309, 32768, 68.26, 40
2026/09/08 06:44:04.228, 0, Tesla V100-SXM2-32GB, 100, 3309, 32768, 76.61, 41
2026/09/08 06:44:06.296, 0, Tesla V100-SXM2-32GB, 100, 3309, 32768, 67.77, 41
2026/09/08 06:44:08.368, 0, Tesla V100-SXM2-32GB, 57, 3309, 32768, 68.22, 41
2026/09/08 06:44:10.460, 0, Tesla V100-SXM2-32GB, 51, 3309, 32768, 158.21, 41
2026/09/08 06:44:12.532, 0, Tesla V100-SXM2-32GB, 51, 3309, 32768, 200.79, 43
2026/09/08 06:44:14.633, 0, Tesla V100-SXM2-32GB, 55, 3309, 32768, 173.86, 43
2026/09/08 06:44:16.724, 0, Tesla V100-SXM2-32GB, 100, 3309, 32768, 194.89, 44
2026/09/08 06:44:18.775, 0, Tesla V100-SXM2-32GB, 100, 3309, 32768, 204.73, 44
2026/09/08 06:44:20.831, 0, Tesla V100-SXM2-32GB, 100, 3309, 32768, 133.18, 44
2026/09/08 06:44:22.884, 0, Tesla V100-SXM2-32GB, 72, 3309, 32768, 68.76, 43
2026/09/08 06:44:24.956, 0, Tesla V100-SXM2-32GB, 60, 3309, 32768, 69.21, 42
2026/09/08 06:44:27.011, 0, Tesla V100-SXM2-32GB, 47, 3309, 32768, 69.21, 42
2026/09/08 06:44:29.084, 0, Tesla V100-SXM2-32GB, 33, 3309, 32768, 175.82, 44
2026/09/08 06:44:31.138, 0, Tesla V100-SXM2-32GB, 48, 3309, 32768, 201.29, 44
2026/09/08 06:44:33.190, 0, Tesla V100-SXM2-32GB, 61, 3309, 32768, 180.25, 45
2026/09/08 06:44:35.242, 0, Tesla V100-SXM2-32GB, 100, 3309, 32768, 180.25, 45
2026/09/08 06:44:37.295, 0, Tesla V100-SXM2-32GB, 100, 3309, 32768, 205.22, 45
2026/09/08 06:44:39.365, 0, Tesla V100-SXM2-32GB, 6, 3309, 32768, 68.22, 41
2026/09/08 06:44:41.456, 0, Tesla V100-SXM2-32GB, 6, 3309, 32768, 57.40, 40
2026/09/08 06:44:43.510, 0, Tesla V100-SXM2-32GB, 56, 3309, 32768, 72.17, 42
2026/09/08 06:44:45.580, 0, Tesla V100-SXM2-32GB, 6, 3309, 32768, 68.26, 40
2026/09/08 06:44:47.673, 0, Tesla V100-SXM2-32GB, 6, 3309, 32768, 67.72, 40
2026/09/08 06:44:49.725, 0, Tesla V100-SXM2-32GB, 6, 3309, 32768, 67.77, 40
2026/09/08 06:44:51.779, 0, Tesla V100-SXM2-32GB, 6, 3309, 32768, 67.77, 40
2026/09/08 06:44:53.813, 0, Tesla V100-SXM2-32GB, 6, 3309, 32768, 67.77, 39
2026/09/08 06:44:55.866, 0, Tesla V100-SXM2-32GB, 6, 3309, 32768, 67.72, 39
2026/09/08 06:44:57.940, 0, Tesla V100-SXM2-32GB, 6, 3309, 32768, 67.28, 39
2026/09/08 06:44:59.990, 0, Tesla V100-SXM2-32GB, 6, 3309, 32768, 67.77, 39
2026/09/08 06:45:02.081, 0, Tesla V100-SXM2-32GB, 6, 3309, 32768, 67.77, 39
2026/09/08 06:45:04.152, 0, Tesla V100-SXM2-32GB, 6, 3309, 32768, 67.77, 39
2026/09/08 06:45:06.207, 0, Tesla V100-SXM2-32GB, 33, 3309, 32768, 67.23, 39
2026/09/08 06:45:08.277, 0, Tesla V100-SXM2-32GB, 6, 3309, 32768, 67.28, 39
2026/09/08 06:45:10.368, 0, Tesla V100-SXM2-32GB, 6, 3309, 32768, 139.99, 39
2026/09/08 06:45:12.440, 0, Tesla V100-SXM2-32GB, 6, 3309, 32768, 67.23, 38
2026/09/08 06:45:14.513, 0, Tesla V100-SXM2-32GB, 56, 3309, 32768, 67.72, 39
2026/09/08 06:45:16.588, 0, Tesla V100-SXM2-32GB, 6, 3309, 32768, 67.28, 38
2026/09/08 06:45:18.661, 0, Tesla V100-SXM2-32GB, 6, 3309, 32768, 67.28, 38
2026/09/08 06:45:20.714, 0, Tesla V100-SXM2-32GB, 7, 3309, 32768, 148.36, 38
2026/09/08 06:45:22.808, 0, Tesla V100-SXM2-32GB, 54, 3309, 32768, 67.72, 38
2026/09/08 06:45:24.880, 0, Tesla V100-SXM2-32GB, 6, 3309, 32768, 66.74, 38
2026/09/08 06:45:26.935, 0, Tesla V100-SXM2-32GB, 61, 3309, 32768, 67.23, 39
2026/09/08 06:45:28.991, 0, Tesla V100-SXM2-32GB, 6, 3309, 32768, 67.28, 38
2026/09/08 06:45:31.027, 0, Tesla V100-SXM2-32GB, 55, 3309, 32768, 67.23, 38
2026/09/08 06:45:33.100, 0, Tesla V100-SXM2-32GB, 6, 3309, 32768, 66.78, 38
2026/09/08 06:45:35.173, 0, Tesla V100-SXM2-32GB, 69, 3309, 32768, 68.76, 39
2026/09/08 06:45:37.264, 0, Tesla V100-SXM2-32GB, 6, 3309, 32768, 66.78, 37
2026/09/08 06:45:39.337, 0, Tesla V100-SXM2-32GB, 6, 3309, 32768, 66.74, 38
2026/09/08 06:45:41.391, 0, Tesla V100-SXM2-32GB, 6, 3309, 32768, 66.78, 37
2026/09/08 06:45:43.443, 0, Tesla V100-SXM2-32GB, 19, 3309, 32768, 67.23, 38
2026/09/08 06:45:45.517, 0, Tesla V100-SXM2-32GB, 6, 3309, 32768, 67.28, 37
2026/09/08 06:45:47.570, 0, Tesla V100-SXM2-32GB, 6, 3309, 32768, 109.60, 39
2026/09/08 06:45:49.641, 0, Tesla V100-SXM2-32GB, 6, 3309, 32768, 66.74, 38
2026/09/08 06:45:51.733, 0, Tesla V100-SXM2-32GB, 37, 3309, 32768, 92.83, 38
2026/09/08 06:45:53.787, 0, Tesla V100-SXM2-32GB, 69, 3309, 32768, 74.14, 39
2026/09/08 06:45:55.877, 0, Tesla V100-SXM2-32GB, 6, 3309, 32768, 66.74, 37
2026/09/08 06:45:57.948, 0, Tesla V100-SXM2-32GB, 16, 3309, 32768, 67.23, 38
2026/09/08 06:46:00.020, 0, Tesla V100-SXM2-32GB, 6, 3309, 32768, 67.23, 37
2026/09/08 06:46:02.108, 0, Tesla V100-SXM2-32GB, 34, 3309, 32768, 85.98, 39
2026/09/08 06:46:04.180, 0, Tesla V100-SXM2-32GB, 6, 3309, 32768, 66.74, 37
2026/09/08 06:46:06.235, 0, Tesla V100-SXM2-32GB, 82, 3309, 32768, 66.74, 38
2026/09/08 06:46:08.288, 0, Tesla V100-SXM2-32GB, 6, 3309, 32768, 66.74, 37
2026/09/08 06:46:10.339, 0, Tesla V100-SXM2-32GB, 6, 3309, 32768, 66.78, 37
2026/09/08 06:46:12.413, 0, Tesla V100-SXM2-32GB, 5, 3309, 32768, 66.74, 37
2026/09/08 06:46:14.480, 0, Tesla V100-SXM2-32GB, 6, 3309, 32768, 66.78, 37
2026/09/08 06:46:16.572, 0, Tesla V100-SXM2-32GB, 6, 3309, 32768, 55.92, 36
2026/09/08 06:46:18.627, 0, Tesla V100-SXM2-32GB, 5, 3309, 32768, 66.74, 37
2026/09/08 06:46:20.717, 0, Tesla V100-SXM2-32GB, 6, 3309, 32768, 66.74, 37
2026/09/08 06:46:22.809, 0, Tesla V100-SXM2-32GB, 6, 3309, 32768, 66.78, 37
2026/09/08 06:46:24.881, 0, Tesla V100-SXM2-32GB, 6, 3309, 32768, 67.23, 37
2026/09/08 06:46:26.971, 0, Tesla V100-SXM2-32GB, 6, 3309, 32768, 66.74, 37
2026/09/08 06:46:29.041, 0, Tesla V100-SXM2-32GB, 6, 3309, 32768, 66.74, 37
2026/09/08 06:46:31.089, 0, Tesla V100-SXM2-32GB, 6, 3309, 32768, 66.74, 37
2026/09/08 06:46:33.160, 0, Tesla V100-SXM2-32GB, 6, 3309, 32768, 66.78, 37
2026/09/08 06:46:35.252, 0, Tesla V100-SXM2-32GB, 6, 3309, 32768, 66.74, 37
2026/09/08 06:46:37.307, 0, Tesla V100-SXM2-32GB, 7, 3309, 32768, 66.74, 37
2026/09/08 06:46:39.400, 0, Tesla V100-SXM2-32GB, 6, 3309, 32768, 66.74, 37
2026/09/08 06:46:41.449, 0, Tesla V100-SXM2-32GB, 6, 3309, 32768, 66.74, 37
2026/09/08 06:46:43.520, 0, Tesla V100-SXM2-32GB, 6, 3309, 32768, 125.29, 37
2026/09/08 06:46:45.570, 0, Tesla V100-SXM2-32GB, 6, 3309, 32768, 66.74, 37
2026/09/08 06:46:47.607, 0, Tesla V100-SXM2-32GB, 6, 3309, 32768, 66.24, 36
2026/09/08 06:46:49.695, 0, Tesla V100-SXM2-32GB, 6, 3309, 32768, 66.74, 37
2026/09/08 06:46:51.751, 0, Tesla V100-SXM2-32GB, 9, 3309, 32768, 96.28, 37
2026/09/08 06:46:53.821, 0, Tesla V100-SXM2-32GB, 6, 3309, 32768, 66.74, 37
2026/09/08 06:46:55.893, 0, Tesla V100-SXM2-32GB, 6, 3309, 32768, 66.74, 37
2026/09/08 06:46:57.946, 0, Tesla V100-SXM2-32GB, 6, 3309, 32768, 66.74, 36
2026/09/08 06:47:00.040, 0, Tesla V100-SXM2-32GB, 4, 3309, 32768, 66.78, 36
2026/09/08 06:47:02.117, 0, Tesla V100-SXM2-32GB, 6, 3309, 32768, 66.74, 36
2026/09/08 06:47:04.208, 0, Tesla V100-SXM2-32GB, 54, 3309, 32768, 67.23, 37
2026/09/08 06:47:06.280, 0, Tesla V100-SXM2-32GB, 6, 3309, 32768, 66.24, 36
2026/09/08 06:47:08.372, 0, Tesla V100-SXM2-32GB, 6, 3309, 32768, 66.74, 37
2026/09/08 06:47:10.427, 0, Tesla V100-SXM2-32GB, 4, 3309, 32768, 66.74, 36
2026/09/08 06:47:12.516, 0, Tesla V100-SXM2-32GB, 76, 3309, 32768, 67.72, 38
2026/09/08 06:47:14.569, 0, Tesla V100-SXM2-32GB, 55, 3309, 32768, 96.78, 38
2026/09/08 06:47:16.622, 0, Tesla V100-SXM2-32GB, 6, 3309, 32768, 66.74, 36
2026/09/08 06:47:18.675, 0, Tesla V100-SXM2-32GB, 6, 3309, 32768, 66.74, 36
2026/09/08 06:47:20.745, 0, Tesla V100-SXM2-32GB, 4, 3309, 32768, 66.74, 36
2026/09/08 06:47:22.799, 0, Tesla V100-SXM2-32GB, 15, 3309, 32768, 150.43, 37
2026/09/08 06:47:24.872, 0, Tesla V100-SXM2-32GB, 6, 3309, 32768, 66.24, 36
2026/09/08 06:47:26.939, 0, Tesla V100-SXM2-32GB, 83, 3309, 32768, 66.74, 37
2026/09/08 06:47:28.991, 0, Tesla V100-SXM2-32GB, 57, 3309, 32768, 133.18, 37
2026/09/08 06:47:31.042, 0, Tesla V100-SXM2-32GB, 6, 3309, 32768, 66.24, 37
2026/09/08 06:47:33.112, 0, Tesla V100-SXM2-32GB, 6, 3309, 32768, 66.74, 36
2026/09/08 06:47:35.167, 0, Tesla V100-SXM2-32GB, 41, 3309, 32768, 66.74, 37
2026/09/08 06:47:37.237, 0, Tesla V100-SXM2-32GB, 6, 3309, 32768, 66.24, 36
2026/09/08 06:47:39.329, 0, Tesla V100-SXM2-32GB, 6, 3309, 32768, 66.74, 36
2026/09/08 06:47:41.400, 0, Tesla V100-SXM2-32GB, 6, 3309, 32768, 66.24, 36
2026/09/08 06:47:43.492, 0, Tesla V100-SXM2-32GB, 6, 3309, 32768, 66.24, 36
2026/09/08 06:47:45.552, 0, Tesla V100-SXM2-32GB, 6, 3309, 32768, 66.74, 36
2026/09/08 06:47:47.607, 0, Tesla V100-SXM2-32GB, 6, 3309, 32768, 66.24, 36
2026/09/08 06:47:49.681, 0, Tesla V100-SXM2-32GB, 6, 3309, 32768, 78.58, 37
2026/09/08 06:47:51.772, 0, Tesla V100-SXM2-32GB, 6, 3309, 32768, 66.24, 36
2026/09/08 06:47:53.845, 0, Tesla V100-SXM2-32GB, 5, 3309, 32768, 67.23, 36
2026/09/08 06:47:55.932, 0, Tesla V100-SXM2-32GB, 6, 3309, 32768, 66.24, 36
2026/09/08 06:47:57.983, 0, Tesla V100-SXM2-32GB, 29, 3309, 32768, 66.74, 37
2026/09/08 06:48:00.057, 0, Tesla V100-SXM2-32GB, 6, 3309, 32768, 66.24, 36
2026/09/08 06:48:02.129, 0, Tesla V100-SXM2-32GB, 7, 3309, 32768, 66.74, 36
2026/09/08 06:48:04.196, 0, Tesla V100-SXM2-32GB, 5, 3309, 32768, 66.24, 36
2026/09/08 06:48:06.250, 0, Tesla V100-SXM2-32GB, 5, 3309, 32768, 66.74, 36
2026/09/08 06:48:08.321, 0, Tesla V100-SXM2-32GB, 6, 3309, 32768, 66.74, 36
2026/09/08 06:48:10.412, 0, Tesla V100-SXM2-32GB, 6, 3309, 32768, 66.74, 36
2026/09/08 06:48:12.480, 0, Tesla V100-SXM2-32GB, 35, 3309, 32768, 139.00, 37
2026/09/08 06:48:14.555, 0, Tesla V100-SXM2-32GB, 6, 3309, 32768, 66.74, 37
2026/09/08 06:48:16.625, 0, Tesla V100-SXM2-32GB, 100, 3309, 32768, 182.22, 40
2026/09/08 06:48:18.681, 0, Tesla V100-SXM2-32GB, 100, 3309, 32768, 175.33, 41
2026/09/08 06:48:20.749, 0, Tesla V100-SXM2-32GB, 72, 3309, 32768, 67.72, 40
2026/09/08 06:48:22.841, 0, Tesla V100-SXM2-32GB, 77, 3309, 32768, 68.22, 40
2026/09/08 06:48:24.908, 0, Tesla V100-SXM2-32GB, 72, 3309, 32768, 68.22, 40
2026/09/08 06:48:26.957, 0, Tesla V100-SXM2-32GB, 20, 3309, 32768, 166.47, 41
2026/09/08 06:48:29.006, 0, Tesla V100-SXM2-32GB, 13, 3309, 32768, 184.56, 41
2026/09/08 06:48:31.076, 0, Tesla V100-SXM2-32GB, 15, 3309, 32768, 207.54, 42
2026/09/08 06:48:33.126, 0, Tesla V100-SXM2-32GB, 99, 3309, 32768, 210.99, 43
2026/09/08 06:48:35.215, 0, Tesla V100-SXM2-32GB, 100, 3309, 32768, 187.51, 43
2026/09/08 06:48:37.283, 0, Tesla V100-SXM2-32GB, 100, 3309, 32768, 195.38, 43
2026/09/08 06:48:39.371, 0, Tesla V100-SXM2-32GB, 100, 3309, 32768, 89.38, 43
2026/09/08 06:48:41.442, 0, Tesla V100-SXM2-32GB, 100, 3309, 32768, 70.68, 43
2026/09/08 06:48:43.512, 0, Tesla V100-SXM2-32GB, 58, 3309, 32768, 68.71, 42
2026/09/08 06:48:45.562, 0, Tesla V100-SXM2-32GB, 48, 3309, 32768, 69.21, 42
2026/09/08 06:48:47.656, 0, Tesla V100-SXM2-32GB, 30, 3309, 32768, 198.83, 44
2026/09/08 06:48:49.728, 0, Tesla V100-SXM2-32GB, 51, 3309, 32768, 192.43, 44
2026/09/08 06:48:51.782, 0, Tesla V100-SXM2-32GB, 70, 3309, 32768, 195.88, 44
2026/09/08 06:48:53.834, 0, Tesla V100-SXM2-32GB, 82, 3309, 32768, 206.70, 45
2026/09/08 06:48:55.904, 0, Tesla V100-SXM2-32GB, 5, 3309, 32768, 68.22, 42
2026/09/08 06:48:57.977, 0, Tesla V100-SXM2-32GB, 6, 3309, 32768, 68.22, 41
2026/09/08 06:49:00.047, 0, Tesla V100-SXM2-32GB, 6, 3309, 32768, 56.91, 39
2026/09/08 06:49:02.117, 0, Tesla V100-SXM2-32GB, 6, 3309, 32768, 67.72, 40
2026/09/08 06:49:04.192, 0, Tesla V100-SXM2-32GB, 7, 3309, 32768, 70.19, 41
2026/09/08 06:49:06.264, 0, Tesla V100-SXM2-32GB, 6, 3309, 32768, 67.72, 39
2026/09/08 06:49:08.314, 0, Tesla V100-SXM2-32GB, 69, 3309, 32768, 136.63, 40
2026/09/08 06:49:10.404, 0, Tesla V100-SXM2-32GB, 6, 3309, 32768, 67.23, 39
2026/09/08 06:49:12.476, 0, Tesla V100-SXM2-32GB, 37, 3309, 32768, 128.74, 41
2026/09/08 06:49:14.552, 0, Tesla V100-SXM2-32GB, 6, 3309, 32768, 67.23, 39
2026/09/08 06:49:16.608, 0, Tesla V100-SXM2-32GB, 81, 3309, 32768, 68.22, 40
2026/09/08 06:49:18.696, 0, Tesla V100-SXM2-32GB, 6, 3309, 32768, 67.23, 38
2026/09/08 06:49:20.750, 0, Tesla V100-SXM2-32GB, 69, 3309, 32768, 67.72, 39
2026/09/08 06:49:22.840, 0, Tesla V100-SXM2-32GB, 6, 3309, 32768, 67.23, 38
2026/09/08 06:49:24.912, 0, Tesla V100-SXM2-32GB, 6, 3309, 32768, 67.23, 38
2026/09/08 06:49:26.966, 0, Tesla V100-SXM2-32GB, 6, 3309, 32768, 67.23, 38
2026/09/08 06:49:29.017, 0, Tesla V100-SXM2-32GB, 6, 3309, 32768, 67.23, 38
2026/09/08 06:49:31.108, 0, Tesla V100-SXM2-32GB, 54, 3309, 32768, 67.72, 38
2026/09/08 06:49:33.141, 0, Tesla V100-SXM2-32GB, 5, 3309, 32768, 67.23, 38
2026/09/08 06:49:35.194, 0, Tesla V100-SXM2-32GB, 6, 3309, 32768, 66.74, 38
2026/09/08 06:49:37.248, 0, Tesla V100-SXM2-32GB, 6, 3309, 32768, 66.74, 37
2026/09/08 06:49:39.336, 0, Tesla V100-SXM2-32GB, 16, 3309, 32768, 105.16, 39
2026/09/08 06:49:41.390, 0, Tesla V100-SXM2-32GB, 6, 3309, 32768, 67.23, 38
2026/09/08 06:49:43.439, 0, Tesla V100-SXM2-32GB, 4, 3309, 32768, 56.41, 37
2026/09/08 06:49:45.507, 0, Tesla V100-SXM2-32GB, 6, 3309, 32768, 66.74, 37
2026/09/08 06:49:47.540, 0, Tesla V100-SXM2-32GB, 6, 3309, 32768, 66.74, 37
2026/09/08 06:49:49.611, 0, Tesla V100-SXM2-32GB, 6, 3309, 32768, 66.74, 37
2026/09/08 06:49:51.662, 0, Tesla V100-SXM2-32GB, 55, 3309, 32768, 68.22, 38
2026/09/08 06:49:53.733, 0, Tesla V100-SXM2-32GB, 4, 3309, 32768, 66.74, 37
2026/09/08 06:49:55.786, 0, Tesla V100-SXM2-32GB, 6, 3309, 32768, 66.74, 37
2026/09/08 06:49:57.839, 0, Tesla V100-SXM2-32GB, 6, 3309, 32768, 66.74, 37
2026/09/08 06:49:59.909, 0, Tesla V100-SXM2-32GB, 6, 3309, 32768, 67.23, 37
2026/09/08 06:50:01.963, 0, Tesla V100-SXM2-32GB, 43, 3309, 32768, 66.74, 38
2026/09/08 06:50:04.051, 0, Tesla V100-SXM2-32GB, 26, 3309, 32768, 185.43, 38
2026/09/08 06:50:06.102, 0, Tesla V100-SXM2-32GB, 6, 3309, 32768, 66.74, 37
2026/09/08 06:50:08.192, 0, Tesla V100-SXM2-32GB, 6, 3309, 32768, 66.74, 37
2026/09/08 06:50:10.285, 0, Tesla V100-SXM2-32GB, 6, 3309, 32768, 139.00, 37
2026/09/08 06:50:12.322, 0, Tesla V100-SXM2-32GB, 6, 3309, 32768, 67.23, 37
2026/09/08 06:50:14.411, 0, Tesla V100-SXM2-32GB, 54, 3309, 32768, 67.23, 37
2026/09/08 06:50:16.500, 0, Tesla V100-SXM2-32GB, 6, 3309, 32768, 66.74, 37
2026/09/08 06:50:18.588, 0, Tesla V100-SXM2-32GB, 6, 3309, 32768, 66.74, 37
2026/09/08 06:50:20.642, 0, Tesla V100-SXM2-32GB, 6, 3309, 32768, 66.74, 37
2026/09/08 06:50:22.712, 0, Tesla V100-SXM2-32GB, 55, 3309, 32768, 67.23, 37
2026/09/08 06:50:24.762, 0, Tesla V100-SXM2-32GB, 6, 3309, 32768, 66.74, 37
2026/09/08 06:50:26.796, 0, Tesla V100-SXM2-32GB, 46, 3309, 32768, 66.74, 37
2026/09/08 06:50:28.846, 0, Tesla V100-SXM2-32GB, 6, 3309, 32768, 66.74, 37
2026/09/08 06:50:30.916, 0, Tesla V100-SXM2-32GB, 6, 3309, 32768, 61.35, 37
2026/09/08 06:50:32.970, 0, Tesla V100-SXM2-32GB, 6, 3309, 32768, 66.74, 37
2026/09/08 06:50:35.060, 0, Tesla V100-SXM2-32GB, 6, 3309, 32768, 66.74, 37
2026/09/08 06:50:37.148, 0, Tesla V100-SXM2-32GB, 6, 3309, 32768, 66.74, 37
2026/09/08 06:50:39.203, 0, Tesla V100-SXM2-32GB, 6, 3309, 32768, 66.74, 37
2026/09/08 06:50:41.273, 0, Tesla V100-SXM2-32GB, 6, 3309, 32768, 66.74, 37
2026/09/08 06:50:43.345, 0, Tesla V100-SXM2-32GB, 6, 3309, 32768, 66.74, 37
2026/09/08 06:50:45.394, 0, Tesla V100-SXM2-32GB, 6, 3309, 32768, 66.74, 37
2026/09/08 06:50:47.446, 0, Tesla V100-SXM2-32GB, 6, 3309, 32768, 66.74, 37
2026/09/08 06:50:49.516, 0, Tesla V100-SXM2-32GB, 6, 3309, 32768, 66.74, 37
2026/09/08 06:50:51.589, 0, Tesla V100-SXM2-32GB, 6, 3309, 32768, 66.74, 37
2026/09/08 06:50:53.676, 0, Tesla V100-SXM2-32GB, 6, 3309, 32768, 128.66, 37
2026/09/08 06:50:55.729, 0, Tesla V100-SXM2-32GB, 6, 3309, 32768, 66.74, 37
2026/09/08 06:50:57.819, 0, Tesla V100-SXM2-32GB, 6, 3309, 32768, 66.74, 37
2026/09/08 06:50:59.908, 0, Tesla V100-SXM2-32GB, 6, 3309, 32768, 66.74, 37
2026/09/08 06:51:01.962, 0, Tesla V100-SXM2-32GB, 56, 3309, 32768, 165.98, 38
2026/09/08 06:51:04.052, 0, Tesla V100-SXM2-32GB, 6, 3309, 32768, 66.74, 37
2026/09/08 06:51:06.144, 0, Tesla V100-SXM2-32GB, 40, 3309, 32768, 87.90, 39
2026/09/08 06:51:08.194, 0, Tesla V100-SXM2-32GB, 6, 3309, 32768, 66.74, 37
2026/09/08 06:51:10.246, 0, Tesla V100-SXM2-32GB, 6, 3309, 32768, 66.74, 38
2026/09/08 06:51:12.298, 0, Tesla V100-SXM2-32GB, 6, 3309, 32768, 66.74, 37
2026/09/08 06:51:14.369, 0, Tesla V100-SXM2-32GB, 6, 3309, 32768, 66.74, 37
2026/09/08 06:51:16.440, 0, Tesla V100-SXM2-32GB, 6, 3309, 32768, 66.74, 37
2026/09/08 06:51:18.512, 0, Tesla V100-SXM2-32GB, 6, 3309, 32768, 66.74, 37
2026/09/08 06:51:20.601, 0, Tesla V100-SXM2-32GB, 52, 3309, 32768, 68.71, 37
2026/09/08 06:51:22.672, 0, Tesla V100-SXM2-32GB, 6, 3309, 32768, 66.74, 37
2026/09/08 06:51:24.726, 0, Tesla V100-SXM2-32GB, 84, 3309, 32768, 67.72, 38
2026/09/08 06:51:26.778, 0, Tesla V100-SXM2-32GB, 6, 3309, 32768, 66.74, 37
2026/09/08 06:51:28.848, 0, Tesla V100-SXM2-32GB, 54, 3309, 32768, 67.23, 38
2026/09/08 06:51:30.921, 0, Tesla V100-SXM2-32GB, 46, 3309, 32768, 67.23, 38
2026/09/08 06:51:33.012, 0, Tesla V100-SXM2-32GB, 6, 3309, 32768, 66.74, 37
2026/09/08 06:51:35.105, 0, Tesla V100-SXM2-32GB, 6, 3309, 32768, 66.74, 37
2026/09/08 06:51:37.179, 0, Tesla V100-SXM2-32GB, 6, 3309, 32768, 66.74, 37
2026/09/08 06:51:39.214, 0, Tesla V100-SXM2-32GB, 5, 3309, 32768, 67.23, 38
2026/09/08 06:51:41.284, 0, Tesla V100-SXM2-32GB, 6, 3309, 32768, 66.74, 37
2026/09/08 06:51:43.334, 0, Tesla V100-SXM2-32GB, 18, 3309, 32768, 66.74, 38
2026/09/08 06:51:45.404, 0, Tesla V100-SXM2-32GB, 6, 3309, 32768, 66.74, 37
2026/09/08 06:51:47.476, 0, Tesla V100-SXM2-32GB, 6, 3309, 32768, 66.74, 37
2026/09/08 06:51:49.563, 0, Tesla V100-SXM2-32GB, 6, 3309, 32768, 66.74, 37
2026/09/08 06:51:51.612, 0, Tesla V100-SXM2-32GB, 6, 3309, 32768, 67.23, 38
2026/09/08 06:51:53.662, 0, Tesla V100-SXM2-32GB, 6, 3309, 32768, 66.74, 37
2026/09/08 06:51:55.714, 0, Tesla V100-SXM2-32GB, 6, 3309, 32768, 67.23, 37
2026/09/08 06:51:57.803, 0, Tesla V100-SXM2-32GB, 6, 3309, 32768, 66.74, 37
2026/09/08 06:51:59.872, 0, Tesla V100-SXM2-32GB, 6, 3309, 32768, 66.74, 37
2026/09/08 06:52:01.927, 0, Tesla V100-SXM2-32GB, 47, 3309, 32768, 152.79, 38
2026/09/08 06:52:04.014, 0, Tesla V100-SXM2-32GB, 6, 3309, 32768, 67.23, 37
2026/09/08 06:52:06.084, 0, Tesla V100-SXM2-32GB, 53, 3309, 32768, 67.23, 38
2026/09/08 06:52:08.156, 0, Tesla V100-SXM2-32GB, 6, 3309, 32768, 66.74, 37
2026/09/08 06:52:10.228, 0, Tesla V100-SXM2-32GB, 80, 3309, 32768, 68.22, 38
2026/09/08 06:52:12.278, 0, Tesla V100-SXM2-32GB, 6, 3309, 32768, 67.28, 37
2026/09/08 06:52:14.368, 0, Tesla V100-SXM2-32GB, 6, 3309, 32768, 66.74, 38
2026/09/08 06:52:16.454, 0, Tesla V100-SXM2-32GB, 6, 3309, 32768, 66.74, 37
2026/09/08 06:52:18.524, 0, Tesla V100-SXM2-32GB, 6, 3309, 32768, 67.23, 37
2026/09/08 06:52:20.616, 0, Tesla V100-SXM2-32GB, 6, 3309, 32768, 66.74, 37
2026/09/08 06:52:22.704, 0, Tesla V100-SXM2-32GB, 6, 3309, 32768, 66.74, 37
2026/09/08 06:52:24.795, 0, Tesla V100-SXM2-32GB, 6, 3309, 32768, 133.67, 37
2026/09/08 06:52:26.864, 0, Tesla V100-SXM2-32GB, 5, 3309, 32768, 66.74, 37
2026/09/08 06:52:28.956, 0, Tesla V100-SXM2-32GB, 5, 3309, 32768, 67.23, 38
2026/09/08 06:52:31.005, 0, Tesla V100-SXM2-32GB, 7, 3309, 32768, 67.23, 38
2026/09/08 06:52:33.065, 0, Tesla V100-SXM2-32GB, 100, 3309, 32768, 70.19, 40
2026/09/08 06:52:35.157, 0, Tesla V100-SXM2-32GB, 57, 3309, 32768, 68.22, 40
2026/09/08 06:52:37.229, 0, Tesla V100-SXM2-32GB, 41, 3309, 32768, 68.71, 40
2026/09/08 06:52:39.320, 0, Tesla V100-SXM2-32GB, 37, 3309, 32768, 184.56, 42
2026/09/08 06:52:41.409, 0, Tesla V100-SXM2-32GB, 52, 3309, 32768, 194.89, 43
2026/09/08 06:52:43.461, 0, Tesla V100-SXM2-32GB, 30, 3309, 32768, 190.96, 43
2026/09/08 06:52:45.515, 0, Tesla V100-SXM2-32GB, 46, 3309, 32768, 188.01, 44
2026/09/08 06:52:47.587, 0, Tesla V100-SXM2-32GB, 100, 3309, 32768, 176.32, 44
2026/09/08 06:52:49.638, 0, Tesla V100-SXM2-32GB, 100, 3309, 32768, 189.97, 45
2026/09/08 06:52:51.708, 0, Tesla V100-SXM2-32GB, 100, 3309, 32768, 162.64, 45
2026/09/08 06:52:53.764, 0, Tesla V100-SXM2-32GB, 88, 3309, 32768, 69.21, 44
2026/09/08 06:52:55.856, 0, Tesla V100-SXM2-32GB, 90, 3309, 32768, 69.02, 43
2026/09/08 06:52:57.949, 0, Tesla V100-SXM2-32GB, 10, 3309, 32768, 111.00, 43
2026/09/08 06:53:00.041, 0, Tesla V100-SXM2-32GB, 13, 3309, 32768, 192.92, 45
2026/09/08 06:53:02.100, 0, Tesla V100-SXM2-32GB, 85, 3309, 32768, 186.53, 45
2026/09/08 06:53:04.196, 0, Tesla V100-SXM2-32GB, 80, 3309, 32768, 177.79, 46
2026/09/08 06:53:06.285, 0, Tesla V100-SXM2-32GB, 100, 3309, 32768, 191.57, 46
2026/09/08 06:53:08.376, 0, Tesla V100-SXM2-32GB, 100, 3309, 32768, 184.68, 47
2026/09/08 06:53:10.431, 0, Tesla V100-SXM2-32GB, 100, 3309, 32768, 70.19, 45
2026/09/08 06:53:12.520, 0, Tesla V100-SXM2-32GB, 5, 3309, 32768, 69.21, 43
2026/09/08 06:53:14.574, 0, Tesla V100-SXM2-32GB, 6, 3309, 32768, 57.89, 42
2026/09/08 06:53:16.627, 0, Tesla V100-SXM2-32GB, 47, 3309, 32768, 67.72, 42
2026/09/08 06:53:18.700, 0, Tesla V100-SXM2-32GB, 6, 3309, 32768, 68.22, 41
2026/09/08 06:53:20.773, 0, Tesla V100-SXM2-32GB, 83, 3309, 32768, 145.01, 44
2026/09/08 06:53:22.844, 0, Tesla V100-SXM2-32GB, 6, 3309, 32768, 68.22, 41
2026/09/08 06:53:24.913, 0, Tesla V100-SXM2-32GB, 44, 3309, 32768, 68.22, 42
2026/09/08 06:53:26.967, 0, Tesla V100-SXM2-32GB, 6, 3309, 32768, 68.26, 41
2026/09/08 06:53:29.056, 0, Tesla V100-SXM2-32GB, 5, 3309, 32768, 68.22, 41
2026/09/08 06:53:31.148, 0, Tesla V100-SXM2-32GB, 21, 3309, 32768, 68.22, 41
2026/09/08 06:53:33.216, 0, Tesla V100-SXM2-32GB, 6, 3309, 32768, 68.71, 40
2026/09/08 06:53:35.268, 0, Tesla V100-SXM2-32GB, 5, 3309, 32768, 67.77, 40
2026/09/08 06:53:37.340, 0, Tesla V100-SXM2-32GB, 6, 3309, 32768, 67.77, 40
2026/09/08 06:53:39.412, 0, Tesla V100-SXM2-32GB, 6, 3309, 32768, 67.77, 40
2026/09/08 06:53:41.484, 0, Tesla V100-SXM2-32GB, 6, 3309, 32768, 67.77, 40
2026/09/08 06:53:43.580, 0, Tesla V100-SXM2-32GB, 74, 3309, 32768, 90.36, 41
2026/09/08 06:53:45.635, 0, Tesla V100-SXM2-32GB, 6, 3309, 32768, 67.77, 40
2026/09/08 06:53:47.702, 0, Tesla V100-SXM2-32GB, 6, 3309, 32768, 67.77, 40
2026/09/08 06:53:49.773, 0, Tesla V100-SXM2-32GB, 5, 3309, 32768, 67.77, 39
2026/09/08 06:53:51.849, 0, Tesla V100-SXM2-32GB, 6, 3309, 32768, 67.72, 39
2026/09/08 06:53:53.903, 0, Tesla V100-SXM2-32GB, 5, 3309, 32768, 67.28, 39
2026/09/08 06:53:55.958, 0, Tesla V100-SXM2-32GB, 54, 3309, 32768, 67.77, 40
2026/09/08 06:53:58.010, 0, Tesla V100-SXM2-32GB, 6, 3309, 32768, 67.77, 39
2026/09/08 06:54:00.100, 0, Tesla V100-SXM2-32GB, 49, 3309, 32768, 67.77, 40
2026/09/08 06:54:02.192, 0, Tesla V100-SXM2-32GB, 6, 3309, 32768, 67.28, 39
2026/09/08 06:54:04.284, 0, Tesla V100-SXM2-32GB, 5, 3309, 32768, 68.22, 39
2026/09/08 06:54:06.356, 0, Tesla V100-SXM2-32GB, 6, 3309, 32768, 67.72, 39
2026/09/08 06:54:08.428, 0, Tesla V100-SXM2-32GB, 6, 3309, 32768, 67.72, 39
2026/09/08 06:54:10.482, 0, Tesla V100-SXM2-32GB, 6, 3309, 32768, 68.22, 38
2026/09/08 06:54:12.556, 0, Tesla V100-SXM2-32GB, 5, 3309, 32768, 67.72, 39
2026/09/08 06:54:14.644, 0, Tesla V100-SXM2-32GB, 5, 3309, 32768, 67.77, 38
2026/09/08 06:54:16.736, 0, Tesla V100-SXM2-32GB, 54, 3309, 32768, 184.56, 40
2026/09/08 06:54:18.786, 0, Tesla V100-SXM2-32GB, 6, 3309, 32768, 68.22, 38
2026/09/08 06:54:20.873, 0, Tesla V100-SXM2-32GB, 6, 3309, 32768, 67.77, 39
2026/09/08 06:54:22.928, 0, Tesla V100-SXM2-32GB, 6, 3309, 32768, 67.77, 38
2026/09/08 06:54:24.963, 0, Tesla V100-SXM2-32GB, 57, 3309, 32768, 128.25, 39
2026/09/08 06:54:27.013, 0, Tesla V100-SXM2-32GB, 6, 3309, 32768, 67.72, 39
2026/09/08 06:54:29.066, 0, Tesla V100-SXM2-32GB, 6, 3309, 32768, 67.77, 38
2026/09/08 06:54:31.118, 0, Tesla V100-SXM2-32GB, 6, 3309, 32768, 67.77, 38
2026/09/08 06:54:33.170, 0, Tesla V100-SXM2-32GB, 6, 3309, 32768, 67.77, 38
2026/09/08 06:54:35.240, 0, Tesla V100-SXM2-32GB, 6, 3309, 32768, 67.72, 38
2026/09/08 06:54:37.312, 0, Tesla V100-SXM2-32GB, 6, 3309, 32768, 67.77, 38
2026/09/08 06:54:39.403, 0, Tesla V100-SXM2-32GB, 6, 3309, 32768, 67.77, 38
2026/09/08 06:54:41.455, 0, Tesla V100-SXM2-32GB, 4, 3309, 32768, 67.77, 38
2026/09/08 06:54:43.523, 0, Tesla V100-SXM2-32GB, 6, 3309, 32768, 67.77, 38
2026/09/08 06:54:45.616, 0, Tesla V100-SXM2-32GB, 42, 3309, 32768, 178.89, 39
2026/09/08 06:54:47.669, 0, Tesla V100-SXM2-32GB, 6, 3309, 32768, 67.28, 38
2026/09/08 06:54:49.723, 0, Tesla V100-SXM2-32GB, 21, 3309, 32768, 63.33, 38
2026/09/08 06:54:51.774, 0, Tesla V100-SXM2-32GB, 4, 3309, 32768, 67.23, 38
2026/09/08 06:54:53.826, 0, Tesla V100-SXM2-32GB, 59, 3309, 32768, 163.52, 39
2026/09/08 06:54:55.895, 0, Tesla V100-SXM2-32GB, 6, 3309, 32768, 66.78, 38
2026/09/08 06:54:57.984, 0, Tesla V100-SXM2-32GB, 6, 3309, 32768, 67.23, 38
2026/09/08 06:55:00.053, 0, Tesla V100-SXM2-32GB, 6, 3309, 32768, 67.28, 37
2026/09/08 06:55:02.124, 0, Tesla V100-SXM2-32GB, 5, 3309, 32768, 66.78, 38
2026/09/08 06:55:04.196, 0, Tesla V100-SXM2-32GB, 5, 3309, 32768, 66.78, 37
2026/09/08 06:55:06.288, 0, Tesla V100-SXM2-32GB, 5, 3309, 32768, 66.78, 37
2026/09/08 06:55:08.380, 0, Tesla V100-SXM2-32GB, 6, 3309, 32768, 67.28, 37
2026/09/08 06:55:10.434, 0, Tesla V100-SXM2-32GB, 4, 3309, 32768, 66.78, 37
2026/09/08 06:55:12.504, 0, Tesla V100-SXM2-32GB, 58, 3309, 32768, 140.48, 39
2026/09/08 06:55:14.576, 0, Tesla V100-SXM2-32GB, 6, 3309, 32768, 66.74, 37
2026/09/08 06:55:16.668, 0, Tesla V100-SXM2-32GB, 5, 3309, 32768, 66.74, 38
2026/09/08 06:55:18.755, 0, Tesla V100-SXM2-32GB, 5, 3309, 32768, 66.74, 37
2026/09/08 06:55:20.845, 0, Tesla V100-SXM2-32GB, 85, 3309, 32768, 67.23, 38
2026/09/08 06:55:22.917, 0, Tesla V100-SXM2-32GB, 6, 3309, 32768, 67.23, 37
2026/09/08 06:55:24.971, 0, Tesla V100-SXM2-32GB, 6, 3309, 32768, 66.74, 38
2026/09/08 06:55:27.027, 0, Tesla V100-SXM2-32GB, 6, 3309, 32768, 66.78, 37
2026/09/08 06:55:29.082, 0, Tesla V100-SXM2-32GB, 6, 3309, 32768, 66.78, 37
2026/09/08 06:55:31.136, 0, Tesla V100-SXM2-32GB, 6, 3309, 32768, 66.74, 37
2026/09/08 06:55:33.201, 0, Tesla V100-SXM2-32GB, 6, 3309, 32768, 66.78, 37
2026/09/08 06:55:35.269, 0, Tesla V100-SXM2-32GB, 6, 3309, 32768, 128.25, 37
2026/09/08 06:55:37.340, 0, Tesla V100-SXM2-32GB, 6, 3309, 32768, 66.78, 37
2026/09/08 06:55:39.395, 0, Tesla V100-SXM2-32GB, 6, 3309, 32768, 66.78, 37
2026/09/08 06:55:41.484, 0, Tesla V100-SXM2-32GB, 6, 3309, 32768, 66.78, 37
2026/09/08 06:55:43.539, 0, Tesla V100-SXM2-32GB, 6, 3309, 32768, 66.74, 37
2026/09/08 06:55:45.636, 0, Tesla V100-SXM2-32GB, 6, 3309, 32768, 66.78, 37
2026/09/08 06:55:47.708, 0, Tesla V100-SXM2-32GB, 6, 3309, 32768, 66.78, 37
2026/09/08 06:55:49.763, 0, Tesla V100-SXM2-32GB, 6, 3309, 32768, 66.78, 37
2026/09/08 06:55:51.837, 0, Tesla V100-SXM2-32GB, 6, 3309, 32768, 66.78, 37
2026/09/08 06:55:53.889, 0, Tesla V100-SXM2-32GB, 81, 3309, 32768, 66.74, 38
2026/09/08 06:55:55.962, 0, Tesla V100-SXM2-32GB, 6, 3309, 32768, 66.74, 37
2026/09/08 06:55:58.032, 0, Tesla V100-SXM2-32GB, 54, 3309, 32768, 67.72, 37
2026/09/08 06:56:00.124, 0, Tesla V100-SXM2-32GB, 4, 3309, 32768, 66.74, 37
2026/09/08 06:56:02.216, 0, Tesla V100-SXM2-32GB, 6, 3309, 32768, 66.74, 37
2026/09/08 06:56:04.305, 0, Tesla V100-SXM2-32GB, 6, 3309, 32768, 66.78, 37
2026/09/08 06:56:06.358, 0, Tesla V100-SXM2-32GB, 6, 3309, 32768, 66.78, 37
2026/09/08 06:56:08.411, 0, Tesla V100-SXM2-32GB, 6, 3309, 32768, 66.74, 36
2026/09/08 06:56:10.447, 0, Tesla V100-SXM2-32GB, 5, 3309, 32768, 66.74, 37
2026/09/08 06:56:12.502, 0, Tesla V100-SXM2-32GB, 6, 3309, 32768, 66.24, 36
2026/09/08 06:56:14.592, 0, Tesla V100-SXM2-32GB, 6, 3309, 32768, 66.78, 37
2026/09/08 06:56:16.680, 0, Tesla V100-SXM2-32GB, 6, 3309, 32768, 165.98, 37
2026/09/08 06:56:18.734, 0, Tesla V100-SXM2-32GB, 6, 3309, 32768, 66.29, 36
2026/09/08 06:56:20.824, 0, Tesla V100-SXM2-32GB, 57, 3309, 32768, 119.30, 37
2026/09/08 06:56:22.878, 0, Tesla V100-SXM2-32GB, 6, 3309, 32768, 66.74, 36
2026/09/08 06:56:24.935, 0, Tesla V100-SXM2-32GB, 80, 3309, 32768, 113.05, 38
2026/09/08 06:56:26.970, 0, Tesla V100-SXM2-32GB, 6, 3309, 32768, 66.29, 36
2026/09/08 06:56:29.040, 0, Tesla V100-SXM2-32GB, 84, 3309, 32768, 67.23, 37
2026/09/08 06:56:31.108, 0, Tesla V100-SXM2-32GB, 6, 3309, 32768, 66.74, 36
2026/09/08 06:56:33.158, 0, Tesla V100-SXM2-32GB, 6, 3309, 32768, 66.74, 37
2026/09/08 06:56:35.228, 0, Tesla V100-SXM2-32GB, 6, 3309, 32768, 66.74, 36
2026/09/08 06:56:37.321, 0, Tesla V100-SXM2-32GB, 6, 3309, 32768, 66.74, 37
2026/09/08 06:56:39.370, 0, Tesla V100-SXM2-32GB, 6, 3309, 32768, 66.24, 36
2026/09/08 06:56:41.440, 0, Tesla V100-SXM2-32GB, 6, 3309, 32768, 66.74, 37
2026/09/08 06:56:43.513, 0, Tesla V100-SXM2-32GB, 5, 3309, 32768, 66.74, 36
2026/09/08 06:56:45.566, 0, Tesla V100-SXM2-32GB, 5, 3309, 32768, 67.23, 37
2026/09/08 06:56:47.632, 0, Tesla V100-SXM2-32GB, 71, 3309, 32768, 187.64, 40
2026/09/08 06:56:49.681, 0, Tesla V100-SXM2-32GB, 100, 3309, 32768, 188.01, 41
2026/09/08 06:56:51.726, 0, Tesla V100-SXM2-32GB, 100, 3309, 32768, 190.46, 42
2026/09/08 06:56:53.798, 0, Tesla V100-SXM2-32GB, 100, 3309, 32768, 70.68, 41
2026/09/08 06:56:55.854, 0, Tesla V100-SXM2-32GB, 47, 3309, 32768, 68.22, 40
2026/09/08 06:56:57.944, 0, Tesla V100-SXM2-32GB, 18, 3309, 32768, 185.67, 42
2026/09/08 06:57:00.031, 0, Tesla V100-SXM2-32GB, 62, 3309, 32768, 203.25, 43
2026/09/08 06:57:02.079, 0, Tesla V100-SXM2-32GB, 59, 3309, 32768, 175.33, 43
2026/09/08 06:57:04.168, 0, Tesla V100-SXM2-32GB, 100, 3309, 32768, 192.92, 44
2026/09/08 06:57:06.240, 0, Tesla V100-SXM2-32GB, 100, 3309, 32768, 188.50, 44
2026/09/08 06:57:08.317, 0, Tesla V100-SXM2-32GB, 80, 3309, 32768, 68.71, 42
2026/09/08 06:57:10.371, 0, Tesla V100-SXM2-32GB, 91, 3309, 32768, 68.71, 42
2026/09/08 06:57:12.444, 0, Tesla V100-SXM2-32GB, 88, 3309, 32768, 69.21, 42
2026/09/08 06:57:14.536, 0, Tesla V100-SXM2-32GB, 20, 3309, 32768, 197.84, 43
2026/09/08 06:57:16.612, 0, Tesla V100-SXM2-32GB, 42, 3309, 32768, 177.79, 44
2026/09/08 06:57:18.666, 0, Tesla V100-SXM2-32GB, 100, 3309, 32768, 186.04, 44
2026/09/08 06:57:20.700, 0, Tesla V100-SXM2-32GB, 100, 3309, 32768, 199.81, 45
2026/09/08 06:57:22.788, 0, Tesla V100-SXM2-32GB, 100, 3309, 32768, 185.18, 45
2026/09/08 06:57:24.837, 0, Tesla V100-SXM2-32GB, 100, 3309, 32768, 68.71, 43
2026/09/08 06:57:26.891, 0, Tesla V100-SXM2-32GB, 5, 3309, 32768, 68.22, 42
2026/09/08 06:57:28.964, 0, Tesla V100-SXM2-32GB, 6, 3309, 32768, 56.91, 40
2026/09/08 06:57:31.032, 0, Tesla V100-SXM2-32GB, 6, 3309, 32768, 114.03, 40
2026/09/08 06:57:33.082, 0, Tesla V100-SXM2-32GB, 6, 3309, 32768, 67.72, 40
2026/09/08 06:57:35.168, 0, Tesla V100-SXM2-32GB, 62, 3309, 32768, 70.68, 41
2026/09/08 06:57:37.239, 0, Tesla V100-SXM2-32GB, 6, 3309, 32768, 67.72, 39
2026/09/08 06:57:39.331, 0, Tesla V100-SXM2-32GB, 81, 3309, 32768, 68.71, 41
2026/09/08 06:57:41.420, 0, Tesla V100-SXM2-32GB, 6, 3309, 32768, 67.72, 39
2026/09/08 06:57:43.512, 0, Tesla V100-SXM2-32GB, 6, 3309, 32768, 67.72, 39
2026/09/08 06:57:45.567, 0, Tesla V100-SXM2-32GB, 6, 3309, 32768, 67.23, 39
2026/09/08 06:57:47.656, 0, Tesla V100-SXM2-32GB, 6, 3309, 32768, 67.23, 39
2026/09/08 06:57:49.724, 0, Tesla V100-SXM2-32GB, 6, 3309, 32768, 67.23, 39
2026/09/08 06:57:51.778, 0, Tesla V100-SXM2-32GB, 6, 3309, 32768, 67.72, 39
2026/09/08 06:57:53.867, 0, Tesla V100-SXM2-32GB, 5, 3309, 32768, 67.72, 38
2026/09/08 06:57:55.917, 0, Tesla V100-SXM2-32GB, 6, 3309, 32768, 67.23, 38
2026/09/08 06:57:58.004, 0, Tesla V100-SXM2-32GB, 32, 3309, 32768, 171.40, 40
2026/09/08 06:58:00.053, 0, Tesla V100-SXM2-32GB, 6, 3309, 32768, 67.23, 38
2026/09/08 06:58:02.106, 0, Tesla V100-SXM2-32GB, 55, 3309, 32768, 169.43, 40
2026/09/08 06:58:04.159, 0, Tesla V100-SXM2-32GB, 5, 3309, 32768, 67.23, 38
2026/09/08 06:58:06.251, 0, Tesla V100-SXM2-32GB, 6, 3309, 32768, 67.23, 38
2026/09/08 06:58:08.344, 0, Tesla V100-SXM2-32GB, 6, 3309, 32768, 67.23, 38
2026/09/08 06:58:10.435, 0, Tesla V100-SXM2-32GB, 6, 3309, 32768, 170.03, 39
2026/09/08 06:58:12.486, 0, Tesla V100-SXM2-32GB, 6, 3309, 32768, 67.23, 38
2026/09/08 06:58:14.575, 0, Tesla V100-SXM2-32GB, 85, 3309, 32768, 67.23, 39
2026/09/08 06:58:16.644, 0, Tesla V100-SXM2-32GB, 6, 3309, 32768, 67.23, 37
2026/09/08 06:58:18.698, 0, Tesla V100-SXM2-32GB, 6, 3309, 32768, 67.23, 38
2026/09/08 06:58:20.768, 0, Tesla V100-SXM2-32GB, 5, 3309, 32768, 66.74, 37
2026/09/08 06:58:22.860, 0, Tesla V100-SXM2-32GB, 78, 3309, 32768, 146.88, 40
2026/09/08 06:58:24.948, 0, Tesla V100-SXM2-32GB, 5, 3309, 32768, 66.74, 37
2026/09/08 06:58:27.007, 0, Tesla V100-SXM2-32GB, 6, 3309, 32768, 66.74, 38
2026/09/08 06:58:29.059, 0, Tesla V100-SXM2-32GB, 6, 3309, 32768, 66.74, 37
2026/09/08 06:58:31.148, 0, Tesla V100-SXM2-32GB, 6, 3309, 32768, 67.23, 38
2026/09/08 06:58:33.202, 0, Tesla V100-SXM2-32GB, 6, 3309, 32768, 66.74, 37
2026/09/08 06:58:35.297, 0, Tesla V100-SXM2-32GB, 70, 3309, 32768, 133.18, 39
2026/09/08 06:58:37.368, 0, Tesla V100-SXM2-32GB, 6, 3309, 32768, 66.74, 37
2026/09/08 06:58:39.423, 0, Tesla V100-SXM2-32GB, 55, 3309, 32768, 67.72, 38
2026/09/08 06:58:41.476, 0, Tesla V100-SXM2-32GB, 54, 3309, 32768, 67.23, 38
2026/09/08 06:58:43.530, 0, Tesla V100-SXM2-32GB, 6, 3309, 32768, 66.74, 37
2026/09/08 06:58:45.604, 0, Tesla V100-SXM2-32GB, 6, 3309, 32768, 66.74, 38
2026/09/08 06:58:47.677, 0, Tesla V100-SXM2-32GB, 6, 3309, 32768, 66.74, 37
2026/09/08 06:58:49.730, 0, Tesla V100-SXM2-32GB, 5, 3309, 32768, 66.74, 37
2026/09/08 06:58:51.800, 0, Tesla V100-SXM2-32GB, 6, 3309, 32768, 66.74, 37
2026/09/08 06:58:53.872, 0, Tesla V100-SXM2-32GB, 6, 3309, 32768, 67.23, 37
2026/09/08 06:58:55.944, 0, Tesla V100-SXM2-32GB, 5, 3309, 32768, 66.74, 37
2026/09/08 06:58:58.012, 0, Tesla V100-SXM2-32GB, 6, 3309, 32768, 67.23, 37
2026/09/08 06:59:00.046, 0, Tesla V100-SXM2-32GB, 6, 3309, 32768, 66.74, 37
2026/09/08 06:59:02.098, 0, Tesla V100-SXM2-32GB, 6, 3309, 32768, 66.74, 37
2026/09/08 06:59:04.168, 0, Tesla V100-SXM2-32GB, 6, 3309, 32768, 55.92, 36
2026/09/08 06:59:06.239, 0, Tesla V100-SXM2-32GB, 5, 3309, 32768, 66.74, 37
2026/09/08 06:59:08.328, 0, Tesla V100-SXM2-32GB, 5, 3309, 32768, 66.74, 36
2026/09/08 06:59:10.395, 0, Tesla V100-SXM2-32GB, 6, 3309, 32768, 66.78, 37
2026/09/08 06:59:12.428, 0, Tesla V100-SXM2-32GB, 88, 3309, 32768, 95.29, 38
2026/09/08 06:59:14.500, 0, Tesla V100-SXM2-32GB, 6, 3309, 32768, 66.74, 37
2026/09/08 06:59:16.573, 0, Tesla V100-SXM2-32GB, 55, 3309, 32768, 139.00, 38
2026/09/08 06:59:18.640, 0, Tesla V100-SXM2-32GB, 5, 3309, 32768, 66.74, 36
2026/09/08 06:59:20.727, 0, Tesla V100-SXM2-32GB, 83, 3309, 32768, 133.59, 39
2026/09/08 06:59:22.796, 0, Tesla V100-SXM2-32GB, 5, 3309, 32768, 66.74, 36
2026/09/08 06:59:24.849, 0, Tesla V100-SXM2-32GB, 6, 3309, 32768, 66.74, 37
2026/09/08 06:59:26.902, 0, Tesla V100-SXM2-32GB, 6, 3309, 32768, 66.74, 36
2026/09/08 06:59:28.993, 0, Tesla V100-SXM2-32GB, 6, 3309, 32768, 66.74, 37
2026/09/08 06:59:31.064, 0, Tesla V100-SXM2-32GB, 6, 3309, 32768, 66.24, 36
2026/09/08 06:59:33.136, 0, Tesla V100-SXM2-32GB, 6, 3309, 32768, 66.24, 36
2026/09/08 06:59:35.189, 0, Tesla V100-SXM2-32GB, 6, 3309, 32768, 66.74, 36
2026/09/08 06:59:37.241, 0, Tesla V100-SXM2-32GB, 6, 3309, 32768, 66.74, 36
2026/09/08 06:59:39.327, 0, Tesla V100-SXM2-32GB, 6, 3309, 32768, 160.57, 38
2026/09/08 06:59:41.377, 0, Tesla V100-SXM2-32GB, 6, 3309, 32768, 66.74, 36
2026/09/08 06:59:43.462, 0, Tesla V100-SXM2-32GB, 75, 3309, 32768, 136.63, 38
2026/09/08 06:59:45.514, 0, Tesla V100-SXM2-32GB, 6, 3309, 32768, 66.74, 36
2026/09/08 06:59:47.579, 0, Tesla V100-SXM2-32GB, 49, 3309, 32768, 66.74, 37
2026/09/08 06:59:49.651, 0, Tesla V100-SXM2-32GB, 6, 3309, 32768, 66.74, 36
2026/09/08 06:59:51.702, 0, Tesla V100-SXM2-32GB, 53, 3309, 32768, 66.74, 37
2026/09/08 06:59:53.754, 0, Tesla V100-SXM2-32GB, 55, 3309, 32768, 67.23, 37
2026/09/08 06:59:55.824, 0, Tesla V100-SXM2-32GB, 5, 3309, 32768, 66.24, 36
2026/09/08 06:59:57.898, 0, Tesla V100-SXM2-32GB, 29, 3309, 32768, 66.24, 36
2026/09/08 06:59:59.950, 0, Tesla V100-SXM2-32GB, 12, 3309, 32768, 148.36, 37
2026/09/08 07:00:02.002, 0, Tesla V100-SXM2-32GB, 6, 3309, 32768, 66.74, 37
2026/09/08 07:00:04.093, 0, Tesla V100-SXM2-32GB, 6, 3309, 32768, 66.74, 36
2026/09/08 07:00:06.164, 0, Tesla V100-SXM2-32GB, 6, 3309, 32768, 66.29, 36
2026/09/08 07:00:08.236, 0, Tesla V100-SXM2-32GB, 6, 3309, 32768, 66.24, 36
2026/09/08 07:00:10.328, 0, Tesla V100-SXM2-32GB, 6, 3309, 32768, 66.24, 36
2026/09/08 07:00:12.400, 0, Tesla V100-SXM2-32GB, 5, 3309, 32768, 66.24, 36
2026/09/08 07:00:14.491, 0, Tesla V100-SXM2-32GB, 5, 3309, 32768, 66.24, 36
2026/09/08 07:00:16.541, 0, Tesla V100-SXM2-32GB, 5, 3309, 32768, 66.74, 36
2026/09/08 07:00:18.615, 0, Tesla V100-SXM2-32GB, 6, 3309, 32768, 66.24, 36
2026/09/08 07:00:20.665, 0, Tesla V100-SXM2-32GB, 6, 3309, 32768, 66.74, 36
2026/09/08 07:00:22.718, 0, Tesla V100-SXM2-32GB, 6, 3309, 32768, 66.74, 36
2026/09/08 07:00:24.788, 0, Tesla V100-SXM2-32GB, 27, 3309, 32768, 174.84, 37
2026/09/08 07:00:26.836, 0, Tesla V100-SXM2-32GB, 6, 3309, 32768, 66.24, 36
2026/09/08 07:00:28.904, 0, Tesla V100-SXM2-32GB, 67, 3309, 32768, 66.74, 37
2026/09/08 07:00:30.972, 0, Tesla V100-SXM2-32GB, 6, 3309, 32768, 66.24, 36
2026/09/08 07:00:33.061, 0, Tesla V100-SXM2-32GB, 6, 3309, 32768, 66.24, 36
2026/09/08 07:00:35.114, 0, Tesla V100-SXM2-32GB, 6, 3309, 32768, 66.24, 36
2026/09/08 07:00:37.204, 0, Tesla V100-SXM2-32GB, 6, 3309, 32768, 66.24, 36
2026/09/08 07:00:39.273, 0, Tesla V100-SXM2-32GB, 6, 3309, 32768, 66.24, 36
2026/09/08 07:00:41.339, 0, Tesla V100-SXM2-32GB, 6, 3309, 32768, 67.23, 36
2026/09/08 07:00:43.389, 0, Tesla V100-SXM2-32GB, 6, 3309, 32768, 120.37, 36
2026/09/08 07:00:45.480, 0, Tesla V100-SXM2-32GB, 6, 3309, 32768, 66.74, 36
2026/09/08 07:00:47.537, 0, Tesla V100-SXM2-32GB, 76, 3309, 32768, 69.70, 37
2026/09/08 07:00:49.575, 0, Tesla V100-SXM2-32GB, 6, 3309, 32768, 66.74, 36
2026/09/08 07:00:51.643, 0, Tesla V100-SXM2-32GB, 6, 3309, 32768, 66.74, 36
2026/09/08 07:00:53.736, 0, Tesla V100-SXM2-32GB, 5, 3309, 32768, 66.24, 36
2026/09/08 07:00:55.808, 0, Tesla V100-SXM2-32GB, 3, 3309, 32768, 66.74, 36
2026/09/08 07:00:57.896, 0, Tesla V100-SXM2-32GB, 6, 3309, 32768, 66.24, 36
2026/09/08 07:00:59.965, 0, Tesla V100-SXM2-32GB, 49, 3309, 32768, 66.74, 37
2026/09/08 07:01:02.036, 0, Tesla V100-SXM2-32GB, 13, 3309, 32768, 164.01, 39
2026/09/08 07:01:04.090, 0, Tesla V100-SXM2-32GB, 69, 3309, 32768, 191.94, 40
2026/09/08 07:01:06.184, 0, Tesla V100-SXM2-32GB, 79, 3309, 32768, 196.37, 41
2026/09/08 07:01:08.272, 0, Tesla V100-SXM2-32GB, 100, 3309, 32768, 184.07, 41
2026/09/08 07:01:10.322, 0, Tesla V100-SXM2-32GB, 100, 3309, 32768, 186.65, 42
2026/09/08 07:01:12.413, 0, Tesla V100-SXM2-32GB, 100, 3309, 32768, 105.16, 42
2026/09/08 07:01:14.485, 0, Tesla V100-SXM2-32GB, 75, 3309, 32768, 68.22, 41
2026/09/08 07:01:16.576, 0, Tesla V100-SXM2-32GB, 62, 3309, 32768, 68.71, 40
2026/09/08 07:01:18.626, 0, Tesla V100-SXM2-32GB, 48, 3309, 32768, 186.53, 42
2026/09/08 07:01:20.693, 0, Tesla V100-SXM2-32GB, 61, 3309, 32768, 177.30, 43
2026/09/08 07:01:22.746, 0, Tesla V100-SXM2-32GB, 70, 3309, 32768, 196.86, 43
2026/09/08 07:01:24.802, 0, Tesla V100-SXM2-32GB, 91, 3309, 32768, 178.29, 44
2026/09/08 07:01:26.892, 0, Tesla V100-SXM2-32GB, 100, 3309, 32768, 187.02, 44
2026/09/08 07:01:28.960, 0, Tesla V100-SXM2-32GB, 100, 3309, 32768, 121.35, 44
2026/09/08 07:01:31.033, 0, Tesla V100-SXM2-32GB, 100, 3309, 32768, 68.71, 43
2026/09/08 07:01:33.084, 0, Tesla V100-SXM2-32GB, 90, 3309, 32768, 69.21, 42
2026/09/08 07:01:35.152, 0, Tesla V100-SXM2-32GB, 16, 3309, 32768, 180.25, 44
2026/09/08 07:01:37.240, 0, Tesla V100-SXM2-32GB, 19, 3309, 32768, 186.04, 44
2026/09/08 07:01:39.270, 0, Tesla V100-SXM2-32GB, 34, 3309, 32768, 192.92, 45
2026/09/08 07:01:41.344, 0, Tesla V100-SXM2-32GB, 6, 3309, 32768, 68.71, 42
2026/09/08 07:01:43.398, 0, Tesla V100-SXM2-32GB, 6, 3309, 32768, 67.72, 41
2026/09/08 07:01:45.451, 0, Tesla V100-SXM2-32GB, 6, 3309, 32768, 56.91, 40
2026/09/08 07:01:47.502, 0, Tesla V100-SXM2-32GB, 6, 3309, 32768, 68.22, 40
2026/09/08 07:01:49.572, 0, Tesla V100-SXM2-32GB, 53, 3309, 32768, 178.66, 41
2026/09/08 07:01:51.640, 0, Tesla V100-SXM2-32GB, 6, 3309, 32768, 67.72, 40
2026/09/08 07:01:53.717, 0, Tesla V100-SXM2-32GB, 15, 3309, 32768, 119.80, 40
2026/09/08 07:01:55.766, 0, Tesla V100-SXM2-32GB, 5, 3309, 32768, 67.72, 39
2026/09/08 07:01:57.836, 0, Tesla V100-SXM2-32GB, 48, 3309, 32768, 75.13, 41
2026/09/08 07:01:59.886, 0, Tesla V100-SXM2-32GB, 6, 3309, 32768, 67.23, 39
2026/09/08 07:02:01.955, 0, Tesla V100-SXM2-32GB, 6, 3309, 32768, 67.72, 40
2026/09/08 07:02:04.005, 0, Tesla V100-SXM2-32GB, 5, 3309, 32768, 67.23, 39
2026/09/08 07:02:06.077, 0, Tesla V100-SXM2-32GB, 6, 3309, 32768, 67.72, 39
2026/09/08 07:02:08.111, 0, Tesla V100-SXM2-32GB, 6, 3309, 32768, 67.23, 39
2026/09/08 07:02:10.184, 0, Tesla V100-SXM2-32GB, 6, 3309, 32768, 67.72, 39
2026/09/08 07:02:12.239, 0, Tesla V100-SXM2-32GB, 6, 3309, 32768, 67.23, 39
2026/09/08 07:02:14.290, 0, Tesla V100-SXM2-32GB, 6, 3309, 32768, 67.23, 39
2026/09/08 07:02:16.380, 0, Tesla V100-SXM2-32GB, 6, 3309, 32768, 67.23, 38
2026/09/08 07:02:18.452, 0, Tesla V100-SXM2-32GB, 5, 3309, 32768, 67.23, 39
2026/09/08 07:02:20.550, 0, Tesla V100-SXM2-32GB, 5, 3309, 32768, 67.23, 39
2026/09/08 07:02:22.601, 0, Tesla V100-SXM2-32GB, 6, 3309, 32768, 67.23, 38
2026/09/08 07:02:24.649, 0, Tesla V100-SXM2-32GB, 86, 3309, 32768, 77.10, 40
2026/09/08 07:02:26.702, 0, Tesla V100-SXM2-32GB, 6, 3309, 32768, 67.23, 39
2026/09/08 07:02:28.772, 0, Tesla V100-SXM2-32GB, 6, 3309, 32768, 144.51, 39
2026/09/08 07:02:30.841, 0, Tesla V100-SXM2-32GB, 6, 3309, 32768, 67.23, 38
2026/09/08 07:02:32.932, 0, Tesla V100-SXM2-32GB, 16, 3309, 32768, 133.59, 39
2026/09/08 07:02:35.004, 0, Tesla V100-SXM2-32GB, 6, 3309, 32768, 67.23, 38
2026/09/08 07:02:37.077, 0, Tesla V100-SXM2-32GB, 6, 3309, 32768, 67.23, 38
2026/09/08 07:02:39.130, 0, Tesla V100-SXM2-32GB, 6, 3309, 32768, 67.23, 38
2026/09/08 07:02:41.220, 0, Tesla V100-SXM2-32GB, 6, 3309, 32768, 143.93, 38
2026/09/08 07:02:43.274, 0, Tesla V100-SXM2-32GB, 6, 3309, 32768, 67.23, 38
2026/09/08 07:02:45.364, 0, Tesla V100-SXM2-32GB, 6, 3309, 32768, 67.23, 38
2026/09/08 07:02:47.452, 0, Tesla V100-SXM2-32GB, 6, 3309, 32768, 67.23, 39
2026/09/08 07:02:49.554, 0, Tesla V100-SXM2-32GB, 6, 3309, 32768, 67.23, 38
2026/09/08 07:02:51.606, 0, Tesla V100-SXM2-32GB, 6, 3309, 32768, 67.23, 38
2026/09/08 07:02:53.696, 0, Tesla V100-SXM2-32GB, 6, 3309, 32768, 66.74, 38
2026/09/08 07:02:55.768, 0, Tesla V100-SXM2-32GB, 63, 3309, 32768, 183.21, 40
2026/09/08 07:02:57.840, 0, Tesla V100-SXM2-32GB, 6, 3309, 32768, 67.23, 38
2026/09/08 07:02:59.894, 0, Tesla V100-SXM2-32GB, 6, 3309, 32768, 67.23, 38
2026/09/08 07:03:01.930, 0, Tesla V100-SXM2-32GB, 6, 3309, 32768, 67.23, 38
2026/09/08 07:03:03.981, 0, Tesla V100-SXM2-32GB, 6, 3309, 32768, 67.23, 38
2026/09/08 07:03:06.052, 0, Tesla V100-SXM2-32GB, 6, 3309, 32768, 67.23, 38
2026/09/08 07:03:08.140, 0, Tesla V100-SXM2-32GB, 6, 3309, 32768, 66.74, 38
2026/09/08 07:03:10.195, 0, Tesla V100-SXM2-32GB, 6, 3309, 32768, 66.74, 38
2026/09/08 07:03:12.284, 0, Tesla V100-SXM2-32GB, 9, 3309, 32768, 162.64, 39
2026/09/08 07:03:14.375, 0, Tesla V100-SXM2-32GB, 6, 3309, 32768, 67.23, 38
2026/09/08 07:03:16.430, 0, Tesla V100-SXM2-32GB, 56, 3309, 32768, 68.71, 39
2026/09/08 07:03:18.500, 0, Tesla V100-SXM2-32GB, 6, 3309, 32768, 66.74, 38
2026/09/08 07:03:20.588, 0, Tesla V100-SXM2-32GB, 57, 3309, 32768, 68.22, 38
2026/09/08 07:03:22.679, 0, Tesla V100-SXM2-32GB, 6, 3309, 32768, 67.23, 38
2026/09/08 07:03:24.768, 0, Tesla V100-SXM2-32GB, 25, 3309, 32768, 125.79, 38
2026/09/08 07:03:26.818, 0, Tesla V100-SXM2-32GB, 6, 3309, 32768, 66.74, 38
2026/09/08 07:03:28.883, 0, Tesla V100-SXM2-32GB, 6, 3309, 32768, 67.23, 38
2026/09/08 07:03:30.934, 0, Tesla V100-SXM2-32GB, 5, 3309, 32768, 67.23, 38
2026/09/08 07:03:33.004, 0, Tesla V100-SXM2-32GB, 6, 3309, 32768, 67.23, 38
2026/09/08 07:03:35.092, 0, Tesla V100-SXM2-32GB, 6, 3309, 32768, 66.74, 38
2026/09/08 07:03:37.142, 0, Tesla V100-SXM2-32GB, 7, 3309, 32768, 67.23, 38
2026/09/08 07:03:39.175, 0, Tesla V100-SXM2-32GB, 7, 3309, 32768, 67.23, 38
2026/09/08 07:03:41.270, 0, Tesla V100-SXM2-32GB, 6, 3309, 32768, 67.23, 38
2026/09/08 07:03:43.302, 0, Tesla V100-SXM2-32GB, 6, 3309, 32768, 66.74, 38
2026/09/08 07:03:45.335, 0, Tesla V100-SXM2-32GB, 6, 3309, 32768, 66.74, 38
2026/09/08 07:03:47.408, 0, Tesla V100-SXM2-32GB, 6, 3309, 32768, 67.23, 38
2026/09/08 07:03:49.476, 0, Tesla V100-SXM2-32GB, 6, 3309, 32768, 67.23, 38
2026/09/08 07:03:51.564, 0, Tesla V100-SXM2-32GB, 8, 3309, 32768, 68.71, 38
2026/09/08 07:03:53.635, 0, Tesla V100-SXM2-32GB, 6, 3309, 32768, 67.23, 38
2026/09/08 07:03:55.724, 0, Tesla V100-SXM2-32GB, 6, 3309, 32768, 66.74, 38
2026/09/08 07:03:57.776, 0, Tesla V100-SXM2-32GB, 6, 3309, 32768, 67.28, 38
2026/09/08 07:03:59.844, 0, Tesla V100-SXM2-32GB, 6, 3309, 32768, 67.23, 38
2026/09/08 07:04:01.929, 0, Tesla V100-SXM2-32GB, 6, 3309, 32768, 67.23, 38
2026/09/08 07:04:03.962, 0, Tesla V100-SXM2-32GB, 6, 3309, 32768, 67.23, 38
2026/09/08 07:04:06.013, 0, Tesla V100-SXM2-32GB, 6, 3309, 32768, 67.23, 38
2026/09/08 07:04:08.084, 0, Tesla V100-SXM2-32GB, 6, 3309, 32768, 67.23, 38
2026/09/08 07:04:10.156, 0, Tesla V100-SXM2-32GB, 54, 3309, 32768, 67.23, 38
2026/09/08 07:04:12.242, 0, Tesla V100-SXM2-32GB, 5, 3309, 32768, 66.74, 38
2026/09/08 07:04:14.332, 0, Tesla V100-SXM2-32GB, 6, 3309, 32768, 141.96, 39
2026/09/08 07:04:16.404, 0, Tesla V100-SXM2-32GB, 55, 3309, 32768, 67.28, 39
2026/09/08 07:04:18.472, 0, Tesla V100-SXM2-32GB, 6, 3309, 32768, 67.28, 38
2026/09/08 07:04:20.522, 0, Tesla V100-SXM2-32GB, 8, 3309, 32768, 67.77, 38
2026/09/08 07:04:22.612, 0, Tesla V100-SXM2-32GB, 4, 3309, 32768, 67.28, 38
2026/09/08 07:04:24.663, 0, Tesla V100-SXM2-32GB, 35, 3309, 32768, 68.71, 38
2026/09/08 07:04:26.714, 0, Tesla V100-SXM2-32GB, 6, 3309, 32768, 67.23, 38
2026/09/08 07:04:28.804, 0, Tesla V100-SXM2-32GB, 56, 3309, 32768, 67.72, 39
2026/09/08 07:04:30.872, 0, Tesla V100-SXM2-32GB, 6, 3309, 32768, 66.74, 38
2026/09/08 07:04:32.922, 0, Tesla V100-SXM2-32GB, 5, 3309, 32768, 67.23, 38
2026/09/08 07:04:34.974, 0, Tesla V100-SXM2-32GB, 6, 3309, 32768, 67.28, 38
2026/09/08 07:04:37.026, 0, Tesla V100-SXM2-32GB, 74, 3309, 32768, 154.27, 40
2026/09/08 07:04:39.080, 0, Tesla V100-SXM2-32GB, 6, 3309, 32768, 67.28, 38
2026/09/08 07:04:41.172, 0, Tesla V100-SXM2-32GB, 6, 3309, 32768, 67.23, 38
2026/09/08 07:04:43.260, 0, Tesla V100-SXM2-32GB, 6, 3309, 32768, 66.78, 38
2026/09/08 07:04:45.310, 0, Tesla V100-SXM2-32GB, 6, 3309, 32768, 67.28, 38
2026/09/08 07:04:47.343, 0, Tesla V100-SXM2-32GB, 6, 3309, 32768, 67.28, 38
2026/09/08 07:04:49.398, 0, Tesla V100-SXM2-32GB, 6, 3309, 32768, 66.78, 38
2026/09/08 07:04:51.468, 0, Tesla V100-SXM2-32GB, 6, 3309, 32768, 55.92, 37
2026/09/08 07:04:53.557, 0, Tesla V100-SXM2-32GB, 6, 3309, 32768, 66.78, 37
2026/09/08 07:04:55.628, 0, Tesla V100-SXM2-32GB, 25, 3309, 32768, 144.42, 39
2026/09/08 07:04:57.697, 0, Tesla V100-SXM2-32GB, 6, 3309, 32768, 66.78, 37
2026/09/08 07:04:59.767, 0, Tesla V100-SXM2-32GB, 6, 3309, 32768, 66.74, 38
2026/09/08 07:05:01.835, 0, Tesla V100-SXM2-32GB, 6, 3309, 32768, 66.78, 37
2026/09/08 07:05:03.885, 0, Tesla V100-SXM2-32GB, 34, 3309, 32768, 132.19, 39
2026/09/08 07:05:05.937, 0, Tesla V100-SXM2-32GB, 6, 3309, 32768, 66.74, 37
2026/09/08 07:05:07.985, 0, Tesla V100-SXM2-32GB, 6, 3309, 32768, 66.78, 38
2026/09/08 07:05:10.076, 0, Tesla V100-SXM2-32GB, 6, 3309, 32768, 67.28, 37
2026/09/08 07:05:12.109, 0, Tesla V100-SXM2-32GB, 6, 3309, 32768, 67.23, 38
2026/09/08 07:05:14.161, 0, Tesla V100-SXM2-32GB, 6, 3309, 32768, 66.74, 37
2026/09/08 07:05:16.228, 0, Tesla V100-SXM2-32GB, 50, 3309, 32768, 67.23, 38
2026/09/08 07:05:18.282, 0, Tesla V100-SXM2-32GB, 46, 3309, 32768, 172.38, 40
2026/09/08 07:05:20.373, 0, Tesla V100-SXM2-32GB, 100, 3309, 32768, 189.60, 42
2026/09/08 07:05:22.464, 0, Tesla V100-SXM2-32GB, 100, 3309, 32768, 196.99, 42
2026/09/08 07:05:24.554, 0, Tesla V100-SXM2-32GB, 100, 3309, 32768, 192.43, 43
2026/09/08 07:05:26.624, 0, Tesla V100-SXM2-32GB, 100, 3309, 32768, 210.14, 43
2026/09/08 07:05:28.691, 0, Tesla V100-SXM2-32GB, 100, 3309, 32768, 71.67, 42
2026/09/08 07:05:30.726, 0, Tesla V100-SXM2-32GB, 96, 3309, 32768, 74.63, 42
2026/09/08 07:05:32.820, 0, Tesla V100-SXM2-32GB, 89, 3309, 32768, 68.71, 42
2026/09/08 07:05:34.911, 0, Tesla V100-SXM2-32GB, 13, 3309, 32768, 68.71, 42
2026/09/08 07:05:36.975, 0, Tesla V100-SXM2-32GB, 16, 3309, 32768, 187.14, 43
2026/09/08 07:05:39.021, 0, Tesla V100-SXM2-32GB, 15, 3309, 32768, 180.25, 44
2026/09/08 07:05:41.091, 0, Tesla V100-SXM2-32GB, 92, 3309, 32768, 201.78, 44
2026/09/08 07:05:43.180, 0, Tesla V100-SXM2-32GB, 92, 3309, 32768, 185.18, 45
2026/09/08 07:05:45.230, 0, Tesla V100-SXM2-32GB, 97, 3309, 32768, 199.32, 45
2026/09/08 07:05:47.282, 0, Tesla V100-SXM2-32GB, 100, 3309, 32768, 186.04, 45
2026/09/08 07:05:49.372, 0, Tesla V100-SXM2-32GB, 100, 3309, 32768, 178.78, 45
2026/09/08 07:05:51.424, 0, Tesla V100-SXM2-32GB, 100, 3309, 32768, 71.67, 44
2026/09/08 07:05:53.497, 0, Tesla V100-SXM2-32GB, 100, 3309, 32768, 69.21, 44
2026/09/08 07:05:55.562, 0, Tesla V100-SXM2-32GB, 21, 3309, 32768, 69.70, 44
2026/09/08 07:05:57.637, 0, Tesla V100-SXM2-32GB, 14, 3309, 32768, 191.08, 45
2026/09/08 07:05:59.703, 0, Tesla V100-SXM2-32GB, 6, 3309, 32768, 68.26, 42
2026/09/08 07:06:01.792, 0, Tesla V100-SXM2-32GB, 6, 3309, 32768, 57.40, 41
2026/09/08 07:06:03.842, 0, Tesla V100-SXM2-32GB, 5, 3309, 32768, 68.22, 41
2026/09/08 07:06:05.894, 0, Tesla V100-SXM2-32GB, 6, 3309, 32768, 67.72, 40
2026/09/08 07:06:07.983, 0, Tesla V100-SXM2-32GB, 6, 3309, 32768, 67.77, 40
2026/09/08 07:06:10.067, 0, Tesla V100-SXM2-32GB, 6, 3309, 32768, 67.72, 40
2026/09/08 07:06:12.136, 0, Tesla V100-SXM2-32GB, 6, 3309, 32768, 67.72, 40
2026/09/08 07:06:14.208, 0, Tesla V100-SXM2-32GB, 6, 3309, 32768, 67.77, 40
2026/09/08 07:06:16.295, 0, Tesla V100-SXM2-32GB, 6, 3309, 32768, 67.77, 40
2026/09/08 07:06:18.364, 0, Tesla V100-SXM2-32GB, 6, 3309, 32768, 67.28, 39
2026/09/08 07:06:20.452, 0, Tesla V100-SXM2-32GB, 6, 3309, 32768, 67.77, 39
2026/09/08 07:06:22.551, 0, Tesla V100-SXM2-32GB, 6, 3309, 32768, 67.28, 39
2026/09/08 07:06:24.639, 0, Tesla V100-SXM2-32GB, 6, 3309, 32768, 67.77, 39
2026/09/08 07:06:26.729, 0, Tesla V100-SXM2-32GB, 51, 3309, 32768, 153.78, 40
2026/09/08 07:06:28.801, 0, Tesla V100-SXM2-32GB, 6, 3309, 32768, 67.28, 39
2026/09/08 07:06:30.850, 0, Tesla V100-SXM2-32GB, 53, 3309, 32768, 67.72, 40
2026/09/08 07:06:32.921, 0, Tesla V100-SXM2-32GB, 6, 3309, 32768, 67.28, 38
2026/09/08 07:06:34.974, 0, Tesla V100-SXM2-32GB, 6, 3309, 32768, 67.72, 39
2026/09/08 07:06:37.064, 0, Tesla V100-SXM2-32GB, 6, 3309, 32768, 67.23, 38
2026/09/08 07:06:39.114, 0, Tesla V100-SXM2-32GB, 6, 3309, 32768, 67.23, 38
2026/09/08 07:06:41.188, 0, Tesla V100-SXM2-32GB, 6, 3309, 32768, 67.23, 38
2026/09/08 07:06:43.238, 0, Tesla V100-SXM2-32GB, 82, 3309, 32768, 87.46, 40
2026/09/08 07:06:45.329, 0, Tesla V100-SXM2-32GB, 6, 3309, 32768, 67.23, 38
2026/09/08 07:06:47.378, 0, Tesla V100-SXM2-32GB, 6, 3309, 32768, 67.23, 38
2026/09/08 07:06:49.429, 0, Tesla V100-SXM2-32GB, 6, 3309, 32768, 67.23, 38
2026/09/08 07:06:51.478, 0, Tesla V100-SXM2-32GB, 6, 3309, 32768, 67.28, 38
2026/09/08 07:06:53.551, 0, Tesla V100-SXM2-32GB, 6, 3309, 32768, 66.78, 38
2026/09/08 07:06:55.621, 0, Tesla V100-SXM2-32GB, 5, 3309, 32768, 67.28, 38
2026/09/08 07:06:57.670, 0, Tesla V100-SXM2-32GB, 7, 3309, 32768, 67.23, 38
2026/09/08 07:06:59.739, 0, Tesla V100-SXM2-32GB, 6, 3309, 32768, 67.28, 38
2026/09/08 07:07:01.811, 0, Tesla V100-SXM2-32GB, 6, 3309, 32768, 66.74, 37
2026/09/08 07:07:03.866, 0, Tesla V100-SXM2-32GB, 69, 3309, 32768, 144.42, 39
2026/09/08 07:07:05.956, 0, Tesla V100-SXM2-32GB, 5, 3309, 32768, 66.74, 37
2026/09/08 07:07:08.043, 0, Tesla V100-SXM2-32GB, 6, 3309, 32768, 67.23, 38
2026/09/08 07:07:10.132, 0, Tesla V100-SXM2-32GB, 6, 3309, 32768, 66.74, 37
2026/09/08 07:07:12.183, 0, Tesla V100-SXM2-32GB, 6, 3309, 32768, 67.23, 37
2026/09/08 07:07:14.234, 0, Tesla V100-SXM2-32GB, 6, 3309, 32768, 67.23, 38
2026/09/08 07:07:16.281, 0, Tesla V100-SXM2-32GB, 4, 3309, 32768, 66.74, 37
2026/09/08 07:07:18.348, 0, Tesla V100-SXM2-32GB, 7, 3309, 32768, 67.23, 38
2026/09/08 07:07:20.397, 0, Tesla V100-SXM2-32GB, 6, 3309, 32768, 66.74, 37
2026/09/08 07:07:22.468, 0, Tesla V100-SXM2-32GB, 6, 3309, 32768, 66.74, 38
2026/09/08 07:07:24.518, 0, Tesla V100-SXM2-32GB, 6, 3309, 32768, 66.74, 37
2026/09/08 07:07:26.588, 0, Tesla V100-SXM2-32GB, 4, 3309, 32768, 66.74, 37
2026/09/08 07:07:28.676, 0, Tesla V100-SXM2-32GB, 6, 3309, 32768, 66.78, 37
2026/09/08 07:07:30.726, 0, Tesla V100-SXM2-32GB, 6, 3309, 32768, 66.74, 37
2026/09/08 07:07:32.816, 0, Tesla V100-SXM2-32GB, 6, 3309, 32768, 55.92, 36
2026/09/08 07:07:34.863, 0, Tesla V100-SXM2-32GB, 5, 3309, 32768, 66.78, 37
2026/09/08 07:07:36.912, 0, Tesla V100-SXM2-32GB, 5, 3309, 32768, 66.74, 37
2026/09/08 07:07:38.979, 0, Tesla V100-SXM2-32GB, 6, 3309, 32768, 66.74, 37
2026/09/08 07:07:41.048, 0, Tesla V100-SXM2-32GB, 6, 3309, 32768, 67.23, 37
2026/09/08 07:07:43.100, 0, Tesla V100-SXM2-32GB, 6, 3309, 32768, 66.74, 37
2026/09/08 07:07:45.150, 0, Tesla V100-SXM2-32GB, 68, 3309, 32768, 149.35, 38
2026/09/08 07:07:47.202, 0, Tesla V100-SXM2-32GB, 6, 3309, 32768, 66.74, 37
2026/09/08 07:07:49.253, 0, Tesla V100-SXM2-32GB, 53, 3309, 32768, 66.74, 37
2026/09/08 07:07:51.305, 0, Tesla V100-SXM2-32GB, 6, 3309, 32768, 66.78, 37
2026/09/08 07:07:53.391, 0, Tesla V100-SXM2-32GB, 21, 3309, 32768, 66.74, 37
2026/09/08 07:07:55.487, 0, Tesla V100-SXM2-32GB, 6, 3309, 32768, 66.74, 37
2026/09/08 07:07:57.537, 0, Tesla V100-SXM2-32GB, 6, 3309, 32768, 66.74, 37
2026/09/08 07:07:59.628, 0, Tesla V100-SXM2-32GB, 6, 3309, 32768, 66.74, 36
2026/09/08 07:08:01.700, 0, Tesla V100-SXM2-32GB, 6, 3309, 32768, 66.29, 37
2026/09/08 07:08:03.768, 0, Tesla V100-SXM2-32GB, 6, 3309, 32768, 66.74, 36
2026/09/08 07:08:05.836, 0, Tesla V100-SXM2-32GB, 6, 3309, 32768, 67.23, 37
2026/09/08 07:08:07.904, 0, Tesla V100-SXM2-32GB, 6, 3309, 32768, 66.78, 36
2026/09/08 07:08:09.980, 0, Tesla V100-SXM2-32GB, 6, 3309, 32768, 66.74, 36
2026/09/08 07:08:12.054, 0, Tesla V100-SXM2-32GB, 58, 3309, 32768, 157.72, 37
2026/09/08 07:08:14.144, 0, Tesla V100-SXM2-32GB, 6, 3309, 32768, 66.74, 36
2026/09/08 07:08:16.178, 0, Tesla V100-SXM2-32GB, 15, 3309, 32768, 66.74, 37
2026/09/08 07:08:18.230, 0, Tesla V100-SXM2-32GB, 6, 3309, 32768, 66.74, 36
2026/09/08 07:08:20.280, 0, Tesla V100-SXM2-32GB, 6, 3309, 32768, 66.74, 37
2026/09/08 07:08:22.348, 0, Tesla V100-SXM2-32GB, 6, 3309, 32768, 66.74, 36
2026/09/08 07:08:24.436, 0, Tesla V100-SXM2-32GB, 6, 3309, 32768, 66.74, 36
2026/09/08 07:08:26.504, 0, Tesla V100-SXM2-32GB, 30, 3309, 32768, 141.06, 37
2026/09/08 07:08:28.571, 0, Tesla V100-SXM2-32GB, 6, 3309, 32768, 66.74, 36
2026/09/08 07:08:30.660, 0, Tesla V100-SXM2-32GB, 56, 3309, 32768, 77.59, 37
2026/09/08 07:08:32.710, 0, Tesla V100-SXM2-32GB, 6, 3309, 32768, 67.23, 37
2026/09/08 07:08:34.780, 0, Tesla V100-SXM2-32GB, 6, 3309, 32768, 66.74, 36
2026/09/08 07:08:36.872, 0, Tesla V100-SXM2-32GB, 33, 3309, 32768, 73.65, 37
2026/09/08 07:08:38.959, 0, Tesla V100-SXM2-32GB, 6, 3309, 32768, 66.24, 36
2026/09/08 07:08:41.011, 0, Tesla V100-SXM2-32GB, 76, 3309, 32768, 68.71, 38
2026/09/08 07:08:43.100, 0, Tesla V100-SXM2-32GB, 6, 3309, 32768, 66.74, 36
2026/09/08 07:08:45.154, 0, Tesla V100-SXM2-32GB, 53, 3309, 32768, 66.74, 37
2026/09/08 07:08:47.224, 0, Tesla V100-SXM2-32GB, 6, 3309, 32768, 66.24, 36
2026/09/08 07:08:49.278, 0, Tesla V100-SXM2-32GB, 6, 3309, 32768, 66.74, 36
2026/09/08 07:08:51.367, 0, Tesla V100-SXM2-32GB, 6, 3309, 32768, 66.24, 36
2026/09/08 07:08:53.418, 0, Tesla V100-SXM2-32GB, 6, 3309, 32768, 66.74, 36
2026/09/08 07:08:55.509, 0, Tesla V100-SXM2-32GB, 6, 3309, 32768, 66.74, 36
2026/09/08 07:08:57.580, 0, Tesla V100-SXM2-32GB, 6, 3309, 32768, 66.24, 36
2026/09/08 07:08:59.648, 0, Tesla V100-SXM2-32GB, 6, 3309, 32768, 66.24, 36
2026/09/08 07:09:01.716, 0, Tesla V100-SXM2-32GB, 6, 3309, 32768, 66.74, 36
2026/09/08 07:09:03.804, 0, Tesla V100-SXM2-32GB, 6, 3309, 32768, 107.62, 36
2026/09/08 07:09:05.854, 0, Tesla V100-SXM2-32GB, 6, 3309, 32768, 66.24, 36
2026/09/08 07:09:07.925, 0, Tesla V100-SXM2-32GB, 74, 3309, 32768, 151.22, 37
2026/09/08 07:09:09.979, 0, Tesla V100-SXM2-32GB, 6, 3309, 32768, 66.74, 36
2026/09/08 07:09:12.030, 0, Tesla V100-SXM2-32GB, 55, 3309, 32768, 66.74, 37
2026/09/08 07:09:14.119, 0, Tesla V100-SXM2-32GB, 6, 3309, 32768, 66.24, 36
2026/09/08 07:09:16.188, 0, Tesla V100-SXM2-32GB, 6, 3309, 32768, 66.24, 36
2026/09/08 07:09:18.261, 0, Tesla V100-SXM2-32GB, 6, 3309, 32768, 66.74, 36
2026/09/08 07:09:20.352, 0, Tesla V100-SXM2-32GB, 6, 3309, 32768, 66.74, 36
2026/09/08 07:09:22.402, 0, Tesla V100-SXM2-32GB, 6, 3309, 32768, 67.72, 36
2026/09/08 07:09:24.454, 0, Tesla V100-SXM2-32GB, 6, 3309, 32768, 66.24, 36
2026/09/08 07:09:26.552, 0, Tesla V100-SXM2-32GB, 76, 3309, 32768, 130.63, 37
2026/09/08 07:09:28.646, 0, Tesla V100-SXM2-32GB, 6, 3309, 32768, 66.74, 36
2026/09/08 07:09:30.716, 0, Tesla V100-SXM2-32GB, 69, 3309, 32768, 67.72, 37
2026/09/08 07:09:32.750, 0, Tesla V100-SXM2-32GB, 6, 3309, 32768, 66.74, 36
2026/09/08 07:09:34.823, 0, Tesla V100-SXM2-32GB, 78, 3309, 32768, 199.19, 40
2026/09/08 07:09:36.875, 0, Tesla V100-SXM2-32GB, 100, 3309, 32768, 199.81, 41
2026/09/08 07:09:38.964, 0, Tesla V100-SXM2-32GB, 100, 3309, 32768, 72.66, 40
2026/09/08 07:09:41.038, 0, Tesla V100-SXM2-32GB, 68, 3309, 32768, 68.22, 40
2026/09/08 07:09:43.090, 0, Tesla V100-SXM2-32GB, 29, 3309, 32768, 174.84, 41
2026/09/08 07:09:45.180, 0, Tesla V100-SXM2-32GB, 75, 3309, 32768, 196.37, 42
2026/09/08 07:09:47.272, 0, Tesla V100-SXM2-32GB, 84, 3309, 32768, 198.33, 42
2026/09/08 07:09:49.362, 0, Tesla V100-SXM2-32GB, 100, 3309, 32768, 187.64, 43
2026/09/08 07:09:51.432, 0, Tesla V100-SXM2-32GB, 100, 3309, 32768, 124.80, 43
2026/09/08 07:09:53.505, 0, Tesla V100-SXM2-32GB, 66, 3309, 32768, 68.22, 42
2026/09/08 07:09:55.596, 0, Tesla V100-SXM2-32GB, 55, 3309, 32768, 69.21, 41
2026/09/08 07:09:57.682, 0, Tesla V100-SXM2-32GB, 41, 3309, 32768, 185.05, 43
2026/09/08 07:09:59.733, 0, Tesla V100-SXM2-32GB, 52, 3309, 32768, 175.82, 43
2026/09/08 07:10:01.824, 0, Tesla V100-SXM2-32GB, 65, 3309, 32768, 190.96, 44
2026/09/08 07:10:03.896, 0, Tesla V100-SXM2-32GB, 100, 3309, 32768, 181.12, 44
2026/09/08 07:10:05.967, 0, Tesla V100-SXM2-32GB, 100, 3309, 32768, 70.68, 43
2026/09/08 07:10:08.023, 0, Tesla V100-SXM2-32GB, 89, 3309, 32768, 70.19, 43
2026/09/08 07:10:10.115, 0, Tesla V100-SXM2-32GB, 79, 3309, 32768, 185.55, 45
2026/09/08 07:10:12.166, 0, Tesla V100-SXM2-32GB, 100, 3309, 32768, 175.33, 45
2026/09/08 07:10:14.231, 0, Tesla V100-SXM2-32GB, 6, 3309, 32768, 68.22, 41
2026/09/08 07:10:16.320, 0, Tesla V100-SXM2-32GB, 6, 3309, 32768, 56.91, 40
2026/09/08 07:10:18.407, 0, Tesla V100-SXM2-32GB, 4, 3309, 32768, 68.22, 40
2026/09/08 07:10:20.439, 0, Tesla V100-SXM2-32GB, 5, 3309, 32768, 67.72, 40
2026/09/08 07:10:22.527, 0, Tesla V100-SXM2-32GB, 6, 3309, 32768, 67.72, 40
2026/09/08 07:10:24.601, 0, Tesla V100-SXM2-32GB, 6, 3309, 32768, 67.72, 39
2026/09/08 07:10:26.687, 0, Tesla V100-SXM2-32GB, 5, 3309, 32768, 67.23, 39
2026/09/08 07:10:28.738, 0, Tesla V100-SXM2-32GB, 6, 3309, 32768, 67.23, 39
2026/09/08 07:10:30.803, 0, Tesla V100-SXM2-32GB, 6, 3309, 32768, 67.72, 39
2026/09/08 07:10:32.889, 0, Tesla V100-SXM2-32GB, 28, 3309, 32768, 167.46, 40
2026/09/08 07:10:34.979, 0, Tesla V100-SXM2-32GB, 6, 3309, 32768, 67.72, 39
2026/09/08 07:10:37.029, 0, Tesla V100-SXM2-32GB, 61, 3309, 32768, 138.51, 40
2026/09/08 07:10:39.095, 0, Tesla V100-SXM2-32GB, 6, 3309, 32768, 67.23, 38
2026/09/08 07:10:41.164, 0, Tesla V100-SXM2-32GB, 39, 3309, 32768, 67.72, 39
2026/09/08 07:10:43.236, 0, Tesla V100-SXM2-32GB, 6, 3309, 32768, 67.23, 38
2026/09/08 07:10:45.304, 0, Tesla V100-SXM2-32GB, 6, 3309, 32768, 67.23, 38
2026/09/08 07:10:47.392, 0, Tesla V100-SXM2-32GB, 6, 3309, 32768, 66.74, 38
2026/09/08 07:10:49.442, 0, Tesla V100-SXM2-32GB, 6, 3309, 32768, 67.23, 38
2026/09/08 07:10:51.494, 0, Tesla V100-SXM2-32GB, 72, 3309, 32768, 131.12, 40
2026/09/08 07:10:53.588, 0, Tesla V100-SXM2-32GB, 6, 3309, 32768, 66.74, 38
2026/09/08 07:10:55.660, 0, Tesla V100-SXM2-32GB, 40, 3309, 32768, 87.41, 39
2026/09/08 07:10:57.728, 0, Tesla V100-SXM2-32GB, 6, 3309, 32768, 66.74, 38
2026/09/08 07:10:59.816, 0, Tesla V100-SXM2-32GB, 54, 3309, 32768, 96.78, 38
2026/09/08 07:11:01.870, 0, Tesla V100-SXM2-32GB, 6, 3309, 32768, 67.23, 38
2026/09/08 07:11:03.903, 0, Tesla V100-SXM2-32GB, 5, 3309, 32768, 96.28, 37
2026/09/08 07:11:05.971, 0, Tesla V100-SXM2-32GB, 6, 3309, 32768, 66.74, 37
2026/09/08 07:11:08.003, 0, Tesla V100-SXM2-32GB, 39, 3309, 32768, 168.55, 38
2026/09/08 07:11:10.092, 0, Tesla V100-SXM2-32GB, 6, 3309, 32768, 66.74, 37
2026/09/08 07:11:12.180, 0, Tesla V100-SXM2-32GB, 6, 3309, 32768, 67.23, 38
2026/09/08 07:11:14.234, 0, Tesla V100-SXM2-32GB, 6, 3309, 32768, 66.74, 37
2026/09/08 07:11:16.285, 0, Tesla V100-SXM2-32GB, 54, 3309, 32768, 67.23, 38
2026/09/08 07:11:18.355, 0, Tesla V100-SXM2-32GB, 6, 3309, 32768, 66.74, 37
2026/09/08 07:11:20.409, 0, Tesla V100-SXM2-32GB, 67, 3309, 32768, 158.21, 38
2026/09/08 07:11:22.475, 0, Tesla V100-SXM2-32GB, 7, 3309, 32768, 160.18, 39
2026/09/08 07:11:24.564, 0, Tesla V100-SXM2-32GB, 6, 3309, 32768, 66.74, 37
2026/09/08 07:11:26.656, 0, Tesla V100-SXM2-32GB, 44, 3309, 32768, 66.74, 38
2026/09/08 07:11:28.749, 0, Tesla V100-SXM2-32GB, 6, 3309, 32768, 66.74, 37
2026/09/08 07:11:30.839, 0, Tesla V100-SXM2-32GB, 6, 3309, 32768, 67.23, 37
2026/09/08 07:11:32.894, 0, Tesla V100-SXM2-32GB, 6, 3309, 32768, 66.74, 37
2026/09/08 07:11:34.946, 0, Tesla V100-SXM2-32GB, 6, 3309, 32768, 66.74, 37
2026/09/08 07:11:36.998, 0, Tesla V100-SXM2-32GB, 6, 3309, 32768, 66.74, 37
2026/09/08 07:11:39.068, 0, Tesla V100-SXM2-32GB, 5, 3309, 32768, 67.23, 37
2026/09/08 07:11:41.123, 0, Tesla V100-SXM2-32GB, 5, 3309, 32768, 66.74, 37
2026/09/08 07:11:43.174, 0, Tesla V100-SXM2-32GB, 6, 3309, 32768, 66.74, 37
2026/09/08 07:11:45.244, 0, Tesla V100-SXM2-32GB, 5, 3309, 32768, 66.74, 36
2026/09/08 07:11:47.335, 0, Tesla V100-SXM2-32GB, 6, 3309, 32768, 66.74, 37
2026/09/08 07:11:49.408, 0, Tesla V100-SXM2-32GB, 5, 3309, 32768, 55.92, 36
2026/09/08 07:11:51.460, 0, Tesla V100-SXM2-32GB, 6, 3309, 32768, 66.24, 36
2026/09/08 07:11:53.529, 0, Tesla V100-SXM2-32GB, 6, 3309, 32768, 195.88, 37
2026/09/08 07:11:55.619, 0, Tesla V100-SXM2-32GB, 6, 3309, 32768, 66.74, 36
2026/09/08 07:11:57.670, 0, Tesla V100-SXM2-32GB, 34, 3309, 32768, 75.62, 38
2026/09/08 07:11:59.739, 0, Tesla V100-SXM2-32GB, 6, 3309, 32768, 66.74, 36
2026/09/08 07:12:01.809, 0, Tesla V100-SXM2-32GB, 6, 3309, 32768, 66.74, 37
2026/09/08 07:12:03.903, 0, Tesla V100-SXM2-32GB, 6, 3309, 32768, 66.74, 36
2026/09/08 07:12:05.958, 0, Tesla V100-SXM2-32GB, 6, 3309, 32768, 66.74, 37
2026/09/08 07:12:08.012, 0, Tesla V100-SXM2-32GB, 6, 3309, 32768, 66.74, 36
2026/09/08 07:12:10.081, 0, Tesla V100-SXM2-32GB, 6, 3309, 32768, 66.74, 36
2026/09/08 07:12:12.172, 0, Tesla V100-SXM2-32GB, 41, 3309, 32768, 67.72, 37
2026/09/08 07:12:14.260, 0, Tesla V100-SXM2-32GB, 6, 3309, 32768, 66.24, 36
2026/09/08 07:12:16.333, 0, Tesla V100-SXM2-32GB, 54, 3309, 32768, 67.23, 37
2026/09/08 07:12:18.404, 0, Tesla V100-SXM2-32GB, 6, 3309, 32768, 66.74, 36
2026/09/08 07:12:20.476, 0, Tesla V100-SXM2-32GB, 55, 3309, 32768, 66.74, 37
2026/09/08 07:12:22.549, 0, Tesla V100-SXM2-32GB, 6, 3309, 32768, 66.74, 36
2026/09/08 07:12:24.620, 0, Tesla V100-SXM2-32GB, 6, 3309, 32768, 66.74, 36
2026/09/08 07:12:26.669, 0, Tesla V100-SXM2-32GB, 6, 3309, 32768, 66.74, 36
2026/09/08 07:12:28.736, 0, Tesla V100-SXM2-32GB, 6, 3309, 32768, 66.24, 36
2026/09/08 07:12:30.804, 0, Tesla V100-SXM2-32GB, 22, 3309, 32768, 66.74, 36
2026/09/08 07:12:32.836, 0, Tesla V100-SXM2-32GB, 6, 3309, 32768, 66.74, 36
2026/09/08 07:12:34.909, 0, Tesla V100-SXM2-32GB, 22, 3309, 32768, 133.59, 37
2026/09/08 07:12:36.962, 0, Tesla V100-SXM2-32GB, 6, 3309, 32768, 66.74, 36
2026/09/08 07:12:39.031, 0, Tesla V100-SXM2-32GB, 6, 3309, 32768, 66.74, 36
2026/09/08 07:12:41.081, 0, Tesla V100-SXM2-32GB, 6, 3309, 32768, 66.24, 36
2026/09/08 07:12:43.172, 0, Tesla V100-SXM2-32GB, 6, 3309, 32768, 154.27, 37
2026/09/08 07:12:45.226, 0, Tesla V100-SXM2-32GB, 6, 3309, 32768, 66.74, 37
2026/09/08 07:12:47.278, 0, Tesla V100-SXM2-32GB, 6, 3309, 32768, 66.74, 36
2026/09/08 07:12:49.329, 0, Tesla V100-SXM2-32GB, 6, 3309, 32768, 67.23, 37
2026/09/08 07:12:51.381, 0, Tesla V100-SXM2-32GB, 6, 3309, 32768, 66.74, 36
2026/09/08 07:12:53.476, 0, Tesla V100-SXM2-32GB, 6, 3309, 32768, 66.74, 37
2026/09/08 07:12:55.553, 0, Tesla V100-SXM2-32GB, 6, 3309, 32768, 66.24, 36
2026/09/08 07:12:57.644, 0, Tesla V100-SXM2-32GB, 6, 3309, 32768, 66.74, 36
2026/09/08 07:12:59.698, 0, Tesla V100-SXM2-32GB, 19, 3309, 32768, 68.22, 37
2026/09/08 07:13:01.767, 0, Tesla V100-SXM2-32GB, 6, 3309, 32768, 66.24, 37
2026/09/08 07:13:03.823, 0, Tesla V100-SXM2-32GB, 6, 3309, 32768, 66.74, 36
2026/09/08 07:13:05.892, 0, Tesla V100-SXM2-32GB, 6, 3309, 32768, 66.74, 36
2026/09/08 07:13:07.979, 0, Tesla V100-SXM2-32GB, 9, 3309, 32768, 142.45, 37
2026/09/08 07:13:10.071, 0, Tesla V100-SXM2-32GB, 6, 3309, 32768, 66.74, 36
2026/09/08 07:13:12.143, 0, Tesla V100-SXM2-32GB, 6, 3309, 32768, 66.74, 37
2026/09/08 07:13:14.198, 0, Tesla V100-SXM2-32GB, 6, 3309, 32768, 66.74, 36
2026/09/08 07:13:16.288, 0, Tesla V100-SXM2-32GB, 15, 3309, 32768, 67.23, 37
2026/09/08 07:13:18.365, 0, Tesla V100-SXM2-32GB, 6, 3309, 32768, 67.23, 37
2026/09/08 07:13:20.436, 0, Tesla V100-SXM2-32GB, 6, 3309, 32768, 66.74, 37
2026/09/08 07:13:22.511, 0, Tesla V100-SXM2-32GB, 6, 3309, 32768, 66.74, 37
2026/09/08 07:13:24.600, 0, Tesla V100-SXM2-32GB, 6, 3309, 32768, 66.74, 37
2026/09/08 07:13:26.692, 0, Tesla V100-SXM2-32GB, 6, 3309, 32768, 66.74, 37
2026/09/08 07:13:28.783, 0, Tesla V100-SXM2-32GB, 6, 3309, 32768, 66.74, 37
2026/09/08 07:13:30.873, 0, Tesla V100-SXM2-32GB, 12, 3309, 32768, 66.74, 37
2026/09/08 07:13:32.926, 0, Tesla V100-SXM2-32GB, 6, 3309, 32768, 66.74, 37
2026/09/08 07:13:34.996, 0, Tesla V100-SXM2-32GB, 6, 3309, 32768, 66.74, 37
2026/09/08 07:13:37.030, 0, Tesla V100-SXM2-32GB, 6, 3309, 32768, 68.22, 37
2026/09/08 07:13:39.082, 0, Tesla V100-SXM2-32GB, 6, 3309, 32768, 66.74, 37
2026/09/08 07:13:41.172, 0, Tesla V100-SXM2-32GB, 7, 3309, 32768, 66.74, 37
2026/09/08 07:13:43.226, 0, Tesla V100-SXM2-32GB, 76, 3309, 32768, 72.66, 38
2026/09/08 07:13:45.297, 0, Tesla V100-SXM2-32GB, 74, 3309, 32768, 186.53, 40
2026/09/08 07:13:47.350, 0, Tesla V100-SXM2-32GB, 100, 3309, 32768, 184.56, 41
2026/09/08 07:13:49.402, 0, Tesla V100-SXM2-32GB, 100, 3309, 32768, 174.84, 41
2026/09/08 07:13:51.492, 0, Tesla V100-SXM2-32GB, 100, 3309, 32768, 185.05, 42
2026/09/08 07:13:53.579, 0, Tesla V100-SXM2-32GB, 100, 3309, 32768, 192.43, 43
2026/09/08 07:13:55.651, 0, Tesla V100-SXM2-32GB, 100, 3309, 32768, 76.11, 42
2026/09/08 07:13:57.744, 0, Tesla V100-SXM2-32GB, 79, 3309, 32768, 68.22, 42
2026/09/08 07:13:59.798, 0, Tesla V100-SXM2-32GB, 49, 3309, 32768, 68.71, 41
2026/09/08 07:14:01.849, 0, Tesla V100-SXM2-32GB, 76, 3309, 32768, 69.21, 42
2026/09/08 07:14:03.917, 0, Tesla V100-SXM2-32GB, 17, 3309, 32768, 155.15, 42
2026/09/08 07:14:05.985, 0, Tesla V100-SXM2-32GB, 19, 3309, 32768, 190.46, 43
2026/09/08 07:14:08.034, 0, Tesla V100-SXM2-32GB, 17, 3309, 32768, 196.86, 44
2026/09/08 07:14:10.103, 0, Tesla V100-SXM2-32GB, 97, 3309, 32768, 209.65, 44
2026/09/08 07:14:12.154, 0, Tesla V100-SXM2-32GB, 99, 3309, 32768, 196.37, 44
2026/09/08 07:14:14.239, 0, Tesla V100-SXM2-32GB, 100, 3309, 32768, 184.56, 45
2026/09/08 07:14:16.308, 0, Tesla V100-SXM2-32GB, 100, 3309, 32768, 190.46, 45
2026/09/08 07:14:18.377, 0, Tesla V100-SXM2-32GB, 100, 3309, 32768, 85.00, 45
2026/09/08 07:14:20.451, 0, Tesla V100-SXM2-32GB, 100, 3309, 32768, 69.70, 44
2026/09/08 07:14:22.506, 0, Tesla V100-SXM2-32GB, 25, 3309, 32768, 69.70, 44
2026/09/08 07:14:24.576, 0, Tesla V100-SXM2-32GB, 14, 3309, 32768, 173.86, 45
2026/09/08 07:14:26.669, 0, Tesla V100-SXM2-32GB, 6, 3309, 32768, 68.71, 42
2026/09/08 07:14:28.741, 0, Tesla V100-SXM2-32GB, 6, 3309, 32768, 57.40, 41
2026/09/08 07:14:30.827, 0, Tesla V100-SXM2-32GB, 6, 3309, 32768, 68.22, 41
2026/09/08 07:14:32.915, 0, Tesla V100-SXM2-32GB, 6, 3309, 32768, 68.22, 41
2026/09/08 07:14:34.984, 0, Tesla V100-SXM2-32GB, 6, 3309, 32768, 67.77, 41
2026/09/08 07:14:37.034, 0, Tesla V100-SXM2-32GB, 6, 3309, 32768, 67.72, 40
2026/09/08 07:14:39.104, 0, Tesla V100-SXM2-32GB, 6, 3309, 32768, 67.72, 40
2026/09/08 07:14:41.158, 0, Tesla V100-SXM2-32GB, 6, 3309, 32768, 67.72, 40
2026/09/08 07:14:43.248, 0, Tesla V100-SXM2-32GB, 6, 3309, 32768, 67.72, 40
2026/09/08 07:14:45.340, 0, Tesla V100-SXM2-32GB, 74, 3309, 32768, 78.09, 42
2026/09/08 07:14:47.412, 0, Tesla V100-SXM2-32GB, 6, 3309, 32768, 67.72, 40
2026/09/08 07:14:49.504, 0, Tesla V100-SXM2-32GB, 67, 3309, 32768, 152.30, 41
2026/09/08 07:14:51.592, 0, Tesla V100-SXM2-32GB, 6, 3309, 32768, 67.72, 40
2026/09/08 07:14:53.684, 0, Tesla V100-SXM2-32GB, 6, 3309, 32768, 67.72, 40
2026/09/08 07:14:55.736, 0, Tesla V100-SXM2-32GB, 5, 3309, 32768, 67.72, 40
2026/09/08 07:14:57.808, 0, Tesla V100-SXM2-32GB, 6, 3309, 32768, 67.77, 40
2026/09/08 07:14:59.900, 0, Tesla V100-SXM2-32GB, 6, 3309, 32768, 67.23, 39
2026/09/08 07:15:01.934, 0, Tesla V100-SXM2-32GB, 6, 3309, 32768, 67.72, 39
2026/09/08 07:15:03.986, 0, Tesla V100-SXM2-32GB, 57, 3309, 32768, 124.31, 40
2026/09/08 07:15:06.038, 0, Tesla V100-SXM2-32GB, 6, 3309, 32768, 67.72, 39
2026/09/08 07:15:08.090, 0, Tesla V100-SXM2-32GB, 6, 3309, 32768, 67.23, 39
2026/09/08 07:15:10.142, 0, Tesla V100-SXM2-32GB, 6, 3309, 32768, 67.72, 39
2026/09/08 07:15:12.232, 0, Tesla V100-SXM2-32GB, 69, 3309, 32768, 137.03, 40
2026/09/08 07:15:14.320, 0, Tesla V100-SXM2-32GB, 6, 3309, 32768, 67.23, 39
2026/09/08 07:15:16.393, 0, Tesla V100-SXM2-32GB, 83, 3309, 32768, 158.60, 40
2026/09/08 07:15:18.446, 0, Tesla V100-SXM2-32GB, 6, 3309, 32768, 67.72, 39
2026/09/08 07:15:20.515, 0, Tesla V100-SXM2-32GB, 74, 3309, 32768, 71.67, 40
2026/09/08 07:15:22.566, 0, Tesla V100-SXM2-32GB, 6, 3309, 32768, 67.28, 39
2026/09/08 07:15:24.640, 0, Tesla V100-SXM2-32GB, 6, 3309, 32768, 67.72, 39
2026/09/08 07:15:26.693, 0, Tesla V100-SXM2-32GB, 6, 3309, 32768, 67.23, 39
2026/09/08 07:15:28.784, 0, Tesla V100-SXM2-32GB, 56, 3309, 32768, 89.38, 39
2026/09/08 07:15:30.856, 0, Tesla V100-SXM2-32GB, 6, 3309, 32768, 67.23, 39
2026/09/08 07:15:32.910, 0, Tesla V100-SXM2-32GB, 65, 3309, 32768, 67.72, 39
2026/09/08 07:15:35.000, 0, Tesla V100-SXM2-32GB, 5, 3309, 32768, 67.23, 39
2026/09/08 07:15:37.054, 0, Tesla V100-SXM2-32GB, 6, 3309, 32768, 67.28, 38
2026/09/08 07:15:39.106, 0, Tesla V100-SXM2-32GB, 12, 3309, 32768, 67.72, 39
2026/09/08 07:15:41.159, 0, Tesla V100-SXM2-32GB, 6, 3309, 32768, 67.23, 39
2026/09/08 07:15:43.233, 0, Tesla V100-SXM2-32GB, 6, 3309, 32768, 67.23, 39
2026/09/08 07:15:45.299, 0, Tesla V100-SXM2-32GB, 6, 3309, 32768, 67.28, 38
2026/09/08 07:15:47.392, 0, Tesla V100-SXM2-32GB, 6, 3309, 32768, 67.23, 39
2026/09/08 07:15:49.460, 0, Tesla V100-SXM2-32GB, 6, 3309, 32768, 67.23, 38
2026/09/08 07:15:51.532, 0, Tesla V100-SXM2-32GB, 7, 3309, 32768, 67.23, 39
2026/09/08 07:15:53.586, 0, Tesla V100-SXM2-32GB, 6, 3309, 32768, 67.28, 38
2026/09/08 07:15:55.661, 0, Tesla V100-SXM2-32GB, 6, 3309, 32768, 67.28, 38
2026/09/08 07:15:57.728, 0, Tesla V100-SXM2-32GB, 5, 3309, 32768, 67.23, 38
2026/09/08 07:15:59.778, 0, Tesla V100-SXM2-32GB, 6, 3309, 32768, 67.28, 38
2026/09/08 07:16:01.828, 0, Tesla V100-SXM2-32GB, 6, 3309, 32768, 56.41, 38
2026/09/08 07:16:03.899, 0, Tesla V100-SXM2-32GB, 6, 3309, 32768, 67.28, 38
2026/09/08 07:16:05.992, 0, Tesla V100-SXM2-32GB, 18, 3309, 32768, 171.28, 39
2026/09/08 07:16:08.046, 0, Tesla V100-SXM2-32GB, 6, 3309, 32768, 67.28, 38
2026/09/08 07:16:10.098, 0, Tesla V100-SXM2-32GB, 83, 3309, 32768, 68.71, 39
2026/09/08 07:16:12.167, 0, Tesla V100-SXM2-32GB, 6, 3309, 32768, 67.23, 38
2026/09/08 07:16:14.256, 0, Tesla V100-SXM2-32GB, 6, 3309, 32768, 67.23, 38
2026/09/08 07:16:16.311, 0, Tesla V100-SXM2-32GB, 6, 3309, 32768, 67.28, 38
2026/09/08 07:16:18.366, 0, Tesla V100-SXM2-32GB, 53, 3309, 32768, 67.23, 39
2026/09/08 07:16:20.457, 0, Tesla V100-SXM2-32GB, 6, 3309, 32768, 66.74, 38
2026/09/08 07:16:22.510, 0, Tesla V100-SXM2-32GB, 6, 3309, 32768, 67.28, 38
2026/09/08 07:16:24.580, 0, Tesla V100-SXM2-32GB, 6, 3309, 32768, 66.78, 38
2026/09/08 07:16:26.652, 0, Tesla V100-SXM2-32GB, 6, 3309, 32768, 66.78, 38
2026/09/08 07:16:28.700, 0, Tesla V100-SXM2-32GB, 58, 3309, 32768, 126.77, 39
2026/09/08 07:16:30.749, 0, Tesla V100-SXM2-32GB, 6, 3309, 32768, 66.78, 38
2026/09/08 07:16:32.801, 0, Tesla V100-SXM2-32GB, 56, 3309, 32768, 144.02, 39
2026/09/08 07:16:34.871, 0, Tesla V100-SXM2-32GB, 6, 3309, 32768, 67.28, 38
2026/09/08 07:16:36.943, 0, Tesla V100-SXM2-32GB, 72, 3309, 32768, 81.05, 39
2026/09/08 07:16:38.996, 0, Tesla V100-SXM2-32GB, 6, 3309, 32768, 67.23, 37
2026/09/08 07:16:41.068, 0, Tesla V100-SXM2-32GB, 6, 3309, 32768, 67.28, 38
2026/09/08 07:16:43.122, 0, Tesla V100-SXM2-32GB, 6, 3309, 32768, 66.78, 37
2026/09/08 07:16:45.216, 0, Tesla V100-SXM2-32GB, 6, 3309, 32768, 66.78, 38
2026/09/08 07:16:47.267, 0, Tesla V100-SXM2-32GB, 6, 3309, 32768, 55.92, 37
2026/09/08 07:16:49.322, 0, Tesla V100-SXM2-32GB, 6, 3309, 32768, 66.78, 37
2026/09/08 07:16:51.375, 0, Tesla V100-SXM2-32GB, 69, 3309, 32768, 67.72, 39
2026/09/08 07:16:53.424, 0, Tesla V100-SXM2-32GB, 6, 3309, 32768, 66.78, 37
2026/09/08 07:16:55.492, 0, Tesla V100-SXM2-32GB, 6, 3309, 32768, 66.74, 38
2026/09/08 07:16:57.584, 0, Tesla V100-SXM2-32GB, 78, 3309, 32768, 67.72, 39
2026/09/08 07:16:59.638, 0, Tesla V100-SXM2-32GB, 5, 3309, 32768, 67.23, 37
2026/09/08 07:17:01.690, 0, Tesla V100-SXM2-32GB, 67, 3309, 32768, 66.78, 38
2026/09/08 07:17:03.742, 0, Tesla V100-SXM2-32GB, 6, 3309, 32768, 66.78, 37
2026/09/08 07:17:05.812, 0, Tesla V100-SXM2-32GB, 6, 3309, 32768, 66.78, 38
2026/09/08 07:17:07.861, 0, Tesla V100-SXM2-32GB, 6, 3309, 32768, 66.74, 37
2026/09/08 07:17:09.928, 0, Tesla V100-SXM2-32GB, 6, 3309, 32768, 66.74, 37
2026/09/08 07:17:11.996, 0, Tesla V100-SXM2-32GB, 6, 3309, 32768, 66.74, 37
2026/09/08 07:17:14.054, 0, Tesla V100-SXM2-32GB, 6, 3309, 32768, 66.78, 37
2026/09/08 07:17:16.124, 0, Tesla V100-SXM2-32GB, 6, 3309, 32768, 66.78, 37
2026/09/08 07:17:18.174, 0, Tesla V100-SXM2-32GB, 6, 3309, 32768, 66.74, 37
2026/09/08 07:17:20.226, 0, Tesla V100-SXM2-32GB, 6, 3309, 32768, 67.28, 37
2026/09/08 07:17:22.315, 0, Tesla V100-SXM2-32GB, 6, 3309, 32768, 66.78, 37
2026/09/08 07:17:24.404, 0, Tesla V100-SXM2-32GB, 54, 3309, 32768, 68.22, 38
2026/09/08 07:17:26.458, 0, Tesla V100-SXM2-32GB, 6, 3309, 32768, 66.74, 37
2026/09/08 07:17:28.510, 0, Tesla V100-SXM2-32GB, 6, 3309, 32768, 66.74, 37
2026/09/08 07:17:30.580, 0, Tesla V100-SXM2-32GB, 4, 3309, 32768, 66.74, 37
2026/09/08 07:17:32.630, 0, Tesla V100-SXM2-32GB, 6, 3309, 32768, 66.74, 37
2026/09/08 07:17:34.681, 0, Tesla V100-SXM2-32GB, 6, 3309, 32768, 66.78, 37
2026/09/08 07:17:36.772, 0, Tesla V100-SXM2-32GB, 6, 3309, 32768, 66.78, 37
2026/09/08 07:17:38.860, 0, Tesla V100-SXM2-32GB, 23, 3309, 32768, 149.84, 38
2026/09/08 07:17:40.952, 0, Tesla V100-SXM2-32GB, 6, 3309, 32768, 66.78, 37
2026/09/08 07:17:43.044, 0, Tesla V100-SXM2-32GB, 15, 3309, 32768, 161.06, 39
2026/09/08 07:17:45.098, 0, Tesla V100-SXM2-32GB, 6, 3309, 32768, 66.74, 37
2026/09/08 07:17:47.168, 0, Tesla V100-SXM2-32GB, 6, 3309, 32768, 66.74, 37
2026/09/08 07:17:49.222, 0, Tesla V100-SXM2-32GB, 6, 3309, 32768, 66.74, 37
2026/09/08 07:17:51.312, 0, Tesla V100-SXM2-32GB, 5, 3309, 32768, 66.78, 37
2026/09/08 07:17:53.400, 0, Tesla V100-SXM2-32GB, 6, 3309, 32768, 66.78, 37
2026/09/08 07:17:55.451, 0, Tesla V100-SXM2-32GB, 55, 3309, 32768, 66.78, 37
2026/09/08 07:17:57.483, 0, Tesla V100-SXM2-32GB, 42, 3309, 32768, 170.41, 39
2026/09/08 07:17:59.538, 0, Tesla V100-SXM2-32GB, 16, 3309, 32768, 186.16, 39
2026/09/08 07:18:01.616, 0, Tesla V100-SXM2-32GB, 16, 3309, 32768, 176.81, 41
2026/09/08 07:18:03.684, 0, Tesla V100-SXM2-32GB, 79, 3309, 32768, 205.22, 42
2026/09/08 07:18:05.738, 0, Tesla V100-SXM2-32GB, 60, 3309, 32768, 182.10, 42
2026/09/08 07:18:07.791, 0, Tesla V100-SXM2-32GB, 63, 3309, 32768, 187.51, 42
2026/09/08 07:18:09.842, 0, Tesla V100-SXM2-32GB, 93, 3309, 32768, 204.73, 43
2026/09/08 07:18:11.895, 0, Tesla V100-SXM2-32GB, 100, 3309, 32768, 174.35, 43
2026/09/08 07:18:13.983, 0, Tesla V100-SXM2-32GB, 100, 3309, 32768, 154.27, 43
2026/09/08 07:18:16.058, 0, Tesla V100-SXM2-32GB, 100, 3309, 32768, 68.71, 42
2026/09/08 07:18:18.111, 0, Tesla V100-SXM2-32GB, 95, 3309, 32768, 70.68, 42
2026/09/08 07:18:20.162, 0, Tesla V100-SXM2-32GB, 14, 3309, 32768, 68.71, 42
2026/09/08 07:18:22.231, 0, Tesla V100-SXM2-32GB, 14, 3309, 32768, 177.30, 43
2026/09/08 07:18:24.300, 0, Tesla V100-SXM2-32GB, 13, 3309, 32768, 210.14, 43
2026/09/08 07:18:26.368, 0, Tesla V100-SXM2-32GB, 86, 3309, 32768, 178.29, 44
2026/09/08 07:18:28.455, 0, Tesla V100-SXM2-32GB, 78, 3309, 32768, 210.49, 45
2026/09/08 07:18:30.524, 0, Tesla V100-SXM2-32GB, 100, 3309, 32768, 171.40, 45
2026/09/08 07:18:32.556, 0, Tesla V100-SXM2-32GB, 100, 3309, 32768, 194.89, 45
2026/09/08 07:18:34.648, 0, Tesla V100-SXM2-32GB, 100, 3309, 32768, 158.21, 45
2026/09/08 07:18:36.736, 0, Tesla V100-SXM2-32GB, 54, 3309, 32768, 69.21, 43
2026/09/08 07:18:38.788, 0, Tesla V100-SXM2-32GB, 6, 3309, 32768, 67.77, 41
2026/09/08 07:18:40.861, 0, Tesla V100-SXM2-32GB, 6, 3309, 32768, 56.91, 40
2026/09/08 07:18:42.909, 0, Tesla V100-SXM2-32GB, 6, 3309, 32768, 68.22, 40
2026/09/08 07:18:44.963, 0, Tesla V100-SXM2-32GB, 6, 3309, 32768, 67.72, 40
2026/09/08 07:18:47.015, 0, Tesla V100-SXM2-32GB, 6, 3309, 32768, 67.72, 40
2026/09/08 07:18:49.104, 0, Tesla V100-SXM2-32GB, 6, 3309, 32768, 67.72, 39
2026/09/08 07:18:51.158, 0, Tesla V100-SXM2-32GB, 6, 3309, 32768, 67.72, 39
2026/09/08 07:18:53.249, 0, Tesla V100-SXM2-32GB, 6, 3309, 32768, 75.13, 40
2026/09/08 07:18:55.341, 0, Tesla V100-SXM2-32GB, 6, 3309, 32768, 67.77, 39
2026/09/08 07:18:57.394, 0, Tesla V100-SXM2-32GB, 62, 3309, 32768, 75.13, 40
2026/09/08 07:18:59.484, 0, Tesla V100-SXM2-32GB, 6, 3309, 32768, 67.28, 39
2026/09/08 07:19:01.555, 0, Tesla V100-SXM2-32GB, 6, 3309, 32768, 146.39, 39
2026/09/08 07:19:03.601, 0, Tesla V100-SXM2-32GB, 6, 3309, 32768, 67.72, 38
2026/09/08 07:19:05.655, 0, Tesla V100-SXM2-32GB, 6, 3309, 32768, 67.23, 39
2026/09/08 07:19:07.744, 0, Tesla V100-SXM2-32GB, 6, 3309, 32768, 67.23, 38
2026/09/08 07:19:09.816, 0, Tesla V100-SXM2-32GB, 6, 3309, 32768, 67.23, 38
2026/09/08 07:19:11.908, 0, Tesla V100-SXM2-32GB, 6, 3309, 32768, 67.23, 38
2026/09/08 07:19:13.981, 0, Tesla V100-SXM2-32GB, 6, 3309, 32768, 67.28, 38
2026/09/08 07:19:16.048, 0, Tesla V100-SXM2-32GB, 6, 3309, 32768, 67.23, 38
2026/09/08 07:19:18.141, 0, Tesla V100-SXM2-32GB, 6, 3309, 32768, 67.23, 38
2026/09/08 07:19:20.212, 0, Tesla V100-SXM2-32GB, 81, 3309, 32768, 67.72, 39
2026/09/08 07:19:22.300, 0, Tesla V100-SXM2-32GB, 4, 3309, 32768, 67.23, 38
2026/09/08 07:19:24.368, 0, Tesla V100-SXM2-32GB, 6, 3309, 32768, 67.72, 38
2026/09/08 07:19:26.422, 0, Tesla V100-SXM2-32GB, 6, 3309, 32768, 66.74, 38
2026/09/08 07:19:28.492, 0, Tesla V100-SXM2-32GB, 5, 3309, 32768, 67.23, 38
2026/09/08 07:19:30.580, 0, Tesla V100-SXM2-32GB, 6, 3309, 32768, 66.74, 38
2026/09/08 07:19:32.668, 0, Tesla V100-SXM2-32GB, 47, 3309, 32768, 63.33, 37
2026/09/08 07:19:34.740, 0, Tesla V100-SXM2-32GB, 6, 3309, 32768, 67.23, 37
2026/09/08 07:19:36.807, 0, Tesla V100-SXM2-32GB, 6, 3309, 32768, 66.74, 37
2026/09/08 07:19:38.871, 0, Tesla V100-SXM2-32GB, 6, 3309, 32768, 66.74, 37
2026/09/08 07:19:40.941, 0, Tesla V100-SXM2-32GB, 6, 3309, 32768, 66.74, 37
2026/09/08 07:19:43.007, 0, Tesla V100-SXM2-32GB, 4, 3309, 32768, 67.23, 38
2026/09/08 07:19:45.058, 0, Tesla V100-SXM2-32GB, 6, 3309, 32768, 66.74, 37
2026/09/08 07:19:47.091, 0, Tesla V100-SXM2-32GB, 6, 3309, 32768, 66.74, 37
2026/09/08 07:19:49.179, 0, Tesla V100-SXM2-32GB, 6, 3309, 32768, 66.74, 37
2026/09/08 07:19:51.248, 0, Tesla V100-SXM2-32GB, 68, 3309, 32768, 155.15, 39
2026/09/08 07:19:53.335, 0, Tesla V100-SXM2-32GB, 6, 3309, 32768, 67.23, 37
2026/09/08 07:19:55.404, 0, Tesla V100-SXM2-32GB, 6, 3309, 32768, 66.74, 37
2026/09/08 07:19:57.453, 0, Tesla V100-SXM2-32GB, 6, 3309, 32768, 66.74, 37
2026/09/08 07:19:59.506, 0, Tesla V100-SXM2-32GB, 6, 3309, 32768, 66.74, 37
2026/09/08 07:20:01.597, 0, Tesla V100-SXM2-32GB, 6, 3309, 32768, 66.74, 37
2026/09/08 07:20:03.646, 0, Tesla V100-SXM2-32GB, 34, 3309, 32768, 106.64, 38
2026/09/08 07:20:05.735, 0, Tesla V100-SXM2-32GB, 6, 3309, 32768, 66.74, 37
2026/09/08 07:20:07.804, 0, Tesla V100-SXM2-32GB, 36, 3309, 32768, 66.74, 37
2026/09/08 07:20:09.854, 0, Tesla V100-SXM2-32GB, 6, 3309, 32768, 66.74, 37
2026/09/08 07:20:11.924, 0, Tesla V100-SXM2-32GB, 6, 3309, 32768, 67.23, 37
2026/09/08 07:20:14.012, 0, Tesla V100-SXM2-32GB, 6, 3309, 32768, 66.74, 37
2026/09/08 07:20:16.080, 0, Tesla V100-SXM2-32GB, 6, 3309, 32768, 66.74, 37
2026/09/08 07:20:18.168, 0, Tesla V100-SXM2-32GB, 6, 3309, 32768, 66.74, 37
2026/09/08 07:20:20.256, 0, Tesla V100-SXM2-32GB, 86, 3309, 32768, 121.35, 37
2026/09/08 07:20:22.310, 0, Tesla V100-SXM2-32GB, 6, 3309, 32768, 66.74, 36
2026/09/08 07:20:24.362, 0, Tesla V100-SXM2-32GB, 6, 3309, 32768, 66.74, 37
2026/09/08 07:20:26.419, 0, Tesla V100-SXM2-32GB, 6, 3309, 32768, 66.24, 36
2026/09/08 07:20:28.455, 0, Tesla V100-SXM2-32GB, 6, 3309, 32768, 66.74, 37
2026/09/08 07:20:30.524, 0, Tesla V100-SXM2-32GB, 6, 3309, 32768, 66.24, 36
2026/09/08 07:20:32.573, 0, Tesla V100-SXM2-32GB, 6, 3309, 32768, 66.74, 37
2026/09/08 07:20:34.624, 0, Tesla V100-SXM2-32GB, 6, 3309, 32768, 66.24, 36
2026/09/08 07:20:36.715, 0, Tesla V100-SXM2-32GB, 6, 3309, 32768, 66.74, 37
2026/09/08 07:20:38.807, 0, Tesla V100-SXM2-32GB, 6, 3309, 32768, 66.74, 37
2026/09/08 07:20:40.895, 0, Tesla V100-SXM2-32GB, 6, 3309, 32768, 66.74, 36
2026/09/08 07:20:42.984, 0, Tesla V100-SXM2-32GB, 74, 3309, 32768, 201.29, 38
2026/09/08 07:20:45.076, 0, Tesla V100-SXM2-32GB, 6, 3309, 32768, 66.74, 36
2026/09/08 07:20:47.125, 0, Tesla V100-SXM2-32GB, 6, 3309, 32768, 66.74, 36
2026/09/08 07:20:49.192, 0, Tesla V100-SXM2-32GB, 6, 3309, 32768, 66.24, 36
2026/09/08 07:20:51.242, 0, Tesla V100-SXM2-32GB, 26, 3309, 32768, 135.06, 38
2026/09/08 07:20:53.294, 0, Tesla V100-SXM2-32GB, 6, 3309, 32768, 66.24, 36
2026/09/08 07:20:55.384, 0, Tesla V100-SXM2-32GB, 6, 3309, 32768, 66.74, 37
2026/09/08 07:20:57.438, 0, Tesla V100-SXM2-32GB, 6, 3309, 32768, 66.74, 36
2026/09/08 07:20:59.509, 0, Tesla V100-SXM2-32GB, 6, 3309, 32768, 66.74, 36
2026/09/08 07:21:01.581, 0, Tesla V100-SXM2-32GB, 6, 3309, 32768, 66.24, 36
2026/09/08 07:21:03.648, 0, Tesla V100-SXM2-32GB, 6, 3309, 32768, 66.74, 36
2026/09/08 07:21:05.714, 0, Tesla V100-SXM2-32GB, 6, 3309, 32768, 78.09, 37
2026/09/08 07:21:07.779, 0, Tesla V100-SXM2-32GB, 6, 3309, 32768, 66.74, 36
2026/09/08 07:21:09.852, 0, Tesla V100-SXM2-32GB, 76, 3309, 32768, 111.99, 39
2026/09/08 07:21:11.944, 0, Tesla V100-SXM2-32GB, 6, 3309, 32768, 66.74, 37
2026/09/08 07:21:13.998, 0, Tesla V100-SXM2-32GB, 6, 3309, 32768, 66.74, 36
2026/09/08 07:21:16.092, 0, Tesla V100-SXM2-32GB, 17, 3309, 32768, 66.74, 36
2026/09/08 07:21:18.142, 0, Tesla V100-SXM2-32GB, 6, 3309, 32768, 66.74, 36
2026/09/08 07:21:20.231, 0, Tesla V100-SXM2-32GB, 72, 3309, 32768, 66.74, 37
2026/09/08 07:21:22.299, 0, Tesla V100-SXM2-32GB, 6, 3309, 32768, 66.74, 36
2026/09/08 07:21:24.350, 0, Tesla V100-SXM2-32GB, 6, 3309, 32768, 66.74, 37
2026/09/08 07:21:26.396, 0, Tesla V100-SXM2-32GB, 6, 3309, 32768, 66.74, 36
2026/09/08 07:21:28.463, 0, Tesla V100-SXM2-32GB, 6, 3309, 32768, 66.74, 36
2026/09/08 07:21:30.531, 0, Tesla V100-SXM2-32GB, 6, 3309, 32768, 66.24, 36
2026/09/08 07:21:32.600, 0, Tesla V100-SXM2-32GB, 6, 3309, 32768, 66.74, 37
2026/09/08 07:21:34.650, 0, Tesla V100-SXM2-32GB, 6, 3309, 32768, 66.24, 36
2026/09/08 07:21:36.715, 0, Tesla V100-SXM2-32GB, 6, 3309, 32768, 66.74, 37
2026/09/08 07:21:38.803, 0, Tesla V100-SXM2-32GB, 6, 3309, 32768, 66.74, 36
2026/09/08 07:21:40.892, 0, Tesla V100-SXM2-32GB, 6, 3309, 32768, 66.74, 36
2026/09/08 07:21:42.979, 0, Tesla V100-SXM2-32GB, 17, 3309, 32768, 140.48, 37
2026/09/08 07:21:45.028, 0, Tesla V100-SXM2-32GB, 6, 3309, 32768, 66.74, 36
2026/09/08 07:21:47.116, 0, Tesla V100-SXM2-32GB, 6, 3309, 32768, 66.24, 36
2026/09/08 07:21:49.166, 0, Tesla V100-SXM2-32GB, 6, 3309, 32768, 66.74, 36
2026/09/08 07:21:51.213, 0, Tesla V100-SXM2-32GB, 56, 3309, 32768, 137.61, 38
2026/09/08 07:21:53.263, 0, Tesla V100-SXM2-32GB, 6, 3309, 32768, 66.74, 36
2026/09/08 07:21:55.318, 0, Tesla V100-SXM2-32GB, 24, 3309, 32768, 66.74, 37
2026/09/08 07:21:57.408, 0, Tesla V100-SXM2-32GB, 6, 3309, 32768, 66.74, 36
2026/09/08 07:21:59.479, 0, Tesla V100-SXM2-32GB, 6, 3309, 32768, 66.74, 37
2026/09/08 07:22:01.530, 0, Tesla V100-SXM2-32GB, 5, 3309, 32768, 66.74, 36
2026/09/08 07:22:03.620, 0, Tesla V100-SXM2-32GB, 6, 3309, 32768, 66.74, 37
2026/09/08 07:22:05.668, 0, Tesla V100-SXM2-32GB, 6, 3309, 32768, 66.74, 36
2026/09/08 07:22:07.718, 0, Tesla V100-SXM2-32GB, 6, 3309, 32768, 66.24, 37
2026/09/08 07:22:09.787, 0, Tesla V100-SXM2-32GB, 54, 3309, 32768, 67.23, 37
2026/09/08 07:22:11.838, 0, Tesla V100-SXM2-32GB, 6, 3309, 32768, 66.74, 37
2026/09/08 07:22:13.908, 0, Tesla V100-SXM2-32GB, 100, 3309, 32768, 185.18, 41
2026/09/08 07:22:16.003, 0, Tesla V100-SXM2-32GB, 99, 3309, 32768, 67.72, 40
2026/09/08 07:22:18.075, 0, Tesla V100-SXM2-32GB, 69, 3309, 32768, 67.72, 40
2026/09/08 07:22:20.160, 0, Tesla V100-SXM2-32GB, 9, 3309, 32768, 108.12, 40
2026/09/08 07:22:22.209, 0, Tesla V100-SXM2-32GB, 16, 3309, 32768, 200.79, 42
2026/09/08 07:22:24.295, 0, Tesla V100-SXM2-32GB, 100, 3309, 32768, 191.94, 43
2026/09/08 07:22:26.384, 0, Tesla V100-SXM2-32GB, 100, 3309, 32768, 170.41, 43
2026/09/08 07:22:28.432, 0, Tesla V100-SXM2-32GB, 100, 3309, 32768, 197.35, 44
2026/09/08 07:22:30.480, 0, Tesla V100-SXM2-32GB, 100, 3309, 32768, 179.15, 44
2026/09/08 07:22:32.533, 0, Tesla V100-SXM2-32GB, 100, 3309, 32768, 122.34, 44
2026/09/08 07:22:34.624, 0, Tesla V100-SXM2-32GB, 100, 3309, 32768, 69.21, 43
2026/09/08 07:22:36.721, 0, Tesla V100-SXM2-32GB, 19, 3309, 32768, 69.70, 42
2026/09/08 07:22:38.774, 0, Tesla V100-SXM2-32GB, 16, 3309, 32768, 175.33, 43
2026/09/08 07:22:40.839, 0, Tesla V100-SXM2-32GB, 24, 3309, 32768, 192.92, 44
2026/09/08 07:22:42.909, 0, Tesla V100-SXM2-32GB, 16, 3309, 32768, 198.83, 45
2026/09/08 07:22:44.963, 0, Tesla V100-SXM2-32GB, 95, 3309, 32768, 186.53, 45
2026/09/08 07:22:47.051, 0, Tesla V100-SXM2-32GB, 96, 3309, 32768, 175.82, 45
2026/09/08 07:22:49.116, 0, Tesla V100-SXM2-32GB, 100, 3309, 32768, 191.45, 46
2026/09/08 07:22:51.184, 0, Tesla V100-SXM2-32GB, 100, 3309, 32768, 189.97, 46
2026/09/08 07:22:53.234, 0, Tesla V100-SXM2-32GB, 3, 3309, 32768, 68.71, 42
2026/09/08 07:22:55.327, 0, Tesla V100-SXM2-32GB, 4, 3309, 32768, 57.40, 41
2026/09/08 07:22:57.396, 0, Tesla V100-SXM2-32GB, 3, 3309, 32768, 57.40, 40
2026/09/08 07:22:59.446, 0, Tesla V100-SXM2-32GB, 3, 3309, 32768, 68.22, 41
2026/09/08 07:23:01.532, 0, Tesla V100-SXM2-32GB, 53, 3309, 32768, 69.21, 41
2026/09/08 07:23:03.624, 0, Tesla V100-SXM2-32GB, 6, 3309, 32768, 68.22, 40
2026/09/08 07:23:05.674, 0, Tesla V100-SXM2-32GB, 26, 3309, 32768, 146.39, 41
2026/09/08 07:23:07.725, 0, Tesla V100-SXM2-32GB, 6, 3309, 32768, 68.22, 40
2026/09/08 07:23:09.816, 0, Tesla V100-SXM2-32GB, 55, 3309, 32768, 180.25, 42
2026/09/08 07:23:11.904, 0, Tesla V100-SXM2-32GB, 6, 3309, 32768, 67.77, 40
2026/09/08 07:23:13.955, 0, Tesla V100-SXM2-32GB, 6, 3309, 32768, 67.72, 40
2026/09/08 07:23:16.024, 0, Tesla V100-SXM2-32GB, 6, 3309, 32768, 68.22, 40
2026/09/08 07:23:18.079, 0, Tesla V100-SXM2-32GB, 6, 3309, 32768, 67.72, 40
2026/09/08 07:23:20.148, 0, Tesla V100-SXM2-32GB, 6, 3309, 32768, 67.23, 39
2026/09/08 07:23:22.235, 0, Tesla V100-SXM2-32GB, 6, 3309, 32768, 67.72, 40
2026/09/08 07:23:24.304, 0, Tesla V100-SXM2-32GB, 6, 3309, 32768, 67.72, 39
2026/09/08 07:23:26.354, 0, Tesla V100-SXM2-32GB, 6, 3309, 32768, 67.72, 39
2026/09/08 07:23:28.424, 0, Tesla V100-SXM2-32GB, 5, 3309, 32768, 67.28, 39
2026/09/08 07:23:30.500, 0, Tesla V100-SXM2-32GB, 6, 3309, 32768, 67.72, 39
2026/09/08 07:23:32.591, 0, Tesla V100-SXM2-32GB, 83, 3309, 32768, 90.92, 40
2026/09/08 07:23:34.684, 0, Tesla V100-SXM2-32GB, 5, 3309, 32768, 67.23, 39
2026/09/08 07:23:36.752, 0, Tesla V100-SXM2-32GB, 6, 3309, 32768, 67.23, 39
2026/09/08 07:23:38.802, 0, Tesla V100-SXM2-32GB, 6, 3309, 32768, 67.72, 39
2026/09/08 07:23:40.891, 0, Tesla V100-SXM2-32GB, 50, 3309, 32768, 62.83, 39
2026/09/08 07:23:42.964, 0, Tesla V100-SXM2-32GB, 6, 3309, 32768, 67.23, 39
2026/09/08 07:23:45.032, 0, Tesla V100-SXM2-32GB, 6, 3309, 32768, 115.93, 39
2026/09/08 07:23:47.065, 0, Tesla V100-SXM2-32GB, 6, 3309, 32768, 67.28, 39
2026/09/08 07:23:49.156, 0, Tesla V100-SXM2-32GB, 6, 3309, 32768, 67.28, 39
2026/09/08 07:23:51.224, 0, Tesla V100-SXM2-32GB, 6, 3309, 32768, 67.72, 39
2026/09/08 07:23:53.321, 0, Tesla V100-SXM2-32GB, 70, 3309, 32768, 138.11, 40
2026/09/08 07:23:55.387, 0, Tesla V100-SXM2-32GB, 6, 3309, 32768, 67.23, 39
2026/09/08 07:23:57.443, 0, Tesla V100-SXM2-32GB, 6, 3309, 32768, 67.23, 39
2026/09/08 07:23:59.494, 0, Tesla V100-SXM2-32GB, 6, 3309, 32768, 67.28, 39
2026/09/08 07:24:01.585, 0, Tesla V100-SXM2-32GB, 5, 3309, 32768, 67.28, 39
2026/09/08 07:24:03.638, 0, Tesla V100-SXM2-32GB, 39, 3309, 32768, 67.72, 40
2026/09/08 07:24:05.708, 0, Tesla V100-SXM2-32GB, 6, 3309, 32768, 67.23, 39
2026/09/08 07:24:07.801, 0, Tesla V100-SXM2-32GB, 6, 3309, 32768, 95.29, 40
2026/09/08 07:24:09.855, 0, Tesla V100-SXM2-32GB, 6, 3309, 32768, 67.77, 39
2026/09/08 07:24:11.925, 0, Tesla V100-SXM2-32GB, 84, 3309, 32768, 99.73, 39
2026/09/08 07:24:13.974, 0, Tesla V100-SXM2-32GB, 5, 3309, 32768, 67.23, 38
2026/09/08 07:24:16.063, 0, Tesla V100-SXM2-32GB, 62, 3309, 32768, 139.59, 39
2026/09/08 07:24:18.151, 0, Tesla V100-SXM2-32GB, 6, 3309, 32768, 67.23, 38
2026/09/08 07:24:20.205, 0, Tesla V100-SXM2-32GB, 35, 3309, 32768, 67.23, 39
2026/09/08 07:24:22.276, 0, Tesla V100-SXM2-32GB, 6, 3309, 32768, 67.28, 38
2026/09/08 07:24:24.368, 0, Tesla V100-SXM2-32GB, 24, 3309, 32768, 67.23, 39
2026/09/08 07:24:26.460, 0, Tesla V100-SXM2-32GB, 6, 3309, 32768, 67.28, 38
2026/09/08 07:24:28.509, 0, Tesla V100-SXM2-32GB, 6, 3309, 32768, 67.23, 38
2026/09/08 07:24:30.577, 0, Tesla V100-SXM2-32GB, 6, 3309, 32768, 67.28, 38
2026/09/08 07:24:32.629, 0, Tesla V100-SXM2-32GB, 6, 3309, 32768, 67.28, 38
2026/09/08 07:24:34.720, 0, Tesla V100-SXM2-32GB, 6, 3309, 32768, 67.28, 38
2026/09/08 07:24:36.812, 0, Tesla V100-SXM2-32GB, 6, 3309, 32768, 67.28, 38
2026/09/08 07:24:38.900, 0, Tesla V100-SXM2-32GB, 6, 3309, 32768, 67.28, 38
2026/09/08 07:24:40.950, 0, Tesla V100-SXM2-32GB, 6, 3309, 32768, 67.28, 38
2026/09/08 07:24:43.020, 0, Tesla V100-SXM2-32GB, 33, 3309, 32768, 95.29, 39
2026/09/08 07:24:45.088, 0, Tesla V100-SXM2-32GB, 5, 3309, 32768, 67.23, 38
2026/09/08 07:24:47.157, 0, Tesla V100-SXM2-32GB, 55, 3309, 32768, 92.83, 39
2026/09/08 07:24:49.189, 0, Tesla V100-SXM2-32GB, 6, 3309, 32768, 67.28, 38
2026/09/08 07:24:51.279, 0, Tesla V100-SXM2-32GB, 24, 3309, 32768, 67.28, 39
2026/09/08 07:24:53.347, 0, Tesla V100-SXM2-32GB, 6, 3309, 32768, 67.28, 38
2026/09/08 07:24:55.415, 0, Tesla V100-SXM2-32GB, 6, 3309, 32768, 67.28, 38
2026/09/08 07:24:57.470, 0, Tesla V100-SXM2-32GB, 6, 3309, 32768, 67.28, 38
2026/09/08 07:24:59.560, 0, Tesla V100-SXM2-32GB, 6, 3309, 32768, 67.28, 38
2026/09/08 07:25:01.627, 0, Tesla V100-SXM2-32GB, 6, 3309, 32768, 67.28, 38
2026/09/08 07:25:03.677, 0, Tesla V100-SXM2-32GB, 6, 3309, 32768, 67.28, 38
2026/09/08 07:25:05.763, 0, Tesla V100-SXM2-32GB, 6, 3309, 32768, 67.23, 38
2026/09/08 07:25:07.832, 0, Tesla V100-SXM2-32GB, 6, 3309, 32768, 67.28, 38
2026/09/08 07:25:09.918, 0, Tesla V100-SXM2-32GB, 38, 3309, 32768, 164.01, 39
2026/09/08 07:25:12.008, 0, Tesla V100-SXM2-32GB, 6, 3309, 32768, 66.78, 38
2026/09/08 07:25:14.079, 0, Tesla V100-SXM2-32GB, 52, 3309, 32768, 67.28, 38
2026/09/08 07:25:16.130, 0, Tesla V100-SXM2-32GB, 6, 3309, 32768, 67.23, 38
2026/09/08 07:25:18.182, 0, Tesla V100-SXM2-32GB, 6, 3309, 32768, 67.28, 38
2026/09/08 07:25:20.233, 0, Tesla V100-SXM2-32GB, 4, 3309, 32768, 67.23, 38
2026/09/08 07:25:22.282, 0, Tesla V100-SXM2-32GB, 6, 3309, 32768, 67.28, 38
2026/09/08 07:25:24.335, 0, Tesla V100-SXM2-32GB, 6, 3309, 32768, 67.28, 38
2026/09/08 07:25:26.405, 0, Tesla V100-SXM2-32GB, 55, 3309, 32768, 67.28, 39
2026/09/08 07:25:28.476, 0, Tesla V100-SXM2-32GB, 6, 3309, 32768, 67.28, 38
2026/09/08 07:25:30.546, 0, Tesla V100-SXM2-32GB, 4, 3309, 32768, 66.78, 38
2026/09/08 07:25:32.636, 0, Tesla V100-SXM2-32GB, 5, 3309, 32768, 67.28, 38
2026/09/08 07:25:34.728, 0, Tesla V100-SXM2-32GB, 6, 3309, 32768, 67.23, 37
2026/09/08 07:25:36.795, 0, Tesla V100-SXM2-32GB, 6, 3309, 32768, 67.28, 38
2026/09/08 07:25:38.863, 0, Tesla V100-SXM2-32GB, 6, 3309, 32768, 67.28, 37
2026/09/08 07:25:40.956, 0, Tesla V100-SXM2-32GB, 6, 3309, 32768, 67.28, 37
2026/09/08 07:25:43.024, 0, Tesla V100-SXM2-32GB, 54, 3309, 32768, 173.36, 39
2026/09/08 07:25:45.077, 0, Tesla V100-SXM2-32GB, 6, 3309, 32768, 66.78, 37
2026/09/08 07:25:47.129, 0, Tesla V100-SXM2-32GB, 6, 3309, 32768, 67.28, 37
2026/09/08 07:25:49.196, 0, Tesla V100-SXM2-32GB, 6, 3309, 32768, 67.23, 37
2026/09/08 07:25:51.288, 0, Tesla V100-SXM2-32GB, 6, 3309, 32768, 68.26, 37
2026/09/08 07:25:53.343, 0, Tesla V100-SXM2-32GB, 6, 3309, 32768, 66.78, 37
2026/09/08 07:25:55.432, 0, Tesla V100-SXM2-32GB, 76, 3309, 32768, 73.65, 39
2026/09/08 07:25:57.524, 0, Tesla V100-SXM2-32GB, 6, 3309, 32768, 66.74, 37
2026/09/08 07:25:59.574, 0, Tesla V100-SXM2-32GB, 6, 3309, 32768, 66.74, 37
2026/09/08 07:26:01.626, 0, Tesla V100-SXM2-32GB, 6, 3309, 32768, 66.78, 37
2026/09/08 07:26:03.699, 0, Tesla V100-SXM2-32GB, 6, 3309, 32768, 67.28, 37
2026/09/08 07:26:05.768, 0, Tesla V100-SXM2-32GB, 5, 3309, 32768, 66.78, 37
2026/09/08 07:26:07.817, 0, Tesla V100-SXM2-32GB, 6, 3309, 32768, 67.23, 37
2026/09/08 07:26:09.887, 0, Tesla V100-SXM2-32GB, 6, 3309, 32768, 66.78, 37
2026/09/08 07:26:11.937, 0, Tesla V100-SXM2-32GB, 6, 3309, 32768, 66.78, 37
2026/09/08 07:26:14.029, 0, Tesla V100-SXM2-32GB, 16, 3309, 32768, 94.80, 38
2026/09/08 07:26:16.123, 0, Tesla V100-SXM2-32GB, 6, 3309, 32768, 66.78, 37
2026/09/08 07:26:18.173, 0, Tesla V100-SXM2-32GB, 56, 3309, 32768, 67.23, 38
2026/09/08 07:26:20.225, 0, Tesla V100-SXM2-32GB, 6, 3309, 32768, 66.78, 37
2026/09/08 07:26:22.297, 0, Tesla V100-SXM2-32GB, 73, 3309, 32768, 172.87, 39
2026/09/08 07:26:24.330, 0, Tesla V100-SXM2-32GB, 6, 3309, 32768, 66.78, 37
2026/09/08 07:26:26.400, 0, Tesla V100-SXM2-32GB, 5, 3309, 32768, 66.74, 37
2026/09/08 07:26:28.455, 0, Tesla V100-SXM2-32GB, 6, 3309, 32768, 67.77, 37
2026/09/08 07:26:30.548, 0, Tesla V100-SXM2-32GB, 22, 3309, 32768, 68.22, 39
2026/09/08 07:26:32.636, 0, Tesla V100-SXM2-32GB, 12, 3309, 32768, 185.05, 41
2026/09/08 07:26:34.690, 0, Tesla V100-SXM2-32GB, 61, 3309, 32768, 182.22, 41
2026/09/08 07:26:36.776, 0, Tesla V100-SXM2-32GB, 78, 3309, 32768, 195.38, 42
2026/09/08 07:26:38.847, 0, Tesla V100-SXM2-32GB, 63, 3309, 32768, 189.97, 42
2026/09/08 07:26:40.936, 0, Tesla V100-SXM2-32GB, 100, 3309, 32768, 194.40, 43
2026/09/08 07:26:43.003, 0, Tesla V100-SXM2-32GB, 100, 3309, 32768, 197.84, 43
2026/09/08 07:26:45.094, 0, Tesla V100-SXM2-32GB, 100, 3309, 32768, 80.06, 43
2026/09/08 07:26:47.164, 0, Tesla V100-SXM2-32GB, 100, 3309, 32768, 70.68, 42
2026/09/08 07:26:49.256, 0, Tesla V100-SXM2-32GB, 61, 3309, 32768, 68.76, 42
2026/09/08 07:26:51.323, 0, Tesla V100-SXM2-32GB, 64, 3309, 32768, 68.76, 42
2026/09/08 07:26:53.373, 0, Tesla V100-SXM2-32GB, 89, 3309, 32768, 68.71, 42
2026/09/08 07:26:55.427, 0, Tesla V100-SXM2-32GB, 100, 3309, 32768, 69.70, 42
2026/09/08 07:26:57.499, 0, Tesla V100-SXM2-32GB, 13, 3309, 32768, 70.19, 42
2026/09/08 07:26:59.532, 0, Tesla V100-SXM2-32GB, 31, 3309, 32768, 87.90, 42
2026/09/08 07:27:01.590, 0, Tesla V100-SXM2-32GB, 22, 3309, 32768, 165.49, 43
2026/09/08 07:27:03.641, 0, Tesla V100-SXM2-32GB, 15, 3309, 32768, 182.71, 45
2026/09/08 07:27:05.693, 0, Tesla V100-SXM2-32GB, 54, 3309, 32768, 175.33, 45
2026/09/08 07:27:07.764, 0, Tesla V100-SXM2-32GB, 100, 3309, 32768, 189.48, 45
2026/09/08 07:27:09.815, 0, Tesla V100-SXM2-32GB, 6, 3309, 32768, 68.22, 42
2026/09/08 07:27:11.884, 0, Tesla V100-SXM2-32GB, 6, 3309, 32768, 56.91, 40
2026/09/08 07:27:13.976, 0, Tesla V100-SXM2-32GB, 51, 3309, 32768, 68.22, 41
2026/09/08 07:27:16.053, 0, Tesla V100-SXM2-32GB, 3, 3309, 32768, 67.72, 40
2026/09/08 07:27:18.106, 0, Tesla V100-SXM2-32GB, 6, 3309, 32768, 67.72, 40
2026/09/08 07:27:20.196, 0, Tesla V100-SXM2-32GB, 6, 3309, 32768, 67.72, 40
2026/09/08 07:27:22.229, 0, Tesla V100-SXM2-32GB, 6, 3309, 32768, 67.72, 40
2026/09/08 07:27:24.282, 0, Tesla V100-SXM2-32GB, 6, 3309, 32768, 67.23, 39
2026/09/08 07:27:26.334, 0, Tesla V100-SXM2-32GB, 6, 3309, 32768, 67.72, 39
2026/09/08 07:27:28.386, 0, Tesla V100-SXM2-32GB, 6, 3309, 32768, 67.77, 39
2026/09/08 07:27:30.455, 0, Tesla V100-SXM2-32GB, 6, 3309, 32768, 67.72, 39
2026/09/08 07:27:32.554, 0, Tesla V100-SXM2-32GB, 12, 3309, 32768, 175.33, 40
2026/09/08 07:27:34.628, 0, Tesla V100-SXM2-32GB, 5, 3309, 32768, 67.72, 39
2026/09/08 07:27:36.697, 0, Tesla V100-SXM2-32GB, 76, 3309, 32768, 69.70, 40
2026/09/08 07:27:38.788, 0, Tesla V100-SXM2-32GB, 6, 3309, 32768, 67.28, 38
2026/09/08 07:27:40.881, 0, Tesla V100-SXM2-32GB, 6, 3309, 32768, 67.23, 39
2026/09/08 07:27:42.976, 0, Tesla V100-SXM2-32GB, 6, 3309, 32768, 67.23, 38
2026/09/08 07:27:45.029, 0, Tesla V100-SXM2-32GB, 6, 3309, 32768, 67.23, 38
2026/09/08 07:27:47.120, 0, Tesla V100-SXM2-32GB, 6, 3309, 32768, 66.74, 38
2026/09/08 07:27:49.174, 0, Tesla V100-SXM2-32GB, 6, 3309, 32768, 67.28, 38
2026/09/08 07:27:51.245, 0, Tesla V100-SXM2-32GB, 86, 3309, 32768, 86.97, 40
2026/09/08 07:27:53.336, 0, Tesla V100-SXM2-32GB, 5, 3309, 32768, 67.28, 38
2026/09/08 07:27:55.390, 0, Tesla V100-SXM2-32GB, 6, 3309, 32768, 67.23, 38
2026/09/08 07:27:57.442, 0, Tesla V100-SXM2-32GB, 5, 3309, 32768, 67.23, 38
2026/09/08 07:27:59.494, 0, Tesla V100-SXM2-32GB, 6, 3309, 32768, 56.41, 37
2026/09/08 07:28:01.555, 0, Tesla V100-SXM2-32GB, 6, 3309, 32768, 67.28, 38
2026/09/08 07:28:03.644, 0, Tesla V100-SXM2-32GB, 6, 3309, 32768, 154.27, 38
2026/09/08 07:28:05.693, 0, Tesla V100-SXM2-32GB, 6, 3309, 32768, 67.23, 37
2026/09/08 07:28:07.759, 0, Tesla V100-SXM2-32GB, 11, 3309, 32768, 131.62, 38
2026/09/08 07:28:09.828, 0, Tesla V100-SXM2-32GB, 6, 3309, 32768, 67.23, 37
2026/09/08 07:28:11.901, 0, Tesla V100-SXM2-32GB, 6, 3309, 32768, 67.23, 38
2026/09/08 07:28:13.988, 0, Tesla V100-SXM2-32GB, 5, 3309, 32768, 66.74, 38
2026/09/08 07:28:16.042, 0, Tesla V100-SXM2-32GB, 8, 3309, 32768, 67.72, 38
2026/09/08 07:28:18.132, 0, Tesla V100-SXM2-32GB, 6, 3309, 32768, 67.23, 38
2026/09/08 07:28:20.204, 0, Tesla V100-SXM2-32GB, 6, 3309, 32768, 66.78, 37
2026/09/08 07:28:22.291, 0, Tesla V100-SXM2-32GB, 83, 3309, 32768, 69.70, 39
2026/09/08 07:28:24.359, 0, Tesla V100-SXM2-32GB, 4, 3309, 32768, 67.28, 37
2026/09/08 07:28:26.448, 0, Tesla V100-SXM2-32GB, 6, 3309, 32768, 67.23, 37
2026/09/08 07:28:28.499, 0, Tesla V100-SXM2-32GB, 5, 3309, 32768, 66.74, 37
2026/09/08 07:28:30.589, 0, Tesla V100-SXM2-32GB, 6, 3309, 32768, 67.23, 37
2026/09/08 07:28:32.642, 0, Tesla V100-SXM2-32GB, 6, 3309, 32768, 66.78, 37
2026/09/08 07:28:34.712, 0, Tesla V100-SXM2-32GB, 55, 3309, 32768, 66.74, 38
2026/09/08 07:28:36.784, 0, Tesla V100-SXM2-32GB, 6, 3309, 32768, 66.74, 37
2026/09/08 07:28:38.876, 0, Tesla V100-SXM2-32GB, 6, 3309, 32768, 67.23, 37
2026/09/08 07:28:40.964, 0, Tesla V100-SXM2-32GB, 6, 3309, 32768, 66.74, 37
2026/09/08 07:28:43.018, 0, Tesla V100-SXM2-32GB, 6, 3309, 32768, 66.74, 37
2026/09/08 07:28:45.070, 0, Tesla V100-SXM2-32GB, 6, 3309, 32768, 155.75, 38
2026/09/08 07:28:47.140, 0, Tesla V100-SXM2-32GB, 6, 3309, 32768, 66.74, 37
2026/09/08 07:28:49.232, 0, Tesla V100-SXM2-32GB, 6, 3309, 32768, 66.78, 37
2026/09/08 07:28:51.299, 0, Tesla V100-SXM2-32GB, 6, 3309, 32768, 66.74, 37
2026/09/08 07:28:53.349, 0, Tesla V100-SXM2-32GB, 4, 3309, 32768, 66.74, 37
2026/09/08 07:28:55.402, 0, Tesla V100-SXM2-32GB, 6, 3309, 32768, 66.74, 37
2026/09/08 07:28:57.472, 0, Tesla V100-SXM2-32GB, 10, 3309, 32768, 104.67, 38
2026/09/08 07:28:59.560, 0, Tesla V100-SXM2-32GB, 6, 3309, 32768, 66.74, 37
2026/09/08 07:29:01.648, 0, Tesla V100-SXM2-32GB, 6, 3309, 32768, 194.40, 38
2026/09/08 07:29:03.736, 0, Tesla V100-SXM2-32GB, 47, 3309, 32768, 66.74, 37
2026/09/08 07:29:05.808, 0, Tesla V100-SXM2-32GB, 12, 3309, 32768, 163.52, 38
2026/09/08 07:29:07.862, 0, Tesla V100-SXM2-32GB, 53, 3309, 32768, 66.74, 37
2026/09/08 07:29:09.914, 0, Tesla V100-SXM2-32GB, 52, 3309, 32768, 66.74, 37
2026/09/08 07:29:11.983, 0, Tesla V100-SXM2-32GB, 6, 3309, 32768, 66.74, 37
2026/09/08 07:29:14.036, 0, Tesla V100-SXM2-32GB, 6, 3309, 32768, 66.74, 37
2026/09/08 07:29:16.087, 0, Tesla V100-SXM2-32GB, 5, 3309, 32768, 66.74, 37
2026/09/08 07:29:18.138, 0, Tesla V100-SXM2-32GB, 6, 3309, 32768, 66.74, 37
2026/09/08 07:29:20.208, 0, Tesla V100-SXM2-32GB, 6, 3309, 32768, 66.74, 36
2026/09/08 07:29:22.300, 0, Tesla V100-SXM2-32GB, 6, 3309, 32768, 66.74, 37
2026/09/08 07:29:24.354, 0, Tesla V100-SXM2-32GB, 24, 3309, 32768, 66.74, 37
2026/09/08 07:29:26.423, 0, Tesla V100-SXM2-32GB, 33, 3309, 32768, 66.74, 37
2026/09/08 07:29:28.475, 0, Tesla V100-SXM2-32GB, 6, 3309, 32768, 66.74, 36
2026/09/08 07:29:30.521, 0, Tesla V100-SXM2-32GB, 6, 3309, 32768, 66.74, 37
2026/09/08 07:29:32.593, 0, Tesla V100-SXM2-32GB, 40, 3309, 32768, 177.30, 38
2026/09/08 07:29:34.645, 0, Tesla V100-SXM2-32GB, 6, 3309, 32768, 66.24, 36
2026/09/08 07:29:36.736, 0, Tesla V100-SXM2-32GB, 6, 3309, 32768, 66.74, 37
2026/09/08 07:29:38.809, 0, Tesla V100-SXM2-32GB, 6, 3309, 32768, 66.24, 36
2026/09/08 07:29:40.858, 0, Tesla V100-SXM2-32GB, 6, 3309, 32768, 67.23, 37
2026/09/08 07:29:42.928, 0, Tesla V100-SXM2-32GB, 20, 3309, 32768, 66.74, 37
2026/09/08 07:29:45.021, 0, Tesla V100-SXM2-32GB, 6, 3309, 32768, 66.74, 37
2026/09/08 07:29:47.070, 0, Tesla V100-SXM2-32GB, 6, 3309, 32768, 66.74, 37
2026/09/08 07:29:49.160, 0, Tesla V100-SXM2-32GB, 55, 3309, 32768, 67.72, 37
2026/09/08 07:29:51.231, 0, Tesla V100-SXM2-32GB, 6, 3309, 32768, 66.74, 36
2026/09/08 07:29:53.316, 0, Tesla V100-SXM2-32GB, 12, 3309, 32768, 61.35, 36
2026/09/08 07:29:55.404, 0, Tesla V100-SXM2-32GB, 54, 3309, 32768, 66.74, 37
2026/09/08 07:29:57.496, 0, Tesla V100-SXM2-32GB, 6, 3309, 32768, 66.74, 36
2026/09/08 07:29:59.553, 0, Tesla V100-SXM2-32GB, 37, 3309, 32768, 66.24, 37
2026/09/08 07:30:01.643, 0, Tesla V100-SXM2-32GB, 41, 3309, 32768, 66.74, 36
2026/09/08 07:30:03.698, 0, Tesla V100-SXM2-32GB, 6, 3309, 32768, 66.74, 36
2026/09/08 07:30:05.732, 0, Tesla V100-SXM2-32GB, 54, 3309, 32768, 98.25, 38
2026/09/08 07:30:07.782, 0, Tesla V100-SXM2-32GB, 6, 3309, 32768, 66.24, 36
2026/09/08 07:30:09.852, 0, Tesla V100-SXM2-32GB, 6, 3309, 32768, 66.74, 37
2026/09/08 07:30:11.944, 0, Tesla V100-SXM2-32GB, 6, 3309, 32768, 66.24, 36
2026/09/08 07:30:14.016, 0, Tesla V100-SXM2-32GB, 6, 3309, 32768, 66.74, 36
2026/09/08 07:30:16.087, 0, Tesla V100-SXM2-32GB, 6, 3309, 32768, 66.24, 36
2026/09/08 07:30:18.156, 0, Tesla V100-SXM2-32GB, 6, 3309, 32768, 66.74, 36
2026/09/08 07:30:20.249, 0, Tesla V100-SXM2-32GB, 6, 3309, 32768, 66.24, 36
2026/09/08 07:30:22.302, 0, Tesla V100-SXM2-32GB, 6, 3309, 32768, 66.74, 36
2026/09/08 07:30:24.372, 0, Tesla V100-SXM2-32GB, 42, 3309, 32768, 135.15, 37
2026/09/08 07:30:26.444, 0, Tesla V100-SXM2-32GB, 6, 3309, 32768, 66.24, 36
2026/09/08 07:30:28.532, 0, Tesla V100-SXM2-32GB, 25, 3309, 32768, 66.74, 37
2026/09/08 07:30:30.625, 0, Tesla V100-SXM2-32GB, 6, 3309, 32768, 66.74, 36
2026/09/08 07:30:32.696, 0, Tesla V100-SXM2-32GB, 6, 3309, 32768, 66.74, 36
2026/09/08 07:30:34.745, 0, Tesla V100-SXM2-32GB, 6, 3309, 32768, 66.24, 36
2026/09/08 07:30:36.811, 0, Tesla V100-SXM2-32GB, 6, 3309, 32768, 66.24, 36
2026/09/08 07:30:38.880, 0, Tesla V100-SXM2-32GB, 6, 3309, 32768, 66.24, 36
2026/09/08 07:30:40.967, 0, Tesla V100-SXM2-32GB, 51, 3309, 32768, 66.74, 37
2026/09/08 07:30:43.056, 0, Tesla V100-SXM2-32GB, 10, 3309, 32768, 194.89, 39
2026/09/08 07:30:45.124, 0, Tesla V100-SXM2-32GB, 56, 3309, 32768, 183.58, 40
2026/09/08 07:30:47.213, 0, Tesla V100-SXM2-32GB, 81, 3309, 32768, 194.40, 41
2026/09/08 07:30:49.262, 0, Tesla V100-SXM2-32GB, 100, 3309, 32768, 172.76, 42
2026/09/08 07:30:51.313, 0, Tesla V100-SXM2-32GB, 100, 3309, 32768, 197.84, 42
2026/09/08 07:30:53.381, 0, Tesla V100-SXM2-32GB, 100, 3309, 32768, 177.79, 42
2026/09/08 07:30:55.450, 0, Tesla V100-SXM2-32GB, 50, 3309, 32768, 68.22, 41
2026/09/08 07:30:57.543, 0, Tesla V100-SXM2-32GB, 46, 3309, 32768, 68.71, 41
2026/09/08 07:30:59.602, 0, Tesla V100-SXM2-32GB, 52, 3309, 32768, 85.93, 41
2026/09/08 07:31:01.654, 0, Tesla V100-SXM2-32GB, 52, 3309, 32768, 193.42, 42
2026/09/08 07:31:03.744, 0, Tesla V100-SXM2-32GB, 75, 3309, 32768, 189.97, 43
2026/09/08 07:31:05.816, 0, Tesla V100-SXM2-32GB, 81, 3309, 32768, 194.89, 44
2026/09/08 07:31:07.884, 0, Tesla V100-SXM2-32GB, 100, 3309, 32768, 193.42, 44
2026/09/08 07:31:09.918, 0, Tesla V100-SXM2-32GB, 100, 3309, 32768, 177.18, 44
2026/09/08 07:31:12.013, 0, Tesla V100-SXM2-32GB, 64, 3309, 32768, 69.21, 43
2026/09/08 07:31:14.104, 0, Tesla V100-SXM2-32GB, 42, 3309, 32768, 69.70, 42
2026/09/08 07:31:16.154, 0, Tesla V100-SXM2-32GB, 15, 3309, 32768, 188.01, 44
2026/09/08 07:31:18.192, 0, Tesla V100-SXM2-32GB, 11, 3309, 32768, 180.75, 44
2026/09/08 07:31:20.280, 0, Tesla V100-SXM2-32GB, 94, 3309, 32768, 212.46, 45
2026/09/08 07:31:22.368, 0, Tesla V100-SXM2-32GB, 7, 3309, 32768, 68.22, 42
2026/09/08 07:31:24.422, 0, Tesla V100-SXM2-32GB, 6, 3309, 32768, 68.22, 41
2026/09/08 07:31:26.512, 0, Tesla V100-SXM2-32GB, 6, 3309, 32768, 56.91, 39
2026/09/08 07:31:28.580, 0, Tesla V100-SXM2-32GB, 6, 3309, 32768, 67.72, 40
2026/09/08 07:31:30.672, 0, Tesla V100-SXM2-32GB, 20, 3309, 32768, 139.99, 41
2026/09/08 07:31:32.741, 0, Tesla V100-SXM2-32GB, 6, 3309, 32768, 67.72, 39
2026/09/08 07:31:34.813, 0, Tesla V100-SXM2-32GB, 56, 3309, 32768, 193.78, 41
2026/09/08 07:31:36.866, 0, Tesla V100-SXM2-32GB, 6, 3309, 32768, 67.23, 39
2026/09/08 07:31:38.919, 0, Tesla V100-SXM2-32GB, 64, 3309, 32768, 70.19, 40
2026/09/08 07:31:41.012, 0, Tesla V100-SXM2-32GB, 5, 3309, 32768, 67.23, 39
2026/09/08 07:31:43.105, 0, Tesla V100-SXM2-32GB, 6, 3309, 32768, 67.23, 39
2026/09/08 07:31:45.196, 0, Tesla V100-SXM2-32GB, 5, 3309, 32768, 67.23, 38
2026/09/08 07:31:47.268, 0, Tesla V100-SXM2-32GB, 6, 3309, 32768, 67.23, 39
2026/09/08 07:31:49.360, 0, Tesla V100-SXM2-32GB, 6, 3309, 32768, 67.23, 38
2026/09/08 07:31:51.461, 0, Tesla V100-SXM2-32GB, 5, 3309, 32768, 67.23, 38
2026/09/08 07:31:53.515, 0, Tesla V100-SXM2-32GB, 5, 3309, 32768, 66.74, 38
2026/09/08 07:31:55.608, 0, Tesla V100-SXM2-32GB, 6, 3309, 32768, 67.23, 38
2026/09/08 07:31:57.700, 0, Tesla V100-SXM2-32GB, 6, 3309, 32768, 135.15, 38
2026/09/08 07:31:59.772, 0, Tesla V100-SXM2-32GB, 6, 3309, 32768, 66.74, 38
2026/09/08 07:32:01.860, 0, Tesla V100-SXM2-32GB, 55, 3309, 32768, 67.23, 39
2026/09/08 07:32:03.928, 0, Tesla V100-SXM2-32GB, 6, 3309, 32768, 67.23, 38
2026/09/08 07:32:06.020, 0, Tesla V100-SXM2-32GB, 19, 3309, 32768, 199.81, 39
2026/09/08 07:32:08.092, 0, Tesla V100-SXM2-32GB, 6, 3309, 32768, 67.23, 38
2026/09/08 07:32:10.161, 0, Tesla V100-SXM2-32GB, 6, 3309, 32768, 67.23, 37
2026/09/08 07:32:12.215, 0, Tesla V100-SXM2-32GB, 6, 3309, 32768, 66.74, 37
2026/09/08 07:32:14.266, 0, Tesla V100-SXM2-32GB, 6, 3309, 32768, 67.23, 37
2026/09/08 07:32:16.356, 0, Tesla V100-SXM2-32GB, 6, 3309, 32768, 67.23, 37
2026/09/08 07:32:18.432, 0, Tesla V100-SXM2-32GB, 54, 3309, 32768, 67.23, 38
2026/09/08 07:32:20.505, 0, Tesla V100-SXM2-32GB, 6, 3309, 32768, 66.74, 37
2026/09/08 07:32:22.576, 0, Tesla V100-SXM2-32GB, 6, 3309, 32768, 147.87, 37
2026/09/08 07:32:24.630, 0, Tesla V100-SXM2-32GB, 6, 3309, 32768, 66.74, 37
2026/09/08 07:32:26.721, 0, Tesla V100-SXM2-32GB, 62, 3309, 32768, 70.19, 38
2026/09/08 07:32:28.792, 0, Tesla V100-SXM2-32GB, 6, 3309, 32768, 67.23, 37
2026/09/08 07:32:30.850, 0, Tesla V100-SXM2-32GB, 6, 3309, 32768, 78.58, 38
2026/09/08 07:32:32.920, 0, Tesla V100-SXM2-32GB, 82, 3309, 32768, 142.45, 39
2026/09/08 07:32:35.012, 0, Tesla V100-SXM2-32GB, 6, 3309, 32768, 66.74, 37
2026/09/08 07:32:37.067, 0, Tesla V100-SXM2-32GB, 6, 3309, 32768, 66.74, 37
2026/09/08 07:32:39.140, 0, Tesla V100-SXM2-32GB, 6, 3309, 32768, 66.74, 37
2026/09/08 07:32:41.229, 0, Tesla V100-SXM2-32GB, 31, 3309, 32768, 84.94, 38
2026/09/08 07:32:43.267, 0, Tesla V100-SXM2-32GB, 6, 3309, 32768, 66.74, 37
2026/09/08 07:32:45.356, 0, Tesla V100-SXM2-32GB, 6, 3309, 32768, 66.74, 37
2026/09/08 07:32:47.449, 0, Tesla V100-SXM2-32GB, 6, 3309, 32768, 66.74, 37
2026/09/08 07:32:49.520, 0, Tesla V100-SXM2-32GB, 6, 3309, 32768, 157.72, 38
2026/09/08 07:32:51.592, 0, Tesla V100-SXM2-32GB, 6, 3309, 32768, 66.74, 37
2026/09/08 07:32:53.664, 0, Tesla V100-SXM2-32GB, 82, 3309, 32768, 96.78, 39
2026/09/08 07:32:55.718, 0, Tesla V100-SXM2-32GB, 6, 3309, 32768, 66.74, 37
2026/09/08 07:32:57.771, 0, Tesla V100-SXM2-32GB, 41, 3309, 32768, 66.74, 37
2026/09/08 07:32:59.844, 0, Tesla V100-SXM2-32GB, 6, 3309, 32768, 66.24, 36
2026/09/08 07:33:01.933, 0, Tesla V100-SXM2-32GB, 79, 3309, 32768, 88.39, 39
2026/09/08 07:33:04.005, 0, Tesla V100-SXM2-32GB, 6, 3309, 32768, 66.74, 36
2026/09/08 07:33:06.058, 0, Tesla V100-SXM2-32GB, 80, 3309, 32768, 66.74, 37
2026/09/08 07:33:08.111, 0, Tesla V100-SXM2-32GB, 6, 3309, 32768, 66.24, 36
2026/09/08 07:33:10.200, 0, Tesla V100-SXM2-32GB, 6, 3309, 32768, 66.74, 37
2026/09/08 07:33:12.254, 0, Tesla V100-SXM2-32GB, 6, 3309, 32768, 66.74, 36
2026/09/08 07:33:14.310, 0, Tesla V100-SXM2-32GB, 6, 3309, 32768, 66.74, 37
2026/09/08 07:33:16.362, 0, Tesla V100-SXM2-32GB, 6, 3309, 32768, 66.74, 36
2026/09/08 07:33:18.414, 0, Tesla V100-SXM2-32GB, 16, 3309, 32768, 66.74, 37
2026/09/08 07:33:20.504, 0, Tesla V100-SXM2-32GB, 6, 3309, 32768, 66.24, 36
2026/09/08 07:33:22.595, 0, Tesla V100-SXM2-32GB, 6, 3309, 32768, 66.74, 36
2026/09/08 07:33:24.650, 0, Tesla V100-SXM2-32GB, 6, 3309, 32768, 66.74, 36
2026/09/08 07:33:26.703, 0, Tesla V100-SXM2-32GB, 6, 3309, 32768, 66.74, 36
2026/09/08 07:33:28.759, 0, Tesla V100-SXM2-32GB, 6, 3309, 32768, 66.74, 36
2026/09/08 07:33:30.852, 0, Tesla V100-SXM2-32GB, 6, 3309, 32768, 66.74, 36
2026/09/08 07:33:32.907, 0, Tesla V100-SXM2-32GB, 6, 3309, 32768, 66.24, 36
2026/09/08 07:33:35.000, 0, Tesla V100-SXM2-32GB, 6, 3309, 32768, 66.74, 36
2026/09/08 07:33:37.055, 0, Tesla V100-SXM2-32GB, 6, 3309, 32768, 66.74, 36
2026/09/08 07:33:39.129, 0, Tesla V100-SXM2-32GB, 6, 3309, 32768, 66.74, 36
2026/09/08 07:33:41.220, 0, Tesla V100-SXM2-32GB, 87, 3309, 32768, 100.72, 38
2026/09/08 07:33:43.312, 0, Tesla V100-SXM2-32GB, 6, 3309, 32768, 66.24, 36
2026/09/08 07:33:45.408, 0, Tesla V100-SXM2-32GB, 6, 3309, 32768, 66.74, 36
2026/09/08 07:33:47.477, 0, Tesla V100-SXM2-32GB, 7, 3309, 32768, 66.24, 36
2026/09/08 07:33:49.533, 0, Tesla V100-SXM2-32GB, 6, 3309, 32768, 66.74, 36
2026/09/08 07:33:51.591, 0, Tesla V100-SXM2-32GB, 4, 3309, 32768, 66.24, 36
2026/09/08 07:33:53.646, 0, Tesla V100-SXM2-32GB, 6, 3309, 32768, 66.24, 36
2026/09/08 07:33:55.716, 0, Tesla V100-SXM2-32GB, 6, 3309, 32768, 66.74, 36
2026/09/08 07:33:57.789, 0, Tesla V100-SXM2-32GB, 6, 3309, 32768, 66.74, 37
2026/09/08 07:33:59.842, 0, Tesla V100-SXM2-32GB, 6, 3309, 32768, 66.24, 36
2026/09/08 07:34:01.912, 0, Tesla V100-SXM2-32GB, 4, 3309, 32768, 66.74, 36
2026/09/08 07:34:03.966, 0, Tesla V100-SXM2-32GB, 6, 3309, 32768, 66.24, 36
2026/09/08 07:34:06.036, 0, Tesla V100-SXM2-32GB, 6, 3309, 32768, 66.24, 36
2026/09/08 07:34:08.128, 0, Tesla V100-SXM2-32GB, 6, 3309, 32768, 66.74, 36
2026/09/08 07:34:10.201, 0, Tesla V100-SXM2-32GB, 76, 3309, 32768, 168.44, 38
2026/09/08 07:34:12.254, 0, Tesla V100-SXM2-32GB, 5, 3309, 32768, 66.74, 36
2026/09/08 07:34:14.324, 0, Tesla V100-SXM2-32GB, 26, 3309, 32768, 66.74, 37
2026/09/08 07:34:16.416, 0, Tesla V100-SXM2-32GB, 6, 3309, 32768, 66.74, 36
2026/09/08 07:34:18.451, 0, Tesla V100-SXM2-32GB, 68, 3309, 32768, 68.22, 37
2026/09/08 07:34:20.520, 0, Tesla V100-SXM2-32GB, 6, 3309, 32768, 66.74, 36
2026/09/08 07:34:22.592, 0, Tesla V100-SXM2-32GB, 53, 3309, 32768, 66.74, 37
2026/09/08 07:34:24.641, 0, Tesla V100-SXM2-32GB, 6, 3309, 32768, 66.74, 36
2026/09/08 07:34:26.744, 0, Tesla V100-SXM2-32GB, 6, 3309, 32768, 66.24, 36
2026/09/08 07:34:28.799, 0, Tesla V100-SXM2-32GB, 6, 3309, 32768, 66.24, 36
2026/09/08 07:34:30.892, 0, Tesla V100-SXM2-32GB, 6, 3309, 32768, 66.74, 36
2026/09/08 07:34:32.984, 0, Tesla V100-SXM2-32GB, 6, 3309, 32768, 66.24, 36
2026/09/08 07:34:35.019, 0, Tesla V100-SXM2-32GB, 6, 3309, 32768, 66.24, 36
2026/09/08 07:34:37.108, 0, Tesla V100-SXM2-32GB, 6, 3309, 32768, 66.24, 36
2026/09/08 07:34:39.196, 0, Tesla V100-SXM2-32GB, 6, 3309, 32768, 66.74, 36
2026/09/08 07:34:41.251, 0, Tesla V100-SXM2-32GB, 56, 3309, 32768, 123.24, 37
2026/09/08 07:34:43.302, 0, Tesla V100-SXM2-32GB, 6, 3309, 32768, 66.74, 36
2026/09/08 07:34:45.373, 0, Tesla V100-SXM2-32GB, 77, 3309, 32768, 87.41, 38
2026/09/08 07:34:47.444, 0, Tesla V100-SXM2-32GB, 6, 3309, 32768, 66.24, 36
2026/09/08 07:34:49.497, 0, Tesla V100-SXM2-32GB, 6, 3309, 32768, 66.74, 37
2026/09/08 07:34:51.555, 0, Tesla V100-SXM2-32GB, 6, 3309, 32768, 66.74, 36
2026/09/08 07:34:53.610, 0, Tesla V100-SXM2-32GB, 6, 3309, 32768, 66.74, 37
2026/09/08 07:34:55.662, 0, Tesla V100-SXM2-32GB, 5, 3309, 32768, 66.74, 36
2026/09/08 07:34:57.752, 0, Tesla V100-SXM2-32GB, 55, 3309, 32768, 148.85, 38
2026/09/08 07:34:59.826, 0, Tesla V100-SXM2-32GB, 31, 3309, 32768, 198.33, 39
2026/09/08 07:35:01.878, 0, Tesla V100-SXM2-32GB, 50, 3309, 32768, 177.30, 41
2026/09/08 07:35:03.930, 0, Tesla V100-SXM2-32GB, 100, 3309, 32768, 189.48, 41
2026/09/08 07:35:05.982, 0, Tesla V100-SXM2-32GB, 100, 3309, 32768, 185.05, 42
2026/09/08 07:35:08.052, 0, Tesla V100-SXM2-32GB, 100, 3309, 32768, 188.01, 42
2026/09/08 07:35:10.101, 0, Tesla V100-SXM2-32GB, 100, 3309, 32768, 210.63, 43
2026/09/08 07:35:12.173, 0, Tesla V100-SXM2-32GB, 100, 3309, 32768, 139.49, 43
2026/09/08 07:35:14.246, 0, Tesla V100-SXM2-32GB, 100, 3309, 32768, 69.21, 42
2026/09/08 07:35:16.320, 0, Tesla V100-SXM2-32GB, 44, 3309, 32768, 68.71, 41
2026/09/08 07:35:18.391, 0, Tesla V100-SXM2-32GB, 24, 3309, 32768, 177.30, 42
2026/09/08 07:35:20.480, 0, Tesla V100-SXM2-32GB, 78, 3309, 32768, 193.42, 43
2026/09/08 07:35:22.534, 0, Tesla V100-SXM2-32GB, 91, 3309, 32768, 177.79, 44
2026/09/08 07:35:24.607, 0, Tesla V100-SXM2-32GB, 100, 3309, 32768, 192.43, 44
2026/09/08 07:35:26.704, 0, Tesla V100-SXM2-32GB, 100, 3309, 32768, 128.25, 45
2026/09/08 07:35:28.777, 0, Tesla V100-SXM2-32GB, 100, 3309, 32768, 68.71, 43
2026/09/08 07:35:30.830, 0, Tesla V100-SXM2-32GB, 12, 3309, 32768, 69.70, 43
2026/09/08 07:35:32.883, 0, Tesla V100-SXM2-32GB, 13, 3309, 32768, 127.76, 43
2026/09/08 07:35:34.934, 0, Tesla V100-SXM2-32GB, 14, 3309, 32768, 174.84, 44
2026/09/08 07:35:37.004, 0, Tesla V100-SXM2-32GB, 25, 3309, 32768, 187.02, 45
2026/09/08 07:35:39.054, 0, Tesla V100-SXM2-32GB, 100, 3309, 32768, 201.29, 46
2026/09/08 07:35:41.148, 0, Tesla V100-SXM2-32GB, 6, 3309, 32768, 68.22, 42
2026/09/08 07:35:43.244, 0, Tesla V100-SXM2-32GB, 6, 3309, 32768, 56.91, 40
2026/09/08 07:35:45.336, 0, Tesla V100-SXM2-32GB, 6, 3309, 32768, 68.22, 41
2026/09/08 07:35:47.423, 0, Tesla V100-SXM2-32GB, 6, 3309, 32768, 68.22, 40
2026/09/08 07:35:49.478, 0, Tesla V100-SXM2-32GB, 6, 3309, 32768, 67.72, 40
2026/09/08 07:35:51.552, 0, Tesla V100-SXM2-32GB, 6, 3309, 32768, 67.72, 40
2026/09/08 07:35:53.624, 0, Tesla V100-SXM2-32GB, 6, 3309, 32768, 67.72, 40
2026/09/08 07:35:55.692, 0, Tesla V100-SXM2-32GB, 6, 3309, 32768, 67.72, 40
2026/09/08 07:35:57.784, 0, Tesla V100-SXM2-32GB, 5, 3309, 32768, 67.72, 40
2026/09/08 07:35:59.876, 0, Tesla V100-SXM2-32GB, 67, 3309, 32768, 191.94, 41
2026/09/08 07:36:01.968, 0, Tesla V100-SXM2-32GB, 6, 3309, 32768, 67.72, 40
2026/09/08 07:36:04.055, 0, Tesla V100-SXM2-32GB, 68, 3309, 32768, 151.71, 41
2026/09/08 07:36:06.144, 0, Tesla V100-SXM2-32GB, 6, 3309, 32768, 67.23, 39
2026/09/08 07:36:08.216, 0, Tesla V100-SXM2-32GB, 6, 3309, 32768, 67.72, 40
2026/09/08 07:36:10.270, 0, Tesla V100-SXM2-32GB, 6, 3309, 32768, 67.23, 39
2026/09/08 07:36:12.323, 0, Tesla V100-SXM2-32GB, 6, 3309, 32768, 67.72, 39
2026/09/08 07:36:14.392, 0, Tesla V100-SXM2-32GB, 6, 3309, 32768, 67.72, 39
2026/09/08 07:36:16.461, 0, Tesla V100-SXM2-32GB, 6, 3309, 32768, 67.72, 39
2026/09/08 07:36:18.528, 0, Tesla V100-SXM2-32GB, 6, 3309, 32768, 67.72, 39
2026/09/08 07:36:20.601, 0, Tesla V100-SXM2-32GB, 6, 3309, 32768, 67.23, 39
2026/09/08 07:36:22.655, 0, Tesla V100-SXM2-32GB, 13, 3309, 32768, 67.72, 39
2026/09/08 07:36:24.725, 0, Tesla V100-SXM2-32GB, 6, 3309, 32768, 67.23, 39
2026/09/08 07:36:26.778, 0, Tesla V100-SXM2-32GB, 6, 3309, 32768, 67.23, 39
2026/09/08 07:36:28.847, 0, Tesla V100-SXM2-32GB, 6, 3309, 32768, 67.77, 39
2026/09/08 07:36:30.920, 0, Tesla V100-SXM2-32GB, 6, 3309, 32768, 56.41, 38
2026/09/08 07:36:32.976, 0, Tesla V100-SXM2-32GB, 6, 3309, 32768, 67.23, 39
2026/09/08 07:36:35.064, 0, Tesla V100-SXM2-32GB, 5, 3309, 32768, 67.23, 38
2026/09/08 07:36:37.114, 0, Tesla V100-SXM2-32GB, 6, 3309, 32768, 67.23, 38
2026/09/08 07:36:39.204, 0, Tesla V100-SXM2-32GB, 67, 3309, 32768, 164.01, 40
2026/09/08 07:36:41.296, 0, Tesla V100-SXM2-32GB, 6, 3309, 32768, 67.23, 38
2026/09/08 07:36:43.388, 0, Tesla V100-SXM2-32GB, 6, 3309, 32768, 67.23, 39
2026/09/08 07:36:45.455, 0, Tesla V100-SXM2-32GB, 4, 3309, 32768, 67.23, 39
2026/09/08 07:36:47.524, 0, Tesla V100-SXM2-32GB, 6, 3309, 32768, 67.23, 38
2026/09/08 07:36:49.596, 0, Tesla V100-SXM2-32GB, 6, 3309, 32768, 67.23, 39
2026/09/08 07:36:51.646, 0, Tesla V100-SXM2-32GB, 6, 3309, 32768, 67.28, 38
2026/09/08 07:36:53.716, 0, Tesla V100-SXM2-32GB, 6, 3309, 32768, 67.23, 39
2026/09/08 07:36:55.770, 0, Tesla V100-SXM2-32GB, 6, 3309, 32768, 67.28, 38
2026/09/08 07:36:57.860, 0, Tesla V100-SXM2-32GB, 7, 3309, 32768, 67.23, 38
2026/09/08 07:36:59.914, 0, Tesla V100-SXM2-32GB, 6, 3309, 32768, 67.28, 38
2026/09/08 07:37:02.005, 0, Tesla V100-SXM2-32GB, 6, 3309, 32768, 67.23, 38
2026/09/08 07:37:04.092, 0, Tesla V100-SXM2-32GB, 6, 3309, 32768, 67.28, 38
2026/09/08 07:37:06.164, 0, Tesla V100-SXM2-32GB, 6, 3309, 32768, 67.23, 38
2026/09/08 07:37:08.214, 0, Tesla V100-SXM2-32GB, 6, 3309, 32768, 67.77, 38
2026/09/08 07:37:10.284, 0, Tesla V100-SXM2-32GB, 6, 3309, 32768, 88.45, 38
2026/09/08 07:37:12.376, 0, Tesla V100-SXM2-32GB, 6, 3309, 32768, 67.28, 38
2026/09/08 07:37:14.468, 0, Tesla V100-SXM2-32GB, 82, 3309, 32768, 197.48, 41
2026/09/08 07:37:16.538, 0, Tesla V100-SXM2-32GB, 6, 3309, 32768, 67.23, 38
2026/09/08 07:37:18.613, 0, Tesla V100-SXM2-32GB, 72, 3309, 32768, 67.72, 39
2026/09/08 07:37:20.704, 0, Tesla V100-SXM2-32GB, 6, 3309, 32768, 66.78, 38
2026/09/08 07:37:22.776, 0, Tesla V100-SXM2-32GB, 7, 3309, 32768, 67.23, 39
2026/09/08 07:37:24.864, 0, Tesla V100-SXM2-32GB, 6, 3309, 32768, 67.23, 38
2026/09/08 07:37:26.918, 0, Tesla V100-SXM2-32GB, 6, 3309, 32768, 67.23, 38
2026/09/08 07:37:28.969, 0, Tesla V100-SXM2-32GB, 6, 3309, 32768, 66.78, 38
2026/09/08 07:37:31.036, 0, Tesla V100-SXM2-32GB, 6, 3309, 32768, 66.78, 38
2026/09/08 07:37:33.124, 0, Tesla V100-SXM2-32GB, 6, 3309, 32768, 67.28, 38
2026/09/08 07:37:35.192, 0, Tesla V100-SXM2-32GB, 5, 3309, 32768, 67.23, 38
2026/09/08 07:37:37.280, 0, Tesla V100-SXM2-32GB, 6, 3309, 32768, 67.28, 38
2026/09/08 07:37:39.371, 0, Tesla V100-SXM2-32GB, 6, 3309, 32768, 66.78, 38
2026/09/08 07:37:41.461, 0, Tesla V100-SXM2-32GB, 6, 3309, 32768, 67.23, 38
2026/09/08 07:37:43.513, 0, Tesla V100-SXM2-32GB, 6, 3309, 32768, 66.78, 38
2026/09/08 07:37:45.604, 0, Tesla V100-SXM2-32GB, 32, 3309, 32768, 153.28, 39
2026/09/08 07:37:47.699, 0, Tesla V100-SXM2-32GB, 6, 3309, 32768, 67.28, 38
2026/09/08 07:37:49.788, 0, Tesla V100-SXM2-32GB, 6, 3309, 32768, 91.90, 39
2026/09/08 07:37:51.861, 0, Tesla V100-SXM2-32GB, 6, 3309, 32768, 67.23, 38
2026/09/08 07:37:53.952, 0, Tesla V100-SXM2-32GB, 75, 3309, 32768, 151.31, 40
2026/09/08 07:37:56.026, 0, Tesla V100-SXM2-32GB, 6, 3309, 32768, 66.74, 38
2026/09/08 07:37:58.080, 0, Tesla V100-SXM2-32GB, 6, 3309, 32768, 66.74, 38
2026/09/08 07:38:00.152, 0, Tesla V100-SXM2-32GB, 6, 3309, 32768, 66.74, 38
2026/09/08 07:38:02.225, 0, Tesla V100-SXM2-32GB, 6, 3309, 32768, 67.28, 38
2026/09/08 07:38:04.278, 0, Tesla V100-SXM2-32GB, 6, 3309, 32768, 55.92, 37
2026/09/08 07:38:06.329, 0, Tesla V100-SXM2-32GB, 6, 3309, 32768, 67.28, 38
2026/09/08 07:38:08.381, 0, Tesla V100-SXM2-32GB, 82, 3309, 32768, 139.99, 40
2026/09/08 07:38:10.430, 0, Tesla V100-SXM2-32GB, 6, 3309, 32768, 67.28, 38
2026/09/08 07:38:12.516, 0, Tesla V100-SXM2-32GB, 53, 3309, 32768, 67.23, 38
2026/09/08 07:38:14.589, 0, Tesla V100-SXM2-32GB, 6, 3309, 32768, 67.23, 38
2026/09/08 07:38:16.660, 0, Tesla V100-SXM2-32GB, 6, 3309, 32768, 67.28, 38
2026/09/08 07:38:18.748, 0, Tesla V100-SXM2-32GB, 6, 3309, 32768, 67.28, 38
2026/09/08 07:38:20.815, 0, Tesla V100-SXM2-32GB, 6, 3309, 32768, 67.28, 38
2026/09/08 07:38:22.885, 0, Tesla V100-SXM2-32GB, 79, 3309, 32768, 71.67, 39
2026/09/08 07:38:24.917, 0, Tesla V100-SXM2-32GB, 6, 3309, 32768, 67.23, 38
2026/09/08 07:38:26.969, 0, Tesla V100-SXM2-32GB, 6, 3309, 32768, 67.28, 38
2026/09/08 07:38:29.055, 0, Tesla V100-SXM2-32GB, 6, 3309, 32768, 67.28, 37
2026/09/08 07:38:31.122, 0, Tesla V100-SXM2-32GB, 6, 3309, 32768, 67.28, 38
2026/09/08 07:38:33.211, 0, Tesla V100-SXM2-32GB, 6, 3309, 32768, 66.74, 37
2026/09/08 07:38:35.299, 0, Tesla V100-SXM2-32GB, 6, 3309, 32768, 66.74, 38
2026/09/08 07:38:37.349, 0, Tesla V100-SXM2-32GB, 6, 3309, 32768, 67.28, 37
2026/09/08 07:38:39.401, 0, Tesla V100-SXM2-32GB, 6, 3309, 32768, 67.28, 38
2026/09/08 07:38:41.492, 0, Tesla V100-SXM2-32GB, 6, 3309, 32768, 67.28, 37
2026/09/08 07:38:43.554, 0, Tesla V100-SXM2-32GB, 6, 3309, 32768, 67.28, 37
2026/09/08 07:38:45.607, 0, Tesla V100-SXM2-32GB, 6, 3309, 32768, 66.78, 37
2026/09/08 07:38:47.696, 0, Tesla V100-SXM2-32GB, 6, 3309, 32768, 66.78, 37
2026/09/08 07:38:49.788, 0, Tesla V100-SXM2-32GB, 6, 3309, 32768, 70.68, 37
2026/09/08 07:38:51.842, 0, Tesla V100-SXM2-32GB, 6, 3309, 32768, 66.74, 37
2026/09/08 07:38:53.932, 0, Tesla V100-SXM2-32GB, 80, 3309, 32768, 184.07, 39
2026/09/08 07:38:56.024, 0, Tesla V100-SXM2-32GB, 6, 3309, 32768, 66.78, 37
2026/09/08 07:38:58.111, 0, Tesla V100-SXM2-32GB, 30, 3309, 32768, 67.28, 38
2026/09/08 07:39:00.180, 0, Tesla V100-SXM2-32GB, 5, 3309, 32768, 66.78, 37
2026/09/08 07:39:02.247, 0, Tesla V100-SXM2-32GB, 6, 3309, 32768, 67.23, 38
2026/09/08 07:39:04.336, 0, Tesla V100-SXM2-32GB, 6, 3309, 32768, 66.78, 37
2026/09/08 07:39:06.408, 0, Tesla V100-SXM2-32GB, 6, 3309, 32768, 66.78, 37
2026/09/08 07:39:08.496, 0, Tesla V100-SXM2-32GB, 4, 3309, 32768, 66.78, 37
2026/09/08 07:39:10.552, 0, Tesla V100-SXM2-32GB, 6, 3309, 32768, 67.28, 37
2026/09/08 07:39:12.606, 0, Tesla V100-SXM2-32GB, 6, 3309, 32768, 66.78, 37
2026/09/08 07:39:14.658, 0, Tesla V100-SXM2-32GB, 14, 3309, 32768, 66.74, 38
2026/09/08 07:39:16.705, 0, Tesla V100-SXM2-32GB, 18, 3309, 32768, 181.12, 40
2026/09/08 07:39:18.776, 0, Tesla V100-SXM2-32GB, 91, 3309, 32768, 185.67, 41
2026/09/08 07:39:20.844, 0, Tesla V100-SXM2-32GB, 100, 3309, 32768, 198.33, 42
2026/09/08 07:39:22.894, 0, Tesla V100-SXM2-32GB, 100, 3309, 32768, 195.38, 42
2026/09/08 07:39:24.984, 0, Tesla V100-SXM2-32GB, 100, 3309, 32768, 191.94, 43
2026/09/08 07:39:27.072, 0, Tesla V100-SXM2-32GB, 100, 3309, 32768, 199.32, 43
2026/09/08 07:39:29.165, 0, Tesla V100-SXM2-32GB, 100, 3309, 32768, 68.22, 42
2026/09/08 07:39:31.262, 0, Tesla V100-SXM2-32GB, 44, 3309, 32768, 68.71, 41
2026/09/08 07:39:33.356, 0, Tesla V100-SXM2-32GB, 54, 3309, 32768, 194.89, 43
2026/09/08 07:39:35.412, 0, Tesla V100-SXM2-32GB, 69, 3309, 32768, 192.92, 43
2026/09/08 07:39:37.480, 0, Tesla V100-SXM2-32GB, 79, 3309, 32768, 183.70, 44
2026/09/08 07:39:39.571, 0, Tesla V100-SXM2-32GB, 100, 3309, 32768, 188.13, 44
2026/09/08 07:39:41.660, 0, Tesla V100-SXM2-32GB, 100, 3309, 32768, 141.46, 45
2026/09/08 07:39:43.715, 0, Tesla V100-SXM2-32GB, 100, 3309, 32768, 71.18, 44
2026/09/08 07:39:45.808, 0, Tesla V100-SXM2-32GB, 54, 3309, 32768, 69.70, 43
2026/09/08 07:39:47.863, 0, Tesla V100-SXM2-32GB, 45, 3309, 32768, 123.82, 43
2026/09/08 07:39:49.914, 0, Tesla V100-SXM2-32GB, 56, 3309, 32768, 188.13, 44
2026/09/08 07:39:51.967, 0, Tesla V100-SXM2-32GB, 73, 3309, 32768, 183.70, 45
2026/09/08 07:39:54.018, 0, Tesla V100-SXM2-32GB, 85, 3309, 32768, 199.68, 45
2026/09/08 07:39:56.088, 0, Tesla V100-SXM2-32GB, 6, 3309, 32768, 68.71, 42
2026/09/08 07:39:58.138, 0, Tesla V100-SXM2-32GB, 6, 3309, 32768, 68.22, 41
2026/09/08 07:40:00.209, 0, Tesla V100-SXM2-32GB, 6, 3309, 32768, 56.41, 40
2026/09/08 07:40:02.280, 0, Tesla V100-SXM2-32GB, 6, 3309, 32768, 68.22, 40
2026/09/08 07:40:04.366, 0, Tesla V100-SXM2-32GB, 6, 3309, 32768, 67.77, 40
2026/09/08 07:40:06.456, 0, Tesla V100-SXM2-32GB, 6, 3309, 32768, 67.77, 40
2026/09/08 07:40:08.510, 0, Tesla V100-SXM2-32GB, 6, 3309, 32768, 67.72, 39
2026/09/08 07:40:10.599, 0, Tesla V100-SXM2-32GB, 6, 3309, 32768, 67.72, 39
2026/09/08 07:40:12.688, 0, Tesla V100-SXM2-32GB, 6, 3309, 32768, 67.72, 39
2026/09/08 07:40:14.742, 0, Tesla V100-SXM2-32GB, 6, 3309, 32768, 67.23, 39
2026/09/08 07:40:16.794, 0, Tesla V100-SXM2-32GB, 82, 3309, 32768, 125.29, 41
2026/09/08 07:40:18.884, 0, Tesla V100-SXM2-32GB, 6, 3309, 32768, 67.72, 39
2026/09/08 07:40:20.957, 0, Tesla V100-SXM2-32GB, 6, 3309, 32768, 145.99, 39
2026/09/08 07:40:23.006, 0, Tesla V100-SXM2-32GB, 6, 3309, 32768, 67.23, 39
2026/09/08 07:40:25.096, 0, Tesla V100-SXM2-32GB, 85, 3309, 32768, 84.94, 40
2026/09/08 07:40:27.150, 0, Tesla V100-SXM2-32GB, 6, 3309, 32768, 67.72, 38
2026/09/08 07:40:29.229, 0, Tesla V100-SXM2-32GB, 81, 3309, 32768, 67.72, 39
2026/09/08 07:40:31.301, 0, Tesla V100-SXM2-32GB, 6, 3309, 32768, 67.28, 38
2026/09/08 07:40:33.372, 0, Tesla V100-SXM2-32GB, 16, 3309, 32768, 67.23, 39
2026/09/08 07:40:35.460, 0, Tesla V100-SXM2-32GB, 6, 3309, 32768, 67.23, 38
2026/09/08 07:40:37.514, 0, Tesla V100-SXM2-32GB, 6, 3309, 32768, 67.23, 38
2026/09/08 07:40:39.566, 0, Tesla V100-SXM2-32GB, 6, 3309, 32768, 67.28, 38
2026/09/08 07:40:41.656, 0, Tesla V100-SXM2-32GB, 47, 3309, 32768, 67.72, 39
2026/09/08 07:40:43.743, 0, Tesla V100-SXM2-32GB, 6, 3309, 32768, 66.78, 38
2026/09/08 07:40:45.812, 0, Tesla V100-SXM2-32GB, 6, 3309, 32768, 67.23, 38
2026/09/08 07:40:47.904, 0, Tesla V100-SXM2-32GB, 6, 3309, 32768, 66.74, 38
2026/09/08 07:40:49.971, 0, Tesla V100-SXM2-32GB, 6, 3309, 32768, 67.23, 38
2026/09/08 07:40:52.060, 0, Tesla V100-SXM2-32GB, 6, 3309, 32768, 66.74, 37
2026/09/08 07:40:54.110, 0, Tesla V100-SXM2-32GB, 6, 3309, 32768, 66.74, 38
2026/09/08 07:40:56.180, 0, Tesla V100-SXM2-32GB, 6, 3309, 32768, 66.78, 37
2026/09/08 07:40:58.272, 0, Tesla V100-SXM2-32GB, 6, 3309, 32768, 66.74, 37
2026/09/08 07:41:00.360, 0, Tesla V100-SXM2-32GB, 6, 3309, 32768, 66.78, 37
2026/09/08 07:41:02.448, 0, Tesla V100-SXM2-32GB, 6, 3309, 32768, 67.23, 38
2026/09/08 07:41:04.541, 0, Tesla V100-SXM2-32GB, 6, 3309, 32768, 67.28, 37
2026/09/08 07:41:06.636, 0, Tesla V100-SXM2-32GB, 6, 3309, 32768, 66.74, 38
2026/09/08 07:41:08.686, 0, Tesla V100-SXM2-32GB, 6, 3309, 32768, 67.28, 37
2026/09/08 07:41:10.780, 0, Tesla V100-SXM2-32GB, 83, 3309, 32768, 128.74, 40
2026/09/08 07:41:12.834, 0, Tesla V100-SXM2-32GB, 6, 3309, 32768, 67.23, 38
2026/09/08 07:41:14.886, 0, Tesla V100-SXM2-32GB, 6, 3309, 32768, 67.23, 37
2026/09/08 07:41:16.938, 0, Tesla V100-SXM2-32GB, 6, 3309, 32768, 66.74, 38
2026/09/08 07:41:18.990, 0, Tesla V100-SXM2-32GB, 6, 3309, 32768, 66.74, 37
2026/09/08 07:41:21.036, 0, Tesla V100-SXM2-32GB, 5, 3309, 32768, 66.74, 37
2026/09/08 07:41:23.086, 0, Tesla V100-SXM2-32GB, 6, 3309, 32768, 66.74, 37
2026/09/08 07:41:25.156, 0, Tesla V100-SXM2-32GB, 6, 3309, 32768, 67.28, 37
2026/09/08 07:41:27.210, 0, Tesla V100-SXM2-32GB, 6, 3309, 32768, 67.23, 37
2026/09/08 07:41:29.300, 0, Tesla V100-SXM2-32GB, 6, 3309, 32768, 66.78, 37
2026/09/08 07:41:31.385, 0, Tesla V100-SXM2-32GB, 5, 3309, 32768, 55.92, 37
2026/09/08 07:41:33.452, 0, Tesla V100-SXM2-32GB, 6, 3309, 32768, 67.28, 37
2026/09/08 07:41:35.524, 0, Tesla V100-SXM2-32GB, 6, 3309, 32768, 67.23, 37
2026/09/08 07:41:37.596, 0, Tesla V100-SXM2-32GB, 6, 3309, 32768, 66.78, 37
2026/09/08 07:41:39.664, 0, Tesla V100-SXM2-32GB, 22, 3309, 32768, 162.64, 38
2026/09/08 07:41:41.756, 0, Tesla V100-SXM2-32GB, 4, 3309, 32768, 67.23, 37
2026/09/08 07:41:43.824, 0, Tesla V100-SXM2-32GB, 6, 3309, 32768, 67.23, 38
2026/09/08 07:41:45.879, 0, Tesla V100-SXM2-32GB, 6, 3309, 32768, 67.23, 37
2026/09/08 07:41:47.935, 0, Tesla V100-SXM2-32GB, 6, 3309, 32768, 66.74, 38
2026/09/08 07:41:50.005, 0, Tesla V100-SXM2-32GB, 6, 3309, 32768, 66.78, 37
2026/09/08 07:41:52.072, 0, Tesla V100-SXM2-32GB, 6, 3309, 32768, 66.74, 38
2026/09/08 07:41:54.168, 0, Tesla V100-SXM2-32GB, 6, 3309, 32768, 66.74, 37
2026/09/08 07:41:56.256, 0, Tesla V100-SXM2-32GB, 6, 3309, 32768, 66.74, 37
2026/09/08 07:41:58.311, 0, Tesla V100-SXM2-32GB, 6, 3309, 32768, 67.23, 37
2026/09/08 07:42:00.400, 0, Tesla V100-SXM2-32GB, 6, 3309, 32768, 66.74, 37
2026/09/08 07:42:02.450, 0, Tesla V100-SXM2-32GB, 6, 3309, 32768, 67.23, 37
2026/09/08 07:42:04.540, 0, Tesla V100-SXM2-32GB, 6, 3309, 32768, 67.23, 37
2026/09/08 07:42:06.640, 0, Tesla V100-SXM2-32GB, 6, 3309, 32768, 66.74, 37
2026/09/08 07:42:08.712, 0, Tesla V100-SXM2-32GB, 6, 3309, 32768, 67.28, 37
2026/09/08 07:42:10.766, 0, Tesla V100-SXM2-32GB, 6, 3309, 32768, 67.28, 37
2026/09/08 07:42:12.821, 0, Tesla V100-SXM2-32GB, 6, 3309, 32768, 66.78, 37
2026/09/08 07:42:14.875, 0, Tesla V100-SXM2-32GB, 65, 3309, 32768, 67.23, 38
2026/09/08 07:42:16.944, 0, Tesla V100-SXM2-32GB, 6, 3309, 32768, 66.74, 37
2026/09/08 07:42:19.012, 0, Tesla V100-SXM2-32GB, 6, 3309, 32768, 66.74, 38
2026/09/08 07:42:21.082, 0, Tesla V100-SXM2-32GB, 6, 3309, 32768, 66.74, 37
2026/09/08 07:42:23.134, 0, Tesla V100-SXM2-32GB, 6, 3309, 32768, 66.74, 38
2026/09/08 07:42:25.187, 0, Tesla V100-SXM2-32GB, 7, 3309, 32768, 67.28, 37
2026/09/08 07:42:27.236, 0, Tesla V100-SXM2-32GB, 6, 3309, 32768, 66.78, 38
2026/09/08 07:42:29.291, 0, Tesla V100-SXM2-32GB, 6, 3309, 32768, 144.91, 38
2026/09/08 07:42:31.384, 0, Tesla V100-SXM2-32GB, 6, 3309, 32768, 67.23, 38
2026/09/08 07:42:33.475, 0, Tesla V100-SXM2-32GB, 6, 3309, 32768, 66.78, 38
2026/09/08 07:42:35.564, 0, Tesla V100-SXM2-32GB, 6, 3309, 32768, 66.78, 38
2026/09/08 07:42:37.613, 0, Tesla V100-SXM2-32GB, 6, 3309, 32768, 67.23, 38
2026/09/08 07:42:39.684, 0, Tesla V100-SXM2-32GB, 6, 3309, 32768, 66.78, 38
2026/09/08 07:42:41.734, 0, Tesla V100-SXM2-32GB, 6, 3309, 32768, 66.74, 38
2026/09/08 07:42:43.824, 0, Tesla V100-SXM2-32GB, 72, 3309, 32768, 155.65, 39
2026/09/08 07:42:45.919, 0, Tesla V100-SXM2-32GB, 6, 3309, 32768, 67.28, 38
2026/09/08 07:42:47.988, 0, Tesla V100-SXM2-32GB, 15, 3309, 32768, 67.23, 39
2026/09/08 07:42:50.060, 0, Tesla V100-SXM2-32GB, 6, 3309, 32768, 67.28, 38
2026/09/08 07:42:52.115, 0, Tesla V100-SXM2-32GB, 82, 3309, 32768, 181.61, 40
2026/09/08 07:42:54.204, 0, Tesla V100-SXM2-32GB, 6, 3309, 32768, 66.78, 38
2026/09/08 07:42:56.296, 0, Tesla V100-SXM2-32GB, 71, 3309, 32768, 113.54, 39
2026/09/08 07:42:58.368, 0, Tesla V100-SXM2-32GB, 6, 3309, 32768, 66.74, 38
2026/09/08 07:43:00.456, 0, Tesla V100-SXM2-32GB, 6, 3309, 32768, 67.23, 38
2026/09/08 07:43:02.552, 0, Tesla V100-SXM2-32GB, 6, 3309, 32768, 67.23, 38
2026/09/08 07:43:04.639, 0, Tesla V100-SXM2-32GB, 5, 3309, 32768, 67.23, 38
2026/09/08 07:43:06.690, 0, Tesla V100-SXM2-32GB, 6, 3309, 32768, 67.28, 38
2026/09/08 07:43:08.742, 0, Tesla V100-SXM2-32GB, 5, 3309, 32768, 66.78, 38
2026/09/08 07:43:10.811, 0, Tesla V100-SXM2-32GB, 6, 3309, 32768, 67.28, 38
2026/09/08 07:43:12.879, 0, Tesla V100-SXM2-32GB, 6, 3309, 32768, 67.23, 38
2026/09/08 07:43:14.968, 0, Tesla V100-SXM2-32GB, 6, 3309, 32768, 66.74, 38
2026/09/08 07:43:17.022, 0, Tesla V100-SXM2-32GB, 6, 3309, 32768, 67.28, 38
2026/09/08 07:43:19.113, 0, Tesla V100-SXM2-32GB, 83, 3309, 32768, 87.46, 40
2026/09/08 07:43:21.166, 0, Tesla V100-SXM2-32GB, 6, 3309, 32768, 66.78, 38
2026/09/08 07:43:23.223, 0, Tesla V100-SXM2-32GB, 5, 3309, 32768, 67.28, 38
2026/09/08 07:43:25.293, 0, Tesla V100-SXM2-32GB, 6, 3309, 32768, 66.78, 38
2026/09/08 07:43:27.384, 0, Tesla V100-SXM2-32GB, 6, 3309, 32768, 67.28, 38
2026/09/08 07:43:29.476, 0, Tesla V100-SXM2-32GB, 6, 3309, 32768, 67.28, 38
2026/09/08 07:43:31.553, 0, Tesla V100-SXM2-32GB, 69, 3309, 32768, 87.90, 40
2026/09/08 07:43:33.605, 0, Tesla V100-SXM2-32GB, 100, 3309, 32768, 197.35, 41
2026/09/08 07:43:35.676, 0, Tesla V100-SXM2-32GB, 81, 3309, 32768, 68.76, 41
2026/09/08 07:43:37.731, 0, Tesla V100-SXM2-32GB, 100, 3309, 32768, 69.70, 42
2026/09/08 07:43:39.803, 0, Tesla V100-SXM2-32GB, 90, 3309, 32768, 68.22, 41
2026/09/08 07:43:41.872, 0, Tesla V100-SXM2-32GB, 12, 3309, 32768, 69.74, 41
2026/09/08 07:43:43.964, 0, Tesla V100-SXM2-32GB, 13, 3309, 32768, 193.42, 43
2026/09/08 07:43:46.019, 0, Tesla V100-SXM2-32GB, 15, 3309, 32768, 191.08, 44
2026/09/08 07:43:48.092, 0, Tesla V100-SXM2-32GB, 100, 3309, 32768, 193.42, 44
2026/09/08 07:43:50.180, 0, Tesla V100-SXM2-32GB, 100, 3309, 32768, 180.25, 45
2026/09/08 07:43:52.230, 0, Tesla V100-SXM2-32GB, 100, 3309, 32768, 192.07, 45
2026/09/08 07:43:54.321, 0, Tesla V100-SXM2-32GB, 100, 3309, 32768, 151.81, 46
2026/09/08 07:43:56.376, 0, Tesla V100-SXM2-32GB, 98, 3309, 32768, 70.24, 44
2026/09/08 07:43:58.430, 0, Tesla V100-SXM2-32GB, 87, 3309, 32768, 69.21, 44
2026/09/08 07:44:00.513, 0, Tesla V100-SXM2-32GB, 16, 3309, 32768, 159.19, 44
2026/09/08 07:44:02.566, 0, Tesla V100-SXM2-32GB, 33, 3309, 32768, 177.30, 45
2026/09/08 07:44:04.655, 0, Tesla V100-SXM2-32GB, 51, 3309, 32768, 180.25, 46
2026/09/08 07:44:06.702, 0, Tesla V100-SXM2-32GB, 100, 3309, 32768, 206.20, 47
2026/09/08 07:44:08.749, 0, Tesla V100-SXM2-32GB, 100, 3309, 32768, 196.86, 47
2026/09/08 07:44:10.836, 0, Tesla V100-SXM2-32GB, 100, 3309, 32768, 189.60, 47
2026/09/08 07:44:12.891, 0, Tesla V100-SXM2-32GB, 77, 3309, 32768, 70.19, 45
2026/09/08 07:44:14.978, 0, Tesla V100-SXM2-32GB, 5, 3309, 32768, 68.76, 43
2026/09/08 07:44:17.063, 0, Tesla V100-SXM2-32GB, 6, 3309, 32768, 57.40, 42
2026/09/08 07:44:19.113, 0, Tesla V100-SXM2-32GB, 6, 3309, 32768, 68.26, 42
2026/09/08 07:44:21.184, 0, Tesla V100-SXM2-32GB, 6, 3309, 32768, 68.71, 42
2026/09/08 07:44:23.238, 0, Tesla V100-SXM2-32GB, 6, 3309, 32768, 68.26, 42
2026/09/08 07:44:25.332, 0, Tesla V100-SXM2-32GB, 5, 3309, 32768, 68.26, 41
2026/09/08 07:44:27.403, 0, Tesla V100-SXM2-32GB, 6, 3309, 32768, 68.26, 41
2026/09/08 07:44:29.476, 0, Tesla V100-SXM2-32GB, 55, 3309, 32768, 68.22, 42
2026/09/08 07:44:31.548, 0, Tesla V100-SXM2-32GB, 6, 3309, 32768, 68.26, 41
2026/09/08 07:44:33.621, 0, Tesla V100-SXM2-32GB, 30, 3309, 32768, 68.26, 41
2026/09/08 07:44:35.669, 0, Tesla V100-SXM2-32GB, 6, 3309, 32768, 67.77, 40
2026/09/08 07:44:37.760, 0, Tesla V100-SXM2-32GB, 55, 3309, 32768, 71.18, 42
2026/09/08 07:44:39.814, 0, Tesla V100-SXM2-32GB, 6, 3309, 32768, 67.77, 40
2026/09/08 07:44:41.884, 0, Tesla V100-SXM2-32GB, 6, 3309, 32768, 68.26, 40
2026/09/08 07:44:43.957, 0, Tesla V100-SXM2-32GB, 6, 3309, 32768, 67.77, 40
2026/09/08 07:44:46.048, 0, Tesla V100-SXM2-32GB, 6, 3309, 32768, 67.77, 40
2026/09/08 07:44:48.121, 0, Tesla V100-SXM2-32GB, 6, 3309, 32768, 67.77, 40
2026/09/08 07:44:50.175, 0, Tesla V100-SXM2-32GB, 6, 3309, 32768, 67.77, 40
2026/09/08 07:44:52.264, 0, Tesla V100-SXM2-32GB, 45, 3309, 32768, 94.86, 40
2026/09/08 07:44:54.318, 0, Tesla V100-SXM2-32GB, 7, 3309, 32768, 67.77, 39
2026/09/08 07:44:56.408, 0, Tesla V100-SXM2-32GB, 5, 3309, 32768, 67.77, 40
2026/09/08 07:44:58.460, 0, Tesla V100-SXM2-32GB, 6, 3309, 32768, 67.77, 39
2026/09/08 07:45:00.528, 0, Tesla V100-SXM2-32GB, 6, 3309, 32768, 131.21, 40
2026/09/08 07:45:02.582, 0, Tesla V100-SXM2-32GB, 6, 3309, 32768, 67.77, 39
2026/09/08 07:45:04.652, 0, Tesla V100-SXM2-32GB, 77, 3309, 32768, 72.17, 40
2026/09/08 07:45:06.738, 0, Tesla V100-SXM2-32GB, 6, 3309, 32768, 67.28, 39
2026/09/08 07:45:08.809, 0, Tesla V100-SXM2-32GB, 55, 3309, 32768, 130.22, 40
2026/09/08 07:45:10.876, 0, Tesla V100-SXM2-32GB, 6, 3309, 32768, 67.28, 39
2026/09/08 07:45:12.931, 0, Tesla V100-SXM2-32GB, 61, 3309, 32768, 67.77, 40
2026/09/08 07:45:15.019, 0, Tesla V100-SXM2-32GB, 6, 3309, 32768, 67.28, 39
2026/09/08 07:45:17.108, 0, Tesla V100-SXM2-32GB, 55, 3309, 32768, 67.28, 39
2026/09/08 07:45:19.163, 0, Tesla V100-SXM2-32GB, 6, 3309, 32768, 67.28, 39
2026/09/08 07:45:21.233, 0, Tesla V100-SXM2-32GB, 7, 3309, 32768, 149.35, 39
2026/09/08 07:45:23.286, 0, Tesla V100-SXM2-32GB, 38, 3309, 32768, 67.77, 39
2026/09/08 07:45:25.338, 0, Tesla V100-SXM2-32GB, 6, 3309, 32768, 67.28, 38
2026/09/08 07:45:27.427, 0, Tesla V100-SXM2-32GB, 46, 3309, 32768, 95.85, 40
2026/09/08 07:45:29.496, 0, Tesla V100-SXM2-32GB, 6, 3309, 32768, 67.28, 38
2026/09/08 07:45:31.588, 0, Tesla V100-SXM2-32GB, 74, 3309, 32768, 69.74, 39
2026/09/08 07:45:33.656, 0, Tesla V100-SXM2-32GB, 5, 3309, 32768, 67.28, 38
2026/09/08 07:45:35.725, 0, Tesla V100-SXM2-32GB, 47, 3309, 32768, 83.51, 40
2026/09/08 07:45:37.774, 0, Tesla V100-SXM2-32GB, 6, 3309, 32768, 66.78, 38
2026/09/08 07:45:39.827, 0, Tesla V100-SXM2-32GB, 27, 3309, 32768, 83.51, 39
2026/09/08 07:45:41.896, 0, Tesla V100-SXM2-32GB, 6, 3309, 32768, 67.28, 38
2026/09/08 07:45:43.968, 0, Tesla V100-SXM2-32GB, 6, 3309, 32768, 67.28, 38
2026/09/08 07:45:46.060, 0, Tesla V100-SXM2-32GB, 6, 3309, 32768, 67.28, 38
2026/09/08 07:45:48.114, 0, Tesla V100-SXM2-32GB, 49, 3309, 32768, 67.28, 38
2026/09/08 07:45:50.207, 0, Tesla V100-SXM2-32GB, 6, 3309, 32768, 66.78, 38
2026/09/08 07:45:52.280, 0, Tesla V100-SXM2-32GB, 6, 3309, 32768, 66.78, 38
2026/09/08 07:45:54.352, 0, Tesla V100-SXM2-32GB, 6, 3309, 32768, 67.28, 37
2026/09/08 07:45:56.402, 0, Tesla V100-SXM2-32GB, 6, 3309, 32768, 66.78, 38
2026/09/08 07:45:58.492, 0, Tesla V100-SXM2-32GB, 6, 3309, 32768, 66.78, 37
2026/09/08 07:46:00.546, 0, Tesla V100-SXM2-32GB, 4, 3309, 32768, 66.78, 38
2026/09/08 07:46:02.603, 0, Tesla V100-SXM2-32GB, 6, 3309, 32768, 66.78, 37
2026/09/08 07:46:04.692, 0, Tesla V100-SXM2-32GB, 6, 3309, 32768, 66.78, 37
2026/09/08 07:46:06.763, 0, Tesla V100-SXM2-32GB, 6, 3309, 32768, 66.78, 37
2026/09/08 07:46:08.851, 0, Tesla V100-SXM2-32GB, 6, 3309, 32768, 66.78, 37
2026/09/08 07:46:10.902, 0, Tesla V100-SXM2-32GB, 16, 3309, 32768, 70.68, 38
2026/09/08 07:46:12.954, 0, Tesla V100-SXM2-32GB, 6, 3309, 32768, 66.78, 37
2026/09/08 07:46:15.006, 0, Tesla V100-SXM2-32GB, 81, 3309, 32768, 68.26, 38
2026/09/08 07:46:17.076, 0, Tesla V100-SXM2-32GB, 6, 3309, 32768, 66.78, 37
2026/09/08 07:46:19.144, 0, Tesla V100-SXM2-32GB, 56, 3309, 32768, 67.72, 38
2026/09/08 07:46:21.198, 0, Tesla V100-SXM2-32GB, 6, 3309, 32768, 66.74, 37
2026/09/08 07:46:23.287, 0, Tesla V100-SXM2-32GB, 59, 3309, 32768, 71.18, 38
2026/09/08 07:46:25.376, 0, Tesla V100-SXM2-32GB, 6, 3309, 32768, 66.78, 37
2026/09/08 07:46:27.464, 0, Tesla V100-SXM2-32GB, 14, 3309, 32768, 66.78, 37
2026/09/08 07:46:29.519, 0, Tesla V100-SXM2-32GB, 6, 3309, 32768, 66.78, 37
2026/09/08 07:46:31.588, 0, Tesla V100-SXM2-32GB, 6, 3309, 32768, 66.78, 37
2026/09/08 07:46:33.656, 0, Tesla V100-SXM2-32GB, 6, 3309, 32768, 66.78, 37
2026/09/08 07:46:35.723, 0, Tesla V100-SXM2-32GB, 6, 3309, 32768, 66.78, 37
2026/09/08 07:46:37.810, 0, Tesla V100-SXM2-32GB, 6, 3309, 32768, 66.78, 37
2026/09/08 07:46:39.900, 0, Tesla V100-SXM2-32GB, 6, 3309, 32768, 66.78, 37
2026/09/08 07:46:41.950, 0, Tesla V100-SXM2-32GB, 55, 3309, 32768, 67.28, 38
2026/09/08 07:46:44.001, 0, Tesla V100-SXM2-32GB, 6, 3309, 32768, 66.78, 37
2026/09/08 07:46:46.096, 0, Tesla V100-SXM2-32GB, 6, 3309, 32768, 66.74, 37
2026/09/08 07:46:48.182, 0, Tesla V100-SXM2-32GB, 69, 3309, 32768, 129.15, 38
2026/09/08 07:46:50.248, 0, Tesla V100-SXM2-32GB, 6, 3309, 32768, 66.78, 37
2026/09/08 07:46:52.335, 0, Tesla V100-SXM2-32GB, 62, 3309, 32768, 69.21, 38
2026/09/08 07:46:54.403, 0, Tesla V100-SXM2-32GB, 6, 3309, 32768, 66.74, 37
2026/09/08 07:46:56.472, 0, Tesla V100-SXM2-32GB, 6, 3309, 32768, 66.78, 37
2026/09/08 07:46:58.540, 0, Tesla V100-SXM2-32GB, 5, 3309, 32768, 66.29, 37
2026/09/08 07:47:00.599, 0, Tesla V100-SXM2-32GB, 5, 3309, 32768, 66.78, 37
2026/09/08 07:47:02.650, 0, Tesla V100-SXM2-32GB, 6, 3309, 32768, 66.78, 37
2026/09/08 07:47:04.720, 0, Tesla V100-SXM2-32GB, 6, 3309, 32768, 66.78, 37
2026/09/08 07:47:06.811, 0, Tesla V100-SXM2-32GB, 6, 3309, 32768, 67.28, 37
2026/09/08 07:47:08.863, 0, Tesla V100-SXM2-32GB, 5, 3309, 32768, 66.78, 37
2026/09/08 07:47:10.918, 0, Tesla V100-SXM2-32GB, 6, 3309, 32768, 66.78, 36
2026/09/08 07:47:12.970, 0, Tesla V100-SXM2-32GB, 6, 3309, 32768, 66.74, 37
2026/09/08 07:47:15.060, 0, Tesla V100-SXM2-32GB, 6, 3309, 32768, 66.78, 36
2026/09/08 07:47:17.152, 0, Tesla V100-SXM2-32GB, 6, 3309, 32768, 66.78, 37
2026/09/08 07:47:19.203, 0, Tesla V100-SXM2-32GB, 59, 3309, 32768, 87.96, 37
2026/09/08 07:47:21.254, 0, Tesla V100-SXM2-32GB, 6, 3309, 32768, 66.74, 36
2026/09/08 07:47:23.324, 0, Tesla V100-SXM2-32GB, 55, 3309, 32768, 67.23, 38
2026/09/08 07:47:25.411, 0, Tesla V100-SXM2-32GB, 6, 3309, 32768, 66.24, 36
2026/09/08 07:47:27.480, 0, Tesla V100-SXM2-32GB, 71, 3309, 32768, 73.15, 38
2026/09/08 07:47:29.534, 0, Tesla V100-SXM2-32GB, 6, 3309, 32768, 66.24, 36
2026/09/08 07:47:31.594, 0, Tesla V100-SXM2-32GB, 6, 3309, 32768, 66.74, 37
2026/09/08 07:47:33.646, 0, Tesla V100-SXM2-32GB, 6, 3309, 32768, 66.74, 36
2026/09/08 07:47:35.697, 0, Tesla V100-SXM2-32GB, 6, 3309, 32768, 66.74, 37
2026/09/08 07:47:37.784, 0, Tesla V100-SXM2-32GB, 6, 3309, 32768, 66.74, 36
2026/09/08 07:47:39.872, 0, Tesla V100-SXM2-32GB, 6, 3309, 32768, 66.78, 37
2026/09/08 07:47:41.906, 0, Tesla V100-SXM2-32GB, 6, 3309, 32768, 66.29, 36
2026/09/08 07:47:43.940, 0, Tesla V100-SXM2-32GB, 6, 3309, 32768, 66.29, 37
2026/09/08 07:47:46.013, 0, Tesla V100-SXM2-32GB, 6, 3309, 32768, 66.74, 36
2026/09/08 07:47:48.070, 0, Tesla V100-SXM2-32GB, 6, 3309, 32768, 66.74, 37
2026/09/08 07:47:50.159, 0, Tesla V100-SXM2-32GB, 100, 3309, 32768, 119.38, 40
2026/09/08 07:47:52.211, 0, Tesla V100-SXM2-32GB, 100, 3309, 32768, 202.27, 41
2026/09/08 07:47:54.262, 0, Tesla V100-SXM2-32GB, 100, 3309, 32768, 191.08, 42
2026/09/08 07:47:56.358, 0, Tesla V100-SXM2-32GB, 99, 3309, 32768, 67.72, 41
2026/09/08 07:47:58.414, 0, Tesla V100-SXM2-32GB, 100, 3309, 32768, 67.72, 41
2026/09/08 07:48:00.470, 0, Tesla V100-SXM2-32GB, 32, 3309, 32768, 68.22, 41
2026/09/08 07:48:02.522, 0, Tesla V100-SXM2-32GB, 24, 3309, 32768, 69.21, 41
2026/09/08 07:48:04.570, 0, Tesla V100-SXM2-32GB, 13, 3309, 32768, 190.46, 42
2026/09/08 07:48:06.622, 0, Tesla V100-SXM2-32GB, 16, 3309, 32768, 208.17, 43
2026/09/08 07:48:08.674, 0, Tesla V100-SXM2-32GB, 100, 3309, 32768, 186.04, 43
2026/09/08 07:48:10.726, 0, Tesla V100-SXM2-32GB, 100, 3309, 32768, 203.25, 44
2026/09/08 07:48:12.782, 0, Tesla V100-SXM2-32GB, 100, 3309, 32768, 201.29, 44
2026/09/08 07:48:14.834, 0, Tesla V100-SXM2-32GB, 100, 3309, 32768, 161.16, 44
2026/09/08 07:48:16.888, 0, Tesla V100-SXM2-32GB, 100, 3309, 32768, 70.19, 43
2026/09/08 07:48:18.980, 0, Tesla V100-SXM2-32GB, 41, 3309, 32768, 69.21, 42
2026/09/08 07:48:21.075, 0, Tesla V100-SXM2-32GB, 22, 3309, 32768, 184.19, 44
2026/09/08 07:48:23.126, 0, Tesla V100-SXM2-32GB, 80, 3309, 32768, 190.96, 44
2026/09/08 07:48:25.195, 0, Tesla V100-SXM2-32GB, 93, 3309, 32768, 196.37, 45
2026/09/08 07:48:27.244, 0, Tesla V100-SXM2-32GB, 100, 3309, 32768, 198.83, 45
2026/09/08 07:48:29.332, 0, Tesla V100-SXM2-32GB, 6, 3309, 32768, 68.22, 42
2026/09/08 07:48:31.386, 0, Tesla V100-SXM2-32GB, 6, 3309, 32768, 68.22, 41
2026/09/08 07:48:33.475, 0, Tesla V100-SXM2-32GB, 6, 3309, 32768, 56.41, 40
2026/09/08 07:48:35.548, 0, Tesla V100-SXM2-32GB, 6, 3309, 32768, 67.72, 40
2026/09/08 07:48:37.598, 0, Tesla V100-SXM2-32GB, 76, 3309, 32768, 84.01, 42
2026/09/08 07:48:39.644, 0, Tesla V100-SXM2-32GB, 5, 3309, 32768, 67.72, 40
2026/09/08 07:48:41.716, 0, Tesla V100-SXM2-32GB, 55, 3309, 32768, 68.22, 41
2026/09/08 07:48:43.783, 0, Tesla V100-SXM2-32GB, 6, 3309, 32768, 67.72, 40
2026/09/08 07:48:45.832, 0, Tesla V100-SXM2-32GB, 6, 3309, 32768, 67.72, 40
2026/09/08 07:48:47.918, 0, Tesla V100-SXM2-32GB, 6, 3309, 32768, 67.77, 39
2026/09/08 07:48:49.970, 0, Tesla V100-SXM2-32GB, 6, 3309, 32768, 67.72, 39
2026/09/08 07:48:52.017, 0, Tesla V100-SXM2-32GB, 6, 3309, 32768, 67.77, 39
2026/09/08 07:48:54.070, 0, Tesla V100-SXM2-32GB, 6, 3309, 32768, 67.28, 39
2026/09/08 07:48:56.121, 0, Tesla V100-SXM2-32GB, 6, 3309, 32768, 67.72, 39
2026/09/08 07:48:58.187, 0, Tesla V100-SXM2-32GB, 6, 3309, 32768, 67.23, 39
2026/09/08 07:49:00.256, 0, Tesla V100-SXM2-32GB, 6, 3309, 32768, 67.72, 39
2026/09/08 07:49:02.347, 0, Tesla V100-SXM2-32GB, 6, 3309, 32768, 67.28, 39
2026/09/08 07:49:04.436, 0, Tesla V100-SXM2-32GB, 15, 3309, 32768, 130.71, 39
2026/09/08 07:49:06.524, 0, Tesla V100-SXM2-32GB, 6, 3309, 32768, 67.23, 39
2026/09/08 07:49:08.578, 0, Tesla V100-SXM2-32GB, 6, 3309, 32768, 67.72, 39
2026/09/08 07:49:10.668, 0, Tesla V100-SXM2-32GB, 6, 3309, 32768, 67.28, 39
2026/09/08 07:49:12.718, 0, Tesla V100-SXM2-32GB, 81, 3309, 32768, 67.72, 39
2026/09/08 07:49:14.770, 0, Tesla V100-SXM2-32GB, 6, 3309, 32768, 67.23, 39
2026/09/08 07:49:16.859, 0, Tesla V100-SXM2-32GB, 73, 3309, 32768, 203.74, 40
2026/09/08 07:49:18.923, 0, Tesla V100-SXM2-32GB, 6, 3309, 32768, 67.23, 38
2026/09/08 07:49:21.010, 0, Tesla V100-SXM2-32GB, 83, 3309, 32768, 67.72, 39
2026/09/08 07:49:23.076, 0, Tesla V100-SXM2-32GB, 6, 3309, 32768, 67.23, 38
2026/09/08 07:49:25.143, 0, Tesla V100-SXM2-32GB, 55, 3309, 32768, 158.70, 40
2026/09/08 07:49:27.232, 0, Tesla V100-SXM2-32GB, 6, 3309, 32768, 67.23, 38
2026/09/08 07:49:29.280, 0, Tesla V100-SXM2-32GB, 6, 3309, 32768, 67.28, 39
2026/09/08 07:49:31.352, 0, Tesla V100-SXM2-32GB, 6, 3309, 32768, 67.23, 38
2026/09/08 07:49:33.402, 0, Tesla V100-SXM2-32GB, 6, 3309, 32768, 67.23, 39
2026/09/08 07:49:35.457, 0, Tesla V100-SXM2-32GB, 6, 3309, 32768, 67.28, 38
2026/09/08 07:49:37.528, 0, Tesla V100-SXM2-32GB, 6, 3309, 32768, 67.28, 38
2026/09/08 07:49:39.620, 0, Tesla V100-SXM2-32GB, 45, 3309, 32768, 67.23, 39
2026/09/08 07:49:41.707, 0, Tesla V100-SXM2-32GB, 4, 3309, 32768, 67.23, 38
2026/09/08 07:49:43.777, 0, Tesla V100-SXM2-32GB, 6, 3309, 32768, 67.23, 39
2026/09/08 07:49:45.867, 0, Tesla V100-SXM2-32GB, 6, 3309, 32768, 67.28, 38
2026/09/08 07:49:47.916, 0, Tesla V100-SXM2-32GB, 6, 3309, 32768, 67.28, 38
2026/09/08 07:49:49.985, 0, Tesla V100-SXM2-32GB, 6, 3309, 32768, 67.72, 38
2026/09/08 07:49:52.052, 0, Tesla V100-SXM2-32GB, 4, 3309, 32768, 67.23, 38
2026/09/08 07:49:54.106, 0, Tesla V100-SXM2-32GB, 6, 3309, 32768, 67.28, 38
2026/09/08 07:49:56.175, 0, Tesla V100-SXM2-32GB, 7, 3309, 32768, 143.43, 39
2026/09/08 07:49:58.226, 0, Tesla V100-SXM2-32GB, 6, 3309, 32768, 67.23, 38
2026/09/08 07:50:00.315, 0, Tesla V100-SXM2-32GB, 81, 3309, 32768, 154.27, 40
2026/09/08 07:50:02.384, 0, Tesla V100-SXM2-32GB, 4, 3309, 32768, 67.23, 38
2026/09/08 07:50:04.434, 0, Tesla V100-SXM2-32GB, 74, 3309, 32768, 69.21, 40
2026/09/08 07:50:06.522, 0, Tesla V100-SXM2-32GB, 6, 3309, 32768, 67.23, 38
2026/09/08 07:50:08.569, 0, Tesla V100-SXM2-32GB, 69, 3309, 32768, 67.72, 39
2026/09/08 07:50:10.639, 0, Tesla V100-SXM2-32GB, 6, 3309, 32768, 67.23, 38
2026/09/08 07:50:12.687, 0, Tesla V100-SXM2-32GB, 4, 3309, 32768, 67.28, 39
2026/09/08 07:50:14.738, 0, Tesla V100-SXM2-32GB, 6, 3309, 32768, 66.78, 38
2026/09/08 07:50:16.807, 0, Tesla V100-SXM2-32GB, 6, 3309, 32768, 66.78, 38
2026/09/08 07:50:18.875, 0, Tesla V100-SXM2-32GB, 6, 3309, 32768, 67.28, 38
2026/09/08 07:50:20.925, 0, Tesla V100-SXM2-32GB, 6, 3309, 32768, 67.28, 38
2026/09/08 07:50:22.974, 0, Tesla V100-SXM2-32GB, 6, 3309, 32768, 67.28, 38
2026/09/08 07:50:25.064, 0, Tesla V100-SXM2-32GB, 6, 3309, 32768, 67.28, 38
2026/09/08 07:50:27.156, 0, Tesla V100-SXM2-32GB, 6, 3309, 32768, 112.06, 38
2026/09/08 07:50:29.227, 0, Tesla V100-SXM2-32GB, 6, 3309, 32768, 67.28, 38
2026/09/08 07:50:31.295, 0, Tesla V100-SXM2-32GB, 83, 3309, 32768, 162.15, 39
2026/09/08 07:50:33.346, 0, Tesla V100-SXM2-32GB, 6, 3309, 32768, 67.23, 38
2026/09/08 07:50:35.419, 0, Tesla V100-SXM2-32GB, 6, 3309, 32768, 67.77, 39
2026/09/08 07:50:37.488, 0, Tesla V100-SXM2-32GB, 6, 3309, 32768, 67.23, 38
2026/09/08 07:50:39.571, 0, Tesla V100-SXM2-32GB, 82, 3309, 32768, 67.28, 39
2026/09/08 07:50:41.639, 0, Tesla V100-SXM2-32GB, 6, 3309, 32768, 67.28, 38
2026/09/08 07:50:43.727, 0, Tesla V100-SXM2-32GB, 6, 3309, 32768, 67.72, 38
2026/09/08 07:50:45.777, 0, Tesla V100-SXM2-32GB, 6, 3309, 32768, 66.78, 38
2026/09/08 07:50:47.848, 0, Tesla V100-SXM2-32GB, 6, 3309, 32768, 67.28, 38
2026/09/08 07:50:49.934, 0, Tesla V100-SXM2-32GB, 6, 3309, 32768, 67.28, 38
2026/09/08 07:50:52.003, 0, Tesla V100-SXM2-32GB, 6, 3309, 32768, 67.28, 38
2026/09/08 07:50:54.052, 0, Tesla V100-SXM2-32GB, 6, 3309, 32768, 55.92, 38
2026/09/08 07:50:56.121, 0, Tesla V100-SXM2-32GB, 6, 3309, 32768, 67.28, 38
2026/09/08 07:50:58.187, 0, Tesla V100-SXM2-32GB, 82, 3309, 32768, 200.30, 40
2026/09/08 07:51:00.236, 0, Tesla V100-SXM2-32GB, 6, 3309, 32768, 66.78, 38
2026/09/08 07:51:02.286, 0, Tesla V100-SXM2-32GB, 73, 3309, 32768, 121.85, 40
2026/09/08 07:51:04.355, 0, Tesla V100-SXM2-32GB, 6, 3309, 32768, 157.72, 40
2026/09/08 07:51:06.405, 0, Tesla V100-SXM2-32GB, 6, 3309, 32768, 67.77, 38
2026/09/08 07:51:08.491, 0, Tesla V100-SXM2-32GB, 6, 3309, 32768, 103.18, 40
2026/09/08 07:51:10.575, 0, Tesla V100-SXM2-32GB, 6, 3309, 32768, 67.23, 38
2026/09/08 07:51:12.625, 0, Tesla V100-SXM2-32GB, 65, 3309, 32768, 67.77, 39
2026/09/08 07:51:14.709, 0, Tesla V100-SXM2-32GB, 6, 3309, 32768, 67.28, 38
2026/09/08 07:51:16.776, 0, Tesla V100-SXM2-32GB, 53, 3309, 32768, 67.77, 39
2026/09/08 07:51:18.843, 0, Tesla V100-SXM2-32GB, 6, 3309, 32768, 67.28, 38
2026/09/08 07:51:20.910, 0, Tesla V100-SXM2-32GB, 6, 3309, 32768, 67.28, 38
2026/09/08 07:51:22.979, 0, Tesla V100-SXM2-32GB, 6, 3309, 32768, 67.28, 38
2026/09/08 07:51:25.068, 0, Tesla V100-SXM2-32GB, 6, 3309, 32768, 67.28, 38
2026/09/08 07:51:27.100, 0, Tesla V100-SXM2-32GB, 5, 3309, 32768, 67.28, 38
2026/09/08 07:51:29.172, 0, Tesla V100-SXM2-32GB, 6, 3309, 32768, 67.28, 38
2026/09/08 07:51:31.243, 0, Tesla V100-SXM2-32GB, 6, 3309, 32768, 67.28, 38
2026/09/08 07:51:33.311, 0, Tesla V100-SXM2-32GB, 6, 3309, 32768, 67.28, 38
2026/09/08 07:51:35.380, 0, Tesla V100-SXM2-32GB, 6, 3309, 32768, 67.28, 38
2026/09/08 07:51:37.467, 0, Tesla V100-SXM2-32GB, 7, 3309, 32768, 67.28, 38
2026/09/08 07:51:39.548, 0, Tesla V100-SXM2-32GB, 25, 3309, 32768, 110.58, 38
2026/09/08 07:51:41.621, 0, Tesla V100-SXM2-32GB, 6, 3309, 32768, 67.28, 38
2026/09/08 07:51:43.673, 0, Tesla V100-SXM2-32GB, 55, 3309, 32768, 67.28, 39
2026/09/08 07:51:45.759, 0, Tesla V100-SXM2-32GB, 6, 3309, 32768, 66.78, 38
2026/09/08 07:51:47.847, 0, Tesla V100-SXM2-32GB, 6, 3309, 32768, 67.28, 38
2026/09/08 07:51:49.915, 0, Tesla V100-SXM2-32GB, 6, 3309, 32768, 67.28, 38
2026/09/08 07:51:51.965, 0, Tesla V100-SXM2-32GB, 6, 3309, 32768, 67.28, 38
2026/09/08 07:51:54.052, 0, Tesla V100-SXM2-32GB, 6, 3309, 32768, 67.28, 38
2026/09/08 07:51:56.102, 0, Tesla V100-SXM2-32GB, 6, 3309, 32768, 66.78, 38
2026/09/08 07:51:58.171, 0, Tesla V100-SXM2-32GB, 6, 3309, 32768, 66.78, 38
2026/09/08 07:52:00.221, 0, Tesla V100-SXM2-32GB, 6, 3309, 32768, 67.28, 38
2026/09/08 07:52:02.312, 0, Tesla V100-SXM2-32GB, 83, 3309, 32768, 170.52, 40
2026/09/08 07:52:04.380, 0, Tesla V100-SXM2-32GB, 5, 3309, 32768, 67.28, 38
2026/09/08 07:52:06.434, 0, Tesla V100-SXM2-32GB, 36, 3309, 32768, 68.26, 39
2026/09/08 07:52:08.487, 0, Tesla V100-SXM2-32GB, 67, 3309, 32768, 158.70, 40
2026/09/08 07:52:10.575, 0, Tesla V100-SXM2-32GB, 13, 3309, 32768, 202.76, 41
2026/09/08 07:52:12.664, 0, Tesla V100-SXM2-32GB, 13, 3309, 32768, 196.86, 43
2026/09/08 07:52:14.715, 0, Tesla V100-SXM2-32GB, 84, 3309, 32768, 173.48, 43
2026/09/08 07:52:16.783, 0, Tesla V100-SXM2-32GB, 89, 3309, 32768, 177.30, 44
2026/09/08 07:52:18.850, 0, Tesla V100-SXM2-32GB, 93, 3309, 32768, 174.35, 44
2026/09/08 07:52:20.902, 0, Tesla V100-SXM2-32GB, 100, 3309, 32768, 190.46, 44
2026/09/08 07:52:22.954, 0, Tesla V100-SXM2-32GB, 100, 3309, 32768, 193.91, 45
2026/09/08 07:52:25.005, 0, Tesla V100-SXM2-32GB, 100, 3309, 32768, 116.99, 45
2026/09/08 07:52:27.080, 0, Tesla V100-SXM2-32GB, 69, 3309, 32768, 69.74, 44
2026/09/08 07:52:29.152, 0, Tesla V100-SXM2-32GB, 63, 3309, 32768, 69.21, 43
2026/09/08 07:52:31.202, 0, Tesla V100-SXM2-32GB, 78, 3309, 32768, 69.74, 43
2026/09/08 07:52:33.273, 0, Tesla V100-SXM2-32GB, 23, 3309, 32768, 174.35, 44
2026/09/08 07:52:35.358, 0, Tesla V100-SXM2-32GB, 28, 3309, 32768, 195.38, 45
2026/09/08 07:52:37.447, 0, Tesla V100-SXM2-32GB, 100, 3309, 32768, 176.43, 45
2026/09/08 07:52:39.494, 0, Tesla V100-SXM2-32GB, 100, 3309, 32768, 199.32, 46
2026/09/08 07:52:41.560, 0, Tesla V100-SXM2-32GB, 100, 3309, 32768, 192.56, 46
2026/09/08 07:52:43.651, 0, Tesla V100-SXM2-32GB, 100, 3309, 32768, 180.25, 46
2026/09/08 07:52:45.702, 0, Tesla V100-SXM2-32GB, 5, 3309, 32768, 68.76, 43
2026/09/08 07:52:47.772, 0, Tesla V100-SXM2-32GB, 6, 3309, 32768, 57.40, 42
2026/09/08 07:52:49.860, 0, Tesla V100-SXM2-32GB, 6, 3309, 32768, 57.40, 41
2026/09/08 07:52:51.950, 0, Tesla V100-SXM2-32GB, 6, 3309, 32768, 68.26, 41
2026/09/08 07:52:54.002, 0, Tesla V100-SXM2-32GB, 52, 3309, 32768, 184.56, 43
2026/09/08 07:52:56.072, 0, Tesla V100-SXM2-32GB, 5, 3309, 32768, 68.26, 41
2026/09/08 07:52:58.144, 0, Tesla V100-SXM2-32GB, 41, 3309, 32768, 68.26, 41
2026/09/08 07:53:00.198, 0, Tesla V100-SXM2-32GB, 6, 3309, 32768, 68.26, 40
2026/09/08 07:53:02.250, 0, Tesla V100-SXM2-32GB, 6, 3309, 32768, 67.77, 40
2026/09/08 07:53:04.340, 0, Tesla V100-SXM2-32GB, 6, 3309, 32768, 67.77, 40
2026/09/08 07:53:06.390, 0, Tesla V100-SXM2-32GB, 5, 3309, 32768, 67.77, 40
2026/09/08 07:53:08.461, 0, Tesla V100-SXM2-32GB, 6, 3309, 32768, 67.77, 40
2026/09/08 07:53:10.510, 0, Tesla V100-SXM2-32GB, 6, 3309, 32768, 67.77, 40
2026/09/08 07:53:12.577, 0, Tesla V100-SXM2-32GB, 5, 3309, 32768, 67.77, 39
2026/09/08 07:53:14.632, 0, Tesla V100-SXM2-32GB, 6, 3309, 32768, 67.77, 39
2026/09/08 07:53:16.680, 0, Tesla V100-SXM2-32GB, 6, 3309, 32768, 67.77, 39
2026/09/08 07:53:18.730, 0, Tesla V100-SXM2-32GB, 6, 3309, 32768, 67.28, 39
2026/09/08 07:53:20.801, 0, Tesla V100-SXM2-32GB, 6, 3309, 32768, 67.28, 39
2026/09/08 07:53:22.875, 0, Tesla V100-SXM2-32GB, 6, 3309, 32768, 67.28, 39
2026/09/08 07:53:24.944, 0, Tesla V100-SXM2-32GB, 75, 3309, 32768, 67.77, 40
2026/09/08 07:53:26.998, 0, Tesla V100-SXM2-32GB, 6, 3309, 32768, 67.28, 39
2026/09/08 07:53:29.068, 0, Tesla V100-SXM2-32GB, 6, 3309, 32768, 67.28, 39
2026/09/08 07:53:31.141, 0, Tesla V100-SXM2-32GB, 6, 3309, 32768, 67.28, 39
2026/09/08 07:53:33.212, 0, Tesla V100-SXM2-32GB, 6, 3309, 32768, 126.28, 39
2026/09/08 07:53:35.266, 0, Tesla V100-SXM2-32GB, 6, 3309, 32768, 67.28, 38
2026/09/08 07:53:37.336, 0, Tesla V100-SXM2-32GB, 6, 3309, 32768, 67.28, 38
2026/09/08 07:53:39.428, 0, Tesla V100-SXM2-32GB, 6, 3309, 32768, 67.28, 38
2026/09/08 07:53:41.500, 0, Tesla V100-SXM2-32GB, 6, 3309, 32768, 66.78, 38
2026/09/08 07:53:43.588, 0, Tesla V100-SXM2-32GB, 6, 3309, 32768, 67.28, 38
2026/09/08 07:53:45.643, 0, Tesla V100-SXM2-32GB, 55, 3309, 32768, 150.82, 39
2026/09/08 07:53:47.731, 0, Tesla V100-SXM2-32GB, 6, 3309, 32768, 67.28, 38
2026/09/08 07:53:49.820, 0, Tesla V100-SXM2-32GB, 82, 3309, 32768, 67.28, 39
2026/09/08 07:53:51.871, 0, Tesla V100-SXM2-32GB, 6, 3309, 32768, 67.28, 38
2026/09/08 07:53:53.940, 0, Tesla V100-SXM2-32GB, 6, 3309, 32768, 66.78, 38
2026/09/08 07:53:55.990, 0, Tesla V100-SXM2-32GB, 54, 3309, 32768, 67.23, 39
2026/09/08 07:53:58.056, 0, Tesla V100-SXM2-32GB, 6, 3309, 32768, 67.28, 38
2026/09/08 07:54:00.106, 0, Tesla V100-SXM2-32GB, 6, 3309, 32768, 67.28, 38
2026/09/08 07:54:02.169, 0, Tesla V100-SXM2-32GB, 6, 3309, 32768, 67.28, 38
2026/09/08 07:54:04.221, 0, Tesla V100-SXM2-32GB, 6, 3309, 32768, 67.77, 37
2026/09/08 07:54:06.272, 0, Tesla V100-SXM2-32GB, 6, 3309, 32768, 67.28, 38
2026/09/08 07:54:08.364, 0, Tesla V100-SXM2-32GB, 6, 3309, 32768, 66.78, 37
2026/09/08 07:54:10.437, 0, Tesla V100-SXM2-32GB, 6, 3309, 32768, 66.78, 37
2026/09/08 07:54:12.471, 0, Tesla V100-SXM2-32GB, 6, 3309, 32768, 67.28, 37
2026/09/08 07:54:14.522, 0, Tesla V100-SXM2-32GB, 6, 3309, 32768, 66.74, 37
2026/09/08 07:54:16.612, 0, Tesla V100-SXM2-32GB, 6, 3309, 32768, 127.76, 38
2026/09/08 07:54:18.681, 0, Tesla V100-SXM2-32GB, 6, 3309, 32768, 67.28, 37
2026/09/08 07:54:20.735, 0, Tesla V100-SXM2-32GB, 86, 3309, 32768, 67.23, 38
2026/09/08 07:54:22.804, 0, Tesla V100-SXM2-32GB, 6, 3309, 32768, 66.78, 37
2026/09/08 07:54:24.858, 0, Tesla V100-SXM2-32GB, 34, 3309, 32768, 67.28, 38
2026/09/08 07:54:26.910, 0, Tesla V100-SXM2-32GB, 5, 3309, 32768, 66.78, 37
2026/09/08 07:54:28.980, 0, Tesla V100-SXM2-32GB, 6, 3309, 32768, 67.23, 37
2026/09/08 07:54:31.072, 0, Tesla V100-SXM2-32GB, 6, 3309, 32768, 66.78, 37
2026/09/08 07:54:33.140, 0, Tesla V100-SXM2-32GB, 6, 3309, 32768, 67.23, 37
2026/09/08 07:54:35.190, 0, Tesla V100-SXM2-32GB, 6, 3309, 32768, 66.78, 37
2026/09/08 07:54:37.264, 0, Tesla V100-SXM2-32GB, 6, 3309, 32768, 66.78, 37
2026/09/08 07:54:39.355, 0, Tesla V100-SXM2-32GB, 6, 3309, 32768, 66.78, 37
2026/09/08 07:54:41.424, 0, Tesla V100-SXM2-32GB, 6, 3309, 32768, 66.78, 37
2026/09/08 07:54:43.496, 0, Tesla V100-SXM2-32GB, 6, 3309, 32768, 66.78, 37
2026/09/08 07:54:45.564, 0, Tesla V100-SXM2-32GB, 6, 3309, 32768, 66.78, 37
2026/09/08 07:54:47.656, 0, Tesla V100-SXM2-32GB, 6, 3309, 32768, 66.78, 37
2026/09/08 07:54:49.709, 0, Tesla V100-SXM2-32GB, 6, 3309, 32768, 66.78, 37
2026/09/08 07:54:51.762, 0, Tesla V100-SXM2-32GB, 77, 3309, 32768, 168.93, 39
2026/09/08 07:54:53.831, 0, Tesla V100-SXM2-32GB, 6, 3309, 32768, 66.78, 37
2026/09/08 07:54:55.919, 0, Tesla V100-SXM2-32GB, 54, 3309, 32768, 116.50, 39
2026/09/08 07:54:57.988, 0, Tesla V100-SXM2-32GB, 6, 3309, 32768, 66.78, 37
2026/09/08 07:55:00.080, 0, Tesla V100-SXM2-32GB, 51, 3309, 32768, 67.28, 38
2026/09/08 07:55:02.134, 0, Tesla V100-SXM2-32GB, 6, 3309, 32768, 66.78, 37
2026/09/08 07:55:04.204, 0, Tesla V100-SXM2-32GB, 6, 3309, 32768, 66.74, 37
2026/09/08 07:55:06.258, 0, Tesla V100-SXM2-32GB, 6, 3309, 32768, 56.41, 37
2026/09/08 07:55:08.310, 0, Tesla V100-SXM2-32GB, 6, 3309, 32768, 67.28, 37
2026/09/08 07:55:10.400, 0, Tesla V100-SXM2-32GB, 6, 3309, 32768, 67.23, 37
2026/09/08 07:55:12.473, 0, Tesla V100-SXM2-32GB, 6, 3309, 32768, 67.28, 37
2026/09/08 07:55:14.554, 0, Tesla V100-SXM2-32GB, 22, 3309, 32768, 66.74, 38
2026/09/08 07:55:16.607, 0, Tesla V100-SXM2-32GB, 6, 3309, 32768, 67.28, 37
2026/09/08 07:55:18.676, 0, Tesla V100-SXM2-32GB, 83, 3309, 32768, 68.22, 38
2026/09/08 07:55:20.748, 0, Tesla V100-SXM2-32GB, 60, 3309, 32768, 144.42, 39
2026/09/08 07:55:22.836, 0, Tesla V100-SXM2-32GB, 6, 3309, 32768, 67.28, 37
2026/09/08 07:55:24.908, 0, Tesla V100-SXM2-32GB, 74, 3309, 32768, 146.88, 39
2026/09/08 07:55:26.958, 0, Tesla V100-SXM2-32GB, 6, 3309, 32768, 66.78, 37
2026/09/08 07:55:29.045, 0, Tesla V100-SXM2-32GB, 5, 3309, 32768, 67.28, 38
2026/09/08 07:55:31.099, 0, Tesla V100-SXM2-32GB, 6, 3309, 32768, 66.74, 37
2026/09/08 07:55:33.168, 0, Tesla V100-SXM2-32GB, 6, 3309, 32768, 67.23, 38
2026/09/08 07:55:35.236, 0, Tesla V100-SXM2-32GB, 6, 3309, 32768, 66.78, 37
2026/09/08 07:55:37.291, 0, Tesla V100-SXM2-32GB, 6, 3309, 32768, 66.78, 38
2026/09/08 07:55:39.379, 0, Tesla V100-SXM2-32GB, 4, 3309, 32768, 66.78, 37
2026/09/08 07:55:41.430, 0, Tesla V100-SXM2-32GB, 6, 3309, 32768, 66.78, 38
2026/09/08 07:55:43.501, 0, Tesla V100-SXM2-32GB, 6, 3309, 32768, 66.78, 37
2026/09/08 07:55:45.592, 0, Tesla V100-SXM2-32GB, 6, 3309, 32768, 66.74, 38
2026/09/08 07:55:47.679, 0, Tesla V100-SXM2-32GB, 6, 3309, 32768, 67.23, 37
2026/09/08 07:55:49.726, 0, Tesla V100-SXM2-32GB, 6, 3309, 32768, 66.78, 38
2026/09/08 07:55:51.778, 0, Tesla V100-SXM2-32GB, 6, 3309, 32768, 56.41, 37
2026/09/08 07:55:53.868, 0, Tesla V100-SXM2-32GB, 6, 3309, 32768, 66.78, 38
2026/09/08 07:55:55.922, 0, Tesla V100-SXM2-32GB, 6, 3309, 32768, 66.78, 37
2026/09/08 07:55:57.974, 0, Tesla V100-SXM2-32GB, 6, 3309, 32768, 67.28, 38
2026/09/08 07:56:00.042, 0, Tesla V100-SXM2-32GB, 52, 3309, 32768, 185.55, 39
2026/09/08 07:56:02.113, 0, Tesla V100-SXM2-32GB, 6, 3309, 32768, 67.28, 38
2026/09/08 07:56:04.166, 0, Tesla V100-SXM2-32GB, 15, 3309, 32768, 67.77, 38
2026/09/08 07:56:06.218, 0, Tesla V100-SXM2-32GB, 6, 3309, 32768, 66.78, 38
2026/09/08 07:56:08.270, 0, Tesla V100-SXM2-32GB, 6, 3309, 32768, 67.23, 38
2026/09/08 07:56:10.322, 0, Tesla V100-SXM2-32GB, 5, 3309, 32768, 66.78, 38
2026/09/08 07:56:12.392, 0, Tesla V100-SXM2-32GB, 6, 3309, 32768, 67.28, 38
2026/09/08 07:56:14.479, 0, Tesla V100-SXM2-32GB, 5, 3309, 32768, 67.28, 37
2026/09/08 07:56:16.535, 0, Tesla V100-SXM2-32GB, 6, 3309, 32768, 66.78, 38
2026/09/08 07:56:18.590, 0, Tesla V100-SXM2-32GB, 6, 3309, 32768, 66.78, 38
2026/09/08 07:56:20.685, 0, Tesla V100-SXM2-32GB, 83, 3309, 32768, 67.72, 39
2026/09/08 07:56:22.756, 0, Tesla V100-SXM2-32GB, 22, 3309, 32768, 68.22, 39
2026/09/08 07:56:24.824, 0, Tesla V100-SXM2-32GB, 14, 3309, 32768, 68.71, 40
2026/09/08 07:56:26.900, 0, Tesla V100-SXM2-32GB, 30, 3309, 32768, 190.46, 42
2026/09/08 07:56:28.986, 0, Tesla V100-SXM2-32GB, 78, 3309, 32768, 192.92, 43
2026/09/08 07:56:31.076, 0, Tesla V100-SXM2-32GB, 74, 3309, 32768, 195.51, 44
2026/09/08 07:56:33.126, 0, Tesla V100-SXM2-32GB, 77, 3309, 32768, 174.84, 44
2026/09/08 07:56:35.197, 0, Tesla V100-SXM2-32GB, 100, 3309, 32768, 192.92, 44
2026/09/08 07:56:37.246, 0, Tesla V100-SXM2-32GB, 100, 3309, 32768, 174.35, 45
2026/09/08 07:56:39.345, 0, Tesla V100-SXM2-32GB, 83, 3309, 32768, 69.25, 43
2026/09/08 07:56:41.398, 0, Tesla V100-SXM2-32GB, 72, 3309, 32768, 69.25, 43
2026/09/08 07:56:43.488, 0, Tesla V100-SXM2-32GB, 61, 3309, 32768, 158.70, 43
2026/09/08 07:56:45.537, 0, Tesla V100-SXM2-32GB, 47, 3309, 32768, 179.76, 45
2026/09/08 07:56:47.590, 0, Tesla V100-SXM2-32GB, 67, 3309, 32768, 184.19, 45
2026/09/08 07:56:49.660, 0, Tesla V100-SXM2-32GB, 80, 3309, 32768, 192.43, 46
2026/09/08 07:56:51.710, 0, Tesla V100-SXM2-32GB, 100, 3309, 32768, 204.24, 46
2026/09/08 07:56:53.804, 0, Tesla V100-SXM2-32GB, 100, 3309, 32768, 201.91, 46
2026/09/08 07:56:55.854, 0, Tesla V100-SXM2-32GB, 100, 3309, 32768, 72.66, 46
2026/09/08 07:56:57.924, 0, Tesla V100-SXM2-32GB, 52, 3309, 32768, 69.74, 45
2026/09/08 07:57:00.015, 0, Tesla V100-SXM2-32GB, 35, 3309, 32768, 210.63, 45
2026/09/08 07:57:02.063, 0, Tesla V100-SXM2-32GB, 6, 3309, 32768, 69.25, 44
2026/09/08 07:57:04.156, 0, Tesla V100-SXM2-32GB, 6, 3309, 32768, 68.76, 43
2026/09/08 07:57:06.224, 0, Tesla V100-SXM2-32GB, 6, 3309, 32768, 57.40, 42
2026/09/08 07:57:08.316, 0, Tesla V100-SXM2-32GB, 6, 3309, 32768, 68.76, 42
2026/09/08 07:57:10.384, 0, Tesla V100-SXM2-32GB, 22, 3309, 32768, 83.02, 43
2026/09/08 07:57:12.471, 0, Tesla V100-SXM2-32GB, 6, 3309, 32768, 68.26, 42
2026/09/08 07:57:14.552, 0, Tesla V100-SXM2-32GB, 61, 3309, 32768, 145.90, 43
2026/09/08 07:57:16.600, 0, Tesla V100-SXM2-32GB, 6, 3309, 32768, 68.26, 41
2026/09/08 07:57:18.667, 0, Tesla V100-SXM2-32GB, 45, 3309, 32768, 171.40, 43
2026/09/08 07:57:20.699, 0, Tesla V100-SXM2-32GB, 6, 3309, 32768, 67.77, 41
2026/09/08 07:57:22.788, 0, Tesla V100-SXM2-32GB, 6, 3309, 32768, 68.26, 41
2026/09/08 07:57:24.880, 0, Tesla V100-SXM2-32GB, 6, 3309, 32768, 68.26, 41
2026/09/08 07:57:26.948, 0, Tesla V100-SXM2-32GB, 42, 3309, 32768, 68.26, 41
2026/09/08 07:57:28.998, 0, Tesla V100-SXM2-32GB, 6, 3309, 32768, 68.26, 40
2026/09/08 07:57:31.068, 0, Tesla V100-SXM2-32GB, 6, 3309, 32768, 67.77, 41
2026/09/08 07:57:33.117, 0, Tesla V100-SXM2-32GB, 6, 3309, 32768, 67.77, 40
2026/09/08 07:57:35.204, 0, Tesla V100-SXM2-32GB, 6, 3309, 32768, 67.77, 40
2026/09/08 07:57:37.236, 0, Tesla V100-SXM2-32GB, 6, 3309, 32768, 67.77, 40
2026/09/08 07:57:39.328, 0, Tesla V100-SXM2-32GB, 6, 3309, 32768, 67.77, 40
2026/09/08 07:57:41.382, 0, Tesla V100-SXM2-32GB, 4, 3309, 32768, 89.44, 40
2026/09/08 07:57:43.452, 0, Tesla V100-SXM2-32GB, 4, 3309, 32768, 67.77, 40
2026/09/08 07:57:45.539, 0, Tesla V100-SXM2-32GB, 6, 3309, 32768, 68.26, 40
2026/09/08 07:57:47.632, 0, Tesla V100-SXM2-32GB, 6, 3309, 32768, 67.77, 40
2026/09/08 07:57:49.719, 0, Tesla V100-SXM2-32GB, 6, 3309, 32768, 56.41, 39
2026/09/08 07:57:51.807, 0, Tesla V100-SXM2-32GB, 6, 3309, 32768, 67.77, 40
2026/09/08 07:57:53.896, 0, Tesla V100-SXM2-32GB, 6, 3309, 32768, 145.50, 40
2026/09/08 07:57:55.943, 0, Tesla V100-SXM2-32GB, 6, 3309, 32768, 67.77, 39
2026/09/08 07:57:57.978, 0, Tesla V100-SXM2-32GB, 6, 3309, 32768, 67.77, 39
2026/09/08 07:58:00.029, 0, Tesla V100-SXM2-32GB, 6, 3309, 32768, 67.77, 39
2026/09/08 07:58:02.081, 0, Tesla V100-SXM2-32GB, 79, 3309, 32768, 137.12, 41
2026/09/08 07:58:04.153, 0, Tesla V100-SXM2-32GB, 6, 3309, 32768, 67.77, 39
2026/09/08 07:58:06.243, 0, Tesla V100-SXM2-32GB, 68, 3309, 32768, 142.45, 41
2026/09/08 07:58:08.294, 0, Tesla V100-SXM2-32GB, 6, 3309, 32768, 67.28, 39
2026/09/08 07:58:10.346, 0, Tesla V100-SXM2-32GB, 6, 3309, 32768, 67.77, 39
2026/09/08 07:58:12.416, 0, Tesla V100-SXM2-32GB, 5, 3309, 32768, 67.28, 39
2026/09/08 07:58:14.504, 0, Tesla V100-SXM2-32GB, 6, 3309, 32768, 67.77, 39
2026/09/08 07:58:16.596, 0, Tesla V100-SXM2-32GB, 69, 3309, 32768, 68.76, 40
2026/09/08 07:58:18.650, 0, Tesla V100-SXM2-32GB, 6, 3309, 32768, 67.28, 39
2026/09/08 07:58:20.701, 0, Tesla V100-SXM2-32GB, 6, 3309, 32768, 67.28, 39
2026/09/08 07:58:22.767, 0, Tesla V100-SXM2-32GB, 4, 3309, 32768, 67.28, 39
2026/09/08 07:58:24.818, 0, Tesla V100-SXM2-32GB, 6, 3309, 32768, 67.28, 39
2026/09/08 07:58:26.870, 0, Tesla V100-SXM2-32GB, 6, 3309, 32768, 67.77, 39
2026/09/08 07:58:28.944, 0, Tesla V100-SXM2-32GB, 6, 3309, 32768, 67.77, 39
2026/09/08 07:58:30.994, 0, Tesla V100-SXM2-32GB, 6, 3309, 32768, 67.28, 39
2026/09/08 07:58:33.043, 0, Tesla V100-SXM2-32GB, 4, 3309, 32768, 67.28, 39
2026/09/08 07:58:35.131, 0, Tesla V100-SXM2-32GB, 6, 3309, 32768, 67.28, 39
2026/09/08 07:58:37.182, 0, Tesla V100-SXM2-32GB, 6, 3309, 32768, 56.41, 38
2026/09/08 07:58:39.252, 0, Tesla V100-SXM2-32GB, 6, 3309, 32768, 67.28, 38
2026/09/08 07:58:41.339, 0, Tesla V100-SXM2-32GB, 6, 3309, 32768, 67.28, 38
2026/09/08 07:58:43.389, 0, Tesla V100-SXM2-32GB, 4, 3309, 32768, 67.28, 38
2026/09/08 07:58:45.477, 0, Tesla V100-SXM2-32GB, 6, 3309, 32768, 67.28, 38
2026/09/08 07:58:47.530, 0, Tesla V100-SXM2-32GB, 6, 3309, 32768, 67.28, 38
2026/09/08 07:58:49.586, 0, Tesla V100-SXM2-32GB, 68, 3309, 32768, 68.26, 39
2026/09/08 07:58:51.638, 0, Tesla V100-SXM2-32GB, 5, 3309, 32768, 67.28, 38
2026/09/08 07:58:53.727, 0, Tesla V100-SXM2-32GB, 6, 3309, 32768, 67.28, 39
2026/09/08 07:58:55.796, 0, Tesla V100-SXM2-32GB, 6, 3309, 32768, 67.28, 38
2026/09/08 07:58:57.883, 0, Tesla V100-SXM2-32GB, 6, 3309, 32768, 67.28, 39
2026/09/08 07:58:59.956, 0, Tesla V100-SXM2-32GB, 6, 3309, 32768, 67.28, 38
2026/09/08 07:59:02.005, 0, Tesla V100-SXM2-32GB, 6, 3309, 32768, 67.28, 38
2026/09/08 07:59:04.054, 0, Tesla V100-SXM2-32GB, 6, 3309, 32768, 67.28, 38
2026/09/08 07:59:06.101, 0, Tesla V100-SXM2-32GB, 6, 3309, 32768, 67.77, 38
2026/09/08 07:59:08.154, 0, Tesla V100-SXM2-32GB, 6, 3309, 32768, 67.28, 38
2026/09/08 07:59:10.224, 0, Tesla V100-SXM2-32GB, 6, 3309, 32768, 67.28, 38
2026/09/08 07:59:12.311, 0, Tesla V100-SXM2-32GB, 6, 3309, 32768, 67.28, 38
2026/09/08 07:59:14.398, 0, Tesla V100-SXM2-32GB, 5, 3309, 32768, 66.78, 38
2026/09/08 07:59:16.450, 0, Tesla V100-SXM2-32GB, 6, 3309, 32768, 66.78, 38
2026/09/08 07:59:18.519, 0, Tesla V100-SXM2-32GB, 6, 3309, 32768, 66.78, 38
2026/09/08 07:59:20.588, 0, Tesla V100-SXM2-32GB, 76, 3309, 32768, 152.20, 40
2026/09/08 07:59:22.637, 0, Tesla V100-SXM2-32GB, 6, 3309, 32768, 66.78, 38
2026/09/08 07:59:24.703, 0, Tesla V100-SXM2-32GB, 6, 3309, 32768, 67.28, 38
2026/09/08 07:59:26.776, 0, Tesla V100-SXM2-32GB, 6, 3309, 32768, 67.28, 38
2026/09/08 07:59:28.844, 0, Tesla V100-SXM2-32GB, 6, 3309, 32768, 67.28, 38
2026/09/08 07:59:30.894, 0, Tesla V100-SXM2-32GB, 6, 3309, 32768, 66.78, 37
2026/09/08 07:59:32.944, 0, Tesla V100-SXM2-32GB, 6, 3309, 32768, 67.28, 38
2026/09/08 07:59:34.995, 0, Tesla V100-SXM2-32GB, 7, 3309, 32768, 70.73, 38
2026/09/08 07:59:37.084, 0, Tesla V100-SXM2-32GB, 6, 3309, 32768, 67.28, 38
2026/09/08 07:59:39.133, 0, Tesla V100-SXM2-32GB, 6, 3309, 32768, 67.28, 38
2026/09/08 07:59:41.220, 0, Tesla V100-SXM2-32GB, 6, 3309, 32768, 67.28, 37
2026/09/08 07:59:43.288, 0, Tesla V100-SXM2-32GB, 6, 3309, 32768, 66.78, 37
2026/09/08 07:59:45.379, 0, Tesla V100-SXM2-32GB, 52, 3309, 32768, 67.28, 38
2026/09/08 07:59:47.430, 0, Tesla V100-SXM2-32GB, 6, 3309, 32768, 66.78, 37
2026/09/08 07:59:49.483, 0, Tesla V100-SXM2-32GB, 55, 3309, 32768, 67.23, 38
2026/09/08 07:59:51.534, 0, Tesla V100-SXM2-32GB, 6, 3309, 32768, 67.28, 37
2026/09/08 07:59:53.590, 0, Tesla V100-SXM2-32GB, 6, 3309, 32768, 66.78, 38
2026/09/08 07:59:55.680, 0, Tesla V100-SXM2-32GB, 6, 3309, 32768, 66.78, 37
2026/09/08 07:59:57.767, 0, Tesla V100-SXM2-32GB, 21, 3309, 32768, 66.78, 38
2026/09/08 07:59:59.856, 0, Tesla V100-SXM2-32GB, 6, 3309, 32768, 66.78, 37
2026/09/08 08:00:01.910, 0, Tesla V100-SXM2-32GB, 6, 3309, 32768, 67.28, 37
2026/09/08 08:00:03.980, 0, Tesla V100-SXM2-32GB, 6, 3309, 32768, 66.78, 37
2026/09/08 08:00:06.047, 0, Tesla V100-SXM2-32GB, 6, 3309, 32768, 66.78, 37
2026/09/08 08:00:08.102, 0, Tesla V100-SXM2-32GB, 6, 3309, 32768, 66.78, 37
2026/09/08 08:00:10.155, 0, Tesla V100-SXM2-32GB, 6, 3309, 32768, 66.78, 37
2026/09/08 08:00:12.210, 0, Tesla V100-SXM2-32GB, 6, 3309, 32768, 55.92, 37
2026/09/08 08:00:14.261, 0, Tesla V100-SXM2-32GB, 6, 3309, 32768, 66.78, 37
2026/09/08 08:00:16.352, 0, Tesla V100-SXM2-32GB, 60, 3309, 32768, 129.73, 37
2026/09/08 08:00:18.444, 0, Tesla V100-SXM2-32GB, 6, 3309, 32768, 66.78, 37
2026/09/08 08:00:20.516, 0, Tesla V100-SXM2-32GB, 52, 3309, 32768, 66.78, 38
2026/09/08 08:00:22.566, 0, Tesla V100-SXM2-32GB, 6, 3309, 32768, 66.78, 37
2026/09/08 08:00:24.636, 0, Tesla V100-SXM2-32GB, 6, 3309, 32768, 66.78, 37
2026/09/08 08:00:26.708, 0, Tesla V100-SXM2-32GB, 6, 3309, 32768, 66.78, 37
2026/09/08 08:00:28.780, 0, Tesla V100-SXM2-32GB, 6, 3309, 32768, 66.78, 37
2026/09/08 08:00:30.830, 0, Tesla V100-SXM2-32GB, 7, 3309, 32768, 66.78, 37
2026/09/08 08:00:32.882, 0, Tesla V100-SXM2-32GB, 6, 3309, 32768, 66.78, 37
2026/09/08 08:00:34.972, 0, Tesla V100-SXM2-32GB, 6, 3309, 32768, 66.74, 37
2026/09/08 08:00:37.022, 0, Tesla V100-SXM2-32GB, 6, 3309, 32768, 66.78, 37
2026/09/08 08:00:39.091, 0, Tesla V100-SXM2-32GB, 77, 3309, 32768, 187.02, 40
2026/09/08 08:00:41.157, 0, Tesla V100-SXM2-32GB, 57, 3309, 32768, 198.83, 41
2026/09/08 08:00:43.211, 0, Tesla V100-SXM2-32GB, 100, 3309, 32768, 176.32, 42
2026/09/08 08:00:45.261, 0, Tesla V100-SXM2-32GB, 100, 3309, 32768, 193.05, 42
2026/09/08 08:00:47.314, 0, Tesla V100-SXM2-32GB, 100, 3309, 32768, 194.40, 43
2026/09/08 08:00:49.405, 0, Tesla V100-SXM2-32GB, 100, 3309, 32768, 82.53, 42
2026/09/08 08:00:51.476, 0, Tesla V100-SXM2-32GB, 91, 3309, 32768, 68.26, 42
2026/09/08 08:00:53.530, 0, Tesla V100-SXM2-32GB, 83, 3309, 32768, 69.21, 41
2026/09/08 08:00:55.582, 0, Tesla V100-SXM2-32GB, 16, 3309, 32768, 69.21, 41
2026/09/08 08:00:57.652, 0, Tesla V100-SXM2-32GB, 17, 3309, 32768, 188.13, 43
2026/09/08 08:00:59.740, 0, Tesla V100-SXM2-32GB, 31, 3309, 32768, 204.24, 44
2026/09/08 08:01:01.827, 0, Tesla V100-SXM2-32GB, 100, 3309, 32768, 186.16, 44
2026/09/08 08:01:03.916, 0, Tesla V100-SXM2-32GB, 100, 3309, 32768, 193.42, 45
2026/09/08 08:01:06.018, 0, Tesla V100-SXM2-32GB, 98, 3309, 32768, 69.21, 43
2026/09/08 08:01:08.070, 0, Tesla V100-SXM2-32GB, 78, 3309, 32768, 69.21, 43
2026/09/08 08:01:10.122, 0, Tesla V100-SXM2-32GB, 37, 3309, 32768, 206.70, 44
2026/09/08 08:01:12.192, 0, Tesla V100-SXM2-32GB, 56, 3309, 32768, 210.00, 45
2026/09/08 08:01:14.264, 0, Tesla V100-SXM2-32GB, 62, 3309, 32768, 199.81, 45
2026/09/08 08:01:16.352, 0, Tesla V100-SXM2-32GB, 100, 3309, 32768, 206.07, 45
2026/09/08 08:01:18.400, 0, Tesla V100-SXM2-32GB, 6, 3309, 32768, 68.71, 42
2026/09/08 08:01:20.430, 0, Tesla V100-SXM2-32GB, 6, 3309, 32768, 68.26, 41
2026/09/08 08:01:22.482, 0, Tesla V100-SXM2-32GB, 6, 3309, 32768, 56.91, 40
2026/09/08 08:01:24.534, 0, Tesla V100-SXM2-32GB, 6, 3309, 32768, 68.26, 40
2026/09/08 08:01:26.628, 0, Tesla V100-SXM2-32GB, 55, 3309, 32768, 122.83, 42
2026/09/08 08:01:28.717, 0, Tesla V100-SXM2-32GB, 6, 3309, 32768, 67.77, 40
2026/09/08 08:01:30.773, 0, Tesla V100-SXM2-32GB, 50, 3309, 32768, 68.22, 41
2026/09/08 08:01:32.845, 0, Tesla V100-SXM2-32GB, 6, 3309, 32768, 67.77, 40
2026/09/08 08:01:34.882, 0, Tesla V100-SXM2-32GB, 6, 3309, 32768, 67.77, 40
2026/09/08 08:01:36.972, 0, Tesla V100-SXM2-32GB, 4, 3309, 32768, 67.72, 39
2026/09/08 08:01:39.024, 0, Tesla V100-SXM2-32GB, 6, 3309, 32768, 67.72, 39
2026/09/08 08:01:41.074, 0, Tesla V100-SXM2-32GB, 6, 3309, 32768, 67.77, 39
2026/09/08 08:01:43.125, 0, Tesla V100-SXM2-32GB, 6, 3309, 32768, 67.28, 39
2026/09/08 08:01:45.212, 0, Tesla V100-SXM2-32GB, 6, 3309, 32768, 67.28, 39
2026/09/08 08:01:47.278, 0, Tesla V100-SXM2-32GB, 4, 3309, 32768, 67.28, 39
2026/09/08 08:01:49.348, 0, Tesla V100-SXM2-32GB, 55, 3309, 32768, 81.05, 40
2026/09/08 08:01:51.402, 0, Tesla V100-SXM2-32GB, 6, 3309, 32768, 67.77, 39
2026/09/08 08:01:53.492, 0, Tesla V100-SXM2-32GB, 13, 3309, 32768, 129.24, 40
2026/09/08 08:01:55.584, 0, Tesla V100-SXM2-32GB, 6, 3309, 32768, 67.23, 38
2026/09/08 08:01:57.633, 0, Tesla V100-SXM2-32GB, 4, 3309, 32768, 67.28, 39
2026/09/08 08:01:59.703, 0, Tesla V100-SXM2-32GB, 6, 3309, 32768, 67.28, 38
2026/09/08 08:02:01.754, 0, Tesla V100-SXM2-32GB, 55, 3309, 32768, 68.71, 40
2026/09/08 08:02:03.844, 0, Tesla V100-SXM2-32GB, 6, 3309, 32768, 67.23, 38
2026/09/08 08:02:05.935, 0, Tesla V100-SXM2-32GB, 6, 3309, 32768, 67.28, 39
2026/09/08 08:02:08.020, 0, Tesla V100-SXM2-32GB, 6, 3309, 32768, 66.74, 38
2026/09/08 08:02:10.068, 0, Tesla V100-SXM2-32GB, 6, 3309, 32768, 67.23, 38
2026/09/08 08:02:12.118, 0, Tesla V100-SXM2-32GB, 6, 3309, 32768, 66.74, 38
2026/09/08 08:02:14.187, 0, Tesla V100-SXM2-32GB, 6, 3309, 32768, 67.28, 38
2026/09/08 08:02:16.238, 0, Tesla V100-SXM2-32GB, 6, 3309, 32768, 67.28, 38
2026/09/08 08:02:18.328, 0, Tesla V100-SXM2-32GB, 6, 3309, 32768, 67.23, 38
2026/09/08 08:02:20.416, 0, Tesla V100-SXM2-32GB, 6, 3309, 32768, 67.28, 38
2026/09/08 08:02:22.465, 0, Tesla V100-SXM2-32GB, 6, 3309, 32768, 98.25, 39
2026/09/08 08:02:24.512, 0, Tesla V100-SXM2-32GB, 6, 3309, 32768, 67.28, 38
2026/09/08 08:02:26.580, 0, Tesla V100-SXM2-32GB, 83, 3309, 32768, 67.77, 39
2026/09/08 08:02:28.630, 0, Tesla V100-SXM2-32GB, 6, 3309, 32768, 67.28, 38
2026/09/08 08:02:30.678, 0, Tesla V100-SXM2-32GB, 6, 3309, 32768, 66.74, 37
2026/09/08 08:02:32.730, 0, Tesla V100-SXM2-32GB, 29, 3309, 32768, 67.23, 38
2026/09/08 08:02:34.804, 0, Tesla V100-SXM2-32GB, 6, 3309, 32768, 67.28, 37
2026/09/08 08:02:36.838, 0, Tesla V100-SXM2-32GB, 6, 3309, 32768, 66.78, 38
2026/09/08 08:02:38.908, 0, Tesla V100-SXM2-32GB, 6, 3309, 32768, 67.28, 37
2026/09/08 08:02:40.960, 0, Tesla V100-SXM2-32GB, 6, 3309, 32768, 66.74, 38
2026/09/08 08:02:43.011, 0, Tesla V100-SXM2-32GB, 6, 3309, 32768, 67.28, 37
2026/09/08 08:02:45.066, 0, Tesla V100-SXM2-32GB, 6, 3309, 32768, 67.23, 38
2026/09/08 08:02:47.122, 0, Tesla V100-SXM2-32GB, 6, 3309, 32768, 66.78, 37
2026/09/08 08:02:49.174, 0, Tesla V100-SXM2-32GB, 6, 3309, 32768, 67.23, 37
2026/09/08 08:02:51.227, 0, Tesla V100-SXM2-32GB, 6, 3309, 32768, 66.74, 37
2026/09/08 08:02:53.296, 0, Tesla V100-SXM2-32GB, 6, 3309, 32768, 66.78, 37
2026/09/08 08:02:55.384, 0, Tesla V100-SXM2-32GB, 6, 3309, 32768, 55.92, 37
2026/09/08 08:02:57.438, 0, Tesla V100-SXM2-32GB, 6, 3309, 32768, 66.74, 37
2026/09/08 08:02:59.508, 0, Tesla V100-SXM2-32GB, 6, 3309, 32768, 66.74, 37
2026/09/08 08:03:01.575, 0, Tesla V100-SXM2-32GB, 6, 3309, 32768, 67.23, 37
2026/09/08 08:03:03.644, 0, Tesla V100-SXM2-32GB, 82, 3309, 32768, 135.64, 38
2026/09/08 08:03:05.694, 0, Tesla V100-SXM2-32GB, 6, 3309, 32768, 67.23, 37
2026/09/08 08:03:07.763, 0, Tesla V100-SXM2-32GB, 82, 3309, 32768, 83.02, 39
2026/09/08 08:03:09.832, 0, Tesla V100-SXM2-32GB, 6, 3309, 32768, 66.78, 37
2026/09/08 08:03:11.919, 0, Tesla V100-SXM2-32GB, 72, 3309, 32768, 71.18, 38
2026/09/08 08:03:14.007, 0, Tesla V100-SXM2-32GB, 6, 3309, 32768, 67.23, 37
2026/09/08 08:03:16.076, 0, Tesla V100-SXM2-32GB, 6, 3309, 32768, 67.23, 38
2026/09/08 08:03:18.144, 0, Tesla V100-SXM2-32GB, 6, 3309, 32768, 67.28, 37
2026/09/08 08:03:20.195, 0, Tesla V100-SXM2-32GB, 6, 3309, 32768, 66.78, 37
2026/09/08 08:03:22.246, 0, Tesla V100-SXM2-32GB, 6, 3309, 32768, 66.78, 37
2026/09/08 08:03:24.298, 0, Tesla V100-SXM2-32GB, 6, 3309, 32768, 67.28, 37
2026/09/08 08:03:26.365, 0, Tesla V100-SXM2-32GB, 6, 3309, 32768, 66.78, 37
2026/09/08 08:03:28.432, 0, Tesla V100-SXM2-32GB, 6, 3309, 32768, 66.78, 37
2026/09/08 08:03:30.483, 0, Tesla V100-SXM2-32GB, 6, 3309, 32768, 66.78, 37
2026/09/08 08:03:32.572, 0, Tesla V100-SXM2-32GB, 4, 3309, 32768, 66.78, 37
2026/09/08 08:03:34.626, 0, Tesla V100-SXM2-32GB, 82, 3309, 32768, 66.74, 38
2026/09/08 08:03:36.696, 0, Tesla V100-SXM2-32GB, 4, 3309, 32768, 66.78, 37
2026/09/08 08:03:38.769, 0, Tesla V100-SXM2-32GB, 55, 3309, 32768, 66.74, 38
2026/09/08 08:03:40.840, 0, Tesla V100-SXM2-32GB, 6, 3309, 32768, 66.78, 37
2026/09/08 08:03:42.907, 0, Tesla V100-SXM2-32GB, 6, 3309, 32768, 67.23, 37
2026/09/08 08:03:44.960, 0, Tesla V100-SXM2-32GB, 6, 3309, 32768, 66.78, 37
2026/09/08 08:03:46.994, 0, Tesla V100-SXM2-32GB, 5, 3309, 32768, 66.78, 37
2026/09/08 08:03:49.047, 0, Tesla V100-SXM2-32GB, 6, 3309, 32768, 66.78, 37
2026/09/08 08:03:51.116, 0, Tesla V100-SXM2-32GB, 53, 3309, 32768, 67.23, 38
2026/09/08 08:03:53.168, 0, Tesla V100-SXM2-32GB, 6, 3309, 32768, 67.23, 38
2026/09/08 08:03:55.260, 0, Tesla V100-SXM2-32GB, 6, 3309, 32768, 66.78, 37
2026/09/08 08:03:57.309, 0, Tesla V100-SXM2-32GB, 6, 3309, 32768, 67.28, 38
2026/09/08 08:03:59.400, 0, Tesla V100-SXM2-32GB, 6, 3309, 32768, 66.78, 37
2026/09/08 08:04:01.473, 0, Tesla V100-SXM2-32GB, 6, 3309, 32768, 66.78, 38
2026/09/08 08:04:03.526, 0, Tesla V100-SXM2-32GB, 6, 3309, 32768, 66.74, 37
2026/09/08 08:04:05.578, 0, Tesla V100-SXM2-32GB, 6, 3309, 32768, 67.28, 37
2026/09/08 08:04:07.668, 0, Tesla V100-SXM2-32GB, 85, 3309, 32768, 156.73, 39
2026/09/08 08:04:09.760, 0, Tesla V100-SXM2-32GB, 6, 3309, 32768, 66.74, 37
2026/09/08 08:04:11.813, 0, Tesla V100-SXM2-32GB, 6, 3309, 32768, 142.94, 38
2026/09/08 08:04:13.879, 0, Tesla V100-SXM2-32GB, 6, 3309, 32768, 66.78, 38
2026/09/08 08:04:15.929, 0, Tesla V100-SXM2-32GB, 17, 3309, 32768, 66.78, 38
2026/09/08 08:04:17.996, 0, Tesla V100-SXM2-32GB, 6, 3309, 32768, 66.78, 37
2026/09/08 08:04:20.046, 0, Tesla V100-SXM2-32GB, 6, 3309, 32768, 145.50, 39
2026/09/08 08:04:22.098, 0, Tesla V100-SXM2-32GB, 6, 3309, 32768, 67.28, 37
2026/09/08 08:04:24.150, 0, Tesla V100-SXM2-32GB, 19, 3309, 32768, 66.74, 38
2026/09/08 08:04:26.202, 0, Tesla V100-SXM2-32GB, 6, 3309, 32768, 66.78, 37
2026/09/08 08:04:28.254, 0, Tesla V100-SXM2-32GB, 11, 3309, 32768, 66.78, 38
2026/09/08 08:04:30.324, 0, Tesla V100-SXM2-32GB, 6, 3309, 32768, 66.78, 37
2026/09/08 08:04:32.395, 0, Tesla V100-SXM2-32GB, 6, 3309, 32768, 66.78, 38
2026/09/08 08:04:34.464, 0, Tesla V100-SXM2-32GB, 6, 3309, 32768, 67.28, 37
2026/09/08 08:04:36.531, 0, Tesla V100-SXM2-32GB, 6, 3309, 32768, 67.28, 38
2026/09/08 08:04:38.621, 0, Tesla V100-SXM2-32GB, 6, 3309, 32768, 149.35, 38
2026/09/08 08:04:40.674, 0, Tesla V100-SXM2-32GB, 6, 3309, 32768, 67.28, 38
2026/09/08 08:04:42.726, 0, Tesla V100-SXM2-32GB, 6, 3309, 32768, 66.74, 38
2026/09/08 08:04:44.796, 0, Tesla V100-SXM2-32GB, 6, 3309, 32768, 67.23, 38
2026/09/08 08:04:46.864, 0, Tesla V100-SXM2-32GB, 6, 3309, 32768, 87.90, 38
2026/09/08 08:04:48.936, 0, Tesla V100-SXM2-32GB, 6, 3309, 32768, 66.78, 38
2026/09/08 08:04:51.028, 0, Tesla V100-SXM2-32GB, 4, 3309, 32768, 67.23, 38
2026/09/08 08:04:53.100, 0, Tesla V100-SXM2-32GB, 6, 3309, 32768, 67.77, 38
2026/09/08 08:04:55.172, 0, Tesla V100-SXM2-32GB, 59, 3309, 32768, 193.54, 41
2026/09/08 08:04:57.221, 0, Tesla V100-SXM2-32GB, 86, 3309, 32768, 193.05, 42
2026/09/08 08:04:59.271, 0, Tesla V100-SXM2-32GB, 100, 3309, 32768, 202.76, 43
2026/09/08 08:05:01.322, 0, Tesla V100-SXM2-32GB, 100, 3309, 32768, 213.58, 43
2026/09/08 08:05:03.397, 0, Tesla V100-SXM2-32GB, 100, 3309, 32768, 68.76, 42
2026/09/08 08:05:05.472, 0, Tesla V100-SXM2-32GB, 99, 3309, 32768, 69.25, 42
2026/09/08 08:05:07.553, 0, Tesla V100-SXM2-32GB, 15, 3309, 32768, 182.71, 43
2026/09/08 08:05:09.605, 0, Tesla V100-SXM2-32GB, 23, 3309, 32768, 171.89, 44
2026/09/08 08:05:11.652, 0, Tesla V100-SXM2-32GB, 44, 3309, 32768, 197.35, 45
2026/09/08 08:05:13.702, 0, Tesla V100-SXM2-32GB, 100, 3309, 32768, 201.78, 45
2026/09/08 08:05:15.791, 0, Tesla V100-SXM2-32GB, 100, 3309, 32768, 195.38, 46
2026/09/08 08:05:17.884, 0, Tesla V100-SXM2-32GB, 100, 3309, 32768, 112.06, 46
2026/09/08 08:05:19.942, 0, Tesla V100-SXM2-32GB, 100, 3309, 32768, 69.74, 45
2026/09/08 08:05:21.992, 0, Tesla V100-SXM2-32GB, 91, 3309, 32768, 69.21, 44
2026/09/08 08:05:24.046, 0, Tesla V100-SXM2-32GB, 15, 3309, 32768, 70.24, 44
2026/09/08 08:05:26.098, 0, Tesla V100-SXM2-32GB, 17, 3309, 32768, 187.14, 45
2026/09/08 08:05:28.192, 0, Tesla V100-SXM2-32GB, 16, 3309, 32768, 195.38, 46
2026/09/08 08:05:30.259, 0, Tesla V100-SXM2-32GB, 100, 3309, 32768, 185.05, 47
2026/09/08 08:05:32.309, 0, Tesla V100-SXM2-32GB, 100, 3309, 32768, 195.88, 47
2026/09/08 08:05:34.401, 0, Tesla V100-SXM2-32GB, 6, 3309, 32768, 68.76, 43
2026/09/08 08:05:36.487, 0, Tesla V100-SXM2-32GB, 6, 3309, 32768, 57.40, 42
2026/09/08 08:05:38.555, 0, Tesla V100-SXM2-32GB, 72, 3309, 32768, 68.76, 42
2026/09/08 08:05:40.624, 0, Tesla V100-SXM2-32GB, 6, 3309, 32768, 68.26, 42
2026/09/08 08:05:42.674, 0, Tesla V100-SXM2-32GB, 82, 3309, 32768, 76.61, 44
2026/09/08 08:05:44.726, 0, Tesla V100-SXM2-32GB, 6, 3309, 32768, 68.26, 41
2026/09/08 08:05:46.778, 0, Tesla V100-SXM2-32GB, 71, 3309, 32768, 68.76, 42
2026/09/08 08:05:48.868, 0, Tesla V100-SXM2-32GB, 6, 3309, 32768, 68.26, 41
2026/09/08 08:05:50.936, 0, Tesla V100-SXM2-32GB, 6, 3309, 32768, 68.26, 41
2026/09/08 08:05:53.009, 0, Tesla V100-SXM2-32GB, 6, 3309, 32768, 67.77, 41
2026/09/08 08:05:55.067, 0, Tesla V100-SXM2-32GB, 6, 3309, 32768, 67.77, 41
2026/09/08 08:05:57.103, 0, Tesla V100-SXM2-32GB, 6, 3309, 32768, 68.26, 40
2026/09/08 08:05:59.171, 0, Tesla V100-SXM2-32GB, 5, 3309, 32768, 67.77, 41
2026/09/08 08:06:01.239, 0, Tesla V100-SXM2-32GB, 7, 3309, 32768, 68.26, 40
2026/09/08 08:06:03.290, 0, Tesla V100-SXM2-32GB, 6, 3309, 32768, 67.77, 40
2026/09/08 08:06:05.379, 0, Tesla V100-SXM2-32GB, 6, 3309, 32768, 68.26, 40
2026/09/08 08:06:07.452, 0, Tesla V100-SXM2-32GB, 6, 3309, 32768, 67.77, 40
2026/09/08 08:06:09.539, 0, Tesla V100-SXM2-32GB, 81, 3309, 32768, 182.22, 42
2026/09/08 08:06:11.636, 0, Tesla V100-SXM2-32GB, 6, 3309, 32768, 67.77, 40
2026/09/08 08:06:13.684, 0, Tesla V100-SXM2-32GB, 6, 3309, 32768, 67.77, 40
2026/09/08 08:06:15.738, 0, Tesla V100-SXM2-32GB, 6, 3309, 32768, 67.77, 40
2026/09/08 08:06:17.789, 0, Tesla V100-SXM2-32GB, 77, 3309, 32768, 68.26, 41
2026/09/08 08:06:19.842, 0, Tesla V100-SXM2-32GB, 6, 3309, 32768, 67.77, 40
2026/09/08 08:06:21.894, 0, Tesla V100-SXM2-32GB, 6, 3309, 32768, 67.77, 40
2026/09/08 08:06:23.983, 0, Tesla V100-SXM2-32GB, 6, 3309, 32768, 67.77, 39
2026/09/08 08:06:26.071, 0, Tesla V100-SXM2-32GB, 6, 3309, 32768, 68.26, 40
2026/09/08 08:06:28.140, 0, Tesla V100-SXM2-32GB, 6, 3309, 32768, 67.77, 39
2026/09/08 08:06:30.190, 0, Tesla V100-SXM2-32GB, 6, 3309, 32768, 67.77, 40
2026/09/08 08:06:32.241, 0, Tesla V100-SXM2-32GB, 6, 3309, 32768, 67.77, 39
2026/09/08 08:06:34.298, 0, Tesla V100-SXM2-32GB, 6, 3309, 32768, 67.28, 39
2026/09/08 08:06:36.352, 0, Tesla V100-SXM2-32GB, 6, 3309, 32768, 67.28, 39
2026/09/08 08:06:38.440, 0, Tesla V100-SXM2-32GB, 6, 3309, 32768, 67.77, 39
2026/09/08 08:06:40.531, 0, Tesla V100-SXM2-32GB, 6, 3309, 32768, 67.28, 39
2026/09/08 08:06:42.604, 0, Tesla V100-SXM2-32GB, 73, 3309, 32768, 169.43, 41
2026/09/08 08:06:44.653, 0, Tesla V100-SXM2-32GB, 6, 3309, 32768, 67.77, 39
2026/09/08 08:06:46.702, 0, Tesla V100-SXM2-32GB, 6, 3309, 32768, 67.77, 39
2026/09/08 08:06:48.791, 0, Tesla V100-SXM2-32GB, 55, 3309, 32768, 68.26, 40
2026/09/08 08:06:50.880, 0, Tesla V100-SXM2-32GB, 6, 3309, 32768, 67.77, 39
2026/09/08 08:06:52.930, 0, Tesla V100-SXM2-32GB, 7, 3309, 32768, 67.77, 39
2026/09/08 08:06:54.961, 0, Tesla V100-SXM2-32GB, 6, 3309, 32768, 67.28, 39
2026/09/08 08:06:57.014, 0, Tesla V100-SXM2-32GB, 6, 3309, 32768, 67.77, 39
2026/09/08 08:06:59.084, 0, Tesla V100-SXM2-32GB, 6, 3309, 32768, 67.28, 39
2026/09/08 08:07:01.132, 0, Tesla V100-SXM2-32GB, 6, 3309, 32768, 67.28, 39
2026/09/08 08:07:03.204, 0, Tesla V100-SXM2-32GB, 6, 3309, 32768, 67.28, 39
2026/09/08 08:07:05.258, 0, Tesla V100-SXM2-32GB, 6, 3309, 32768, 67.28, 39
2026/09/08 08:07:07.318, 0, Tesla V100-SXM2-32GB, 6, 3309, 32768, 67.28, 39
2026/09/08 08:07:09.408, 0, Tesla V100-SXM2-32GB, 6, 3309, 32768, 67.28, 38
2026/09/08 08:07:11.495, 0, Tesla V100-SXM2-32GB, 6, 3309, 32768, 67.28, 38
2026/09/08 08:07:13.551, 0, Tesla V100-SXM2-32GB, 6, 3309, 32768, 67.28, 38
2026/09/08 08:07:15.600, 0, Tesla V100-SXM2-32GB, 6, 3309, 32768, 123.24, 38
2026/09/08 08:07:17.651, 0, Tesla V100-SXM2-32GB, 6, 3309, 32768, 67.28, 38
2026/09/08 08:07:19.743, 0, Tesla V100-SXM2-32GB, 6, 3309, 32768, 177.30, 40
2026/09/08 08:07:21.812, 0, Tesla V100-SXM2-32GB, 6, 3309, 32768, 67.28, 38
2026/09/08 08:07:23.862, 0, Tesla V100-SXM2-32GB, 82, 3309, 32768, 111.57, 40
2026/09/08 08:07:25.952, 0, Tesla V100-SXM2-32GB, 6, 3309, 32768, 67.28, 38
2026/09/08 08:07:28.019, 0, Tesla V100-SXM2-32GB, 76, 3309, 32768, 177.30, 40
2026/09/08 08:07:30.070, 0, Tesla V100-SXM2-32GB, 6, 3309, 32768, 66.78, 38
2026/09/08 08:07:32.122, 0, Tesla V100-SXM2-32GB, 6, 3309, 32768, 67.28, 38
2026/09/08 08:07:34.174, 0, Tesla V100-SXM2-32GB, 6, 3309, 32768, 67.28, 38
2026/09/08 08:07:36.226, 0, Tesla V100-SXM2-32GB, 6, 3309, 32768, 67.28, 38
2026/09/08 08:07:38.315, 0, Tesla V100-SXM2-32GB, 6, 3309, 32768, 66.78, 38
2026/09/08 08:07:40.404, 0, Tesla V100-SXM2-32GB, 6, 3309, 32768, 67.28, 38
2026/09/08 08:07:42.492, 0, Tesla V100-SXM2-32GB, 6, 3309, 32768, 66.78, 38
2026/09/08 08:07:44.547, 0, Tesla V100-SXM2-32GB, 6, 3309, 32768, 67.28, 38
2026/09/08 08:07:46.597, 0, Tesla V100-SXM2-32GB, 6, 3309, 32768, 67.28, 38
2026/09/08 08:07:48.667, 0, Tesla V100-SXM2-32GB, 6, 3309, 32768, 67.28, 38
2026/09/08 08:07:50.718, 0, Tesla V100-SXM2-32GB, 30, 3309, 32768, 182.71, 39
2026/09/08 08:07:52.787, 0, Tesla V100-SXM2-32GB, 6, 3309, 32768, 67.28, 38
2026/09/08 08:07:54.842, 0, Tesla V100-SXM2-32GB, 53, 3309, 32768, 67.28, 38
2026/09/08 08:07:56.893, 0, Tesla V100-SXM2-32GB, 6, 3309, 32768, 66.78, 37
2026/09/08 08:07:58.964, 0, Tesla V100-SXM2-32GB, 6, 3309, 32768, 67.77, 38
2026/09/08 08:08:01.018, 0, Tesla V100-SXM2-32GB, 6, 3309, 32768, 67.28, 37
2026/09/08 08:08:03.088, 0, Tesla V100-SXM2-32GB, 6, 3309, 32768, 66.78, 38
2026/09/08 08:08:05.177, 0, Tesla V100-SXM2-32GB, 6, 3309, 32768, 66.78, 37
2026/09/08 08:08:07.231, 0, Tesla V100-SXM2-32GB, 77, 3309, 32768, 131.70, 39
2026/09/08 08:08:09.324, 0, Tesla V100-SXM2-32GB, 6, 3309, 32768, 66.78, 38
2026/09/08 08:08:11.396, 0, Tesla V100-SXM2-32GB, 6, 3309, 32768, 67.28, 37
2026/09/08 08:08:13.450, 0, Tesla V100-SXM2-32GB, 6, 3309, 32768, 67.28, 38
2026/09/08 08:08:15.538, 0, Tesla V100-SXM2-32GB, 5, 3309, 32768, 66.78, 37
2026/09/08 08:08:17.612, 0, Tesla V100-SXM2-32GB, 5, 3309, 32768, 66.78, 37
2026/09/08 08:08:19.680, 0, Tesla V100-SXM2-32GB, 36, 3309, 32768, 67.28, 38
2026/09/08 08:08:21.771, 0, Tesla V100-SXM2-32GB, 5, 3309, 32768, 67.28, 37
2026/09/08 08:08:23.822, 0, Tesla V100-SXM2-32GB, 16, 3309, 32768, 172.87, 39
2026/09/08 08:08:25.868, 0, Tesla V100-SXM2-32GB, 5, 3309, 32768, 66.78, 37
2026/09/08 08:08:27.922, 0, Tesla V100-SXM2-32GB, 55, 3309, 32768, 66.74, 37
2026/09/08 08:08:30.011, 0, Tesla V100-SXM2-32GB, 6, 3309, 32768, 66.78, 37
2026/09/08 08:08:32.100, 0, Tesla V100-SXM2-32GB, 5, 3309, 32768, 173.48, 38
2026/09/08 08:08:34.149, 0, Tesla V100-SXM2-32GB, 6, 3309, 32768, 66.78, 37
2026/09/08 08:08:36.240, 0, Tesla V100-SXM2-32GB, 33, 3309, 32768, 67.28, 38
2026/09/08 08:08:38.328, 0, Tesla V100-SXM2-32GB, 6, 3309, 32768, 66.78, 37
2026/09/08 08:08:40.382, 0, Tesla V100-SXM2-32GB, 6, 3309, 32768, 66.78, 37
2026/09/08 08:08:42.451, 0, Tesla V100-SXM2-32GB, 6, 3309, 32768, 66.78, 37
2026/09/08 08:08:44.539, 0, Tesla V100-SXM2-32GB, 6, 3309, 32768, 67.28, 37
2026/09/08 08:08:46.593, 0, Tesla V100-SXM2-32GB, 6, 3309, 32768, 66.78, 37
2026/09/08 08:08:48.641, 0, Tesla V100-SXM2-32GB, 6, 3309, 32768, 66.78, 37
2026/09/08 08:08:50.694, 0, Tesla V100-SXM2-32GB, 9, 3309, 32768, 66.74, 37
2026/09/08 08:08:52.763, 0, Tesla V100-SXM2-32GB, 6, 3309, 32768, 66.78, 37
2026/09/08 08:08:54.852, 0, Tesla V100-SXM2-32GB, 36, 3309, 32768, 188.01, 39
2026/09/08 08:08:56.939, 0, Tesla V100-SXM2-32GB, 6, 3309, 32768, 66.78, 37
2026/09/08 08:08:59.004, 0, Tesla V100-SXM2-32GB, 6, 3309, 32768, 66.78, 37
2026/09/08 08:09:01.056, 0, Tesla V100-SXM2-32GB, 6, 3309, 32768, 66.78, 37
2026/09/08 08:09:03.105, 0, Tesla V100-SXM2-32GB, 6, 3309, 32768, 66.74, 37
2026/09/08 08:09:05.176, 0, Tesla V100-SXM2-32GB, 6, 3309, 32768, 66.78, 37
2026/09/08 08:09:07.248, 0, Tesla V100-SXM2-32GB, 27, 3309, 32768, 186.16, 39
2026/09/08 08:09:09.323, 0, Tesla V100-SXM2-32GB, 93, 3309, 32768, 67.77, 39
2026/09/08 08:09:11.356, 0, Tesla V100-SXM2-32GB, 87, 3309, 32768, 67.77, 39
2026/09/08 08:09:13.409, 0, Tesla V100-SXM2-32GB, 100, 3309, 32768, 68.26, 40
2026/09/08 08:09:15.497, 0, Tesla V100-SXM2-32GB, 14, 3309, 32768, 107.13, 40
2026/09/08 08:09:17.563, 0, Tesla V100-SXM2-32GB, 15, 3309, 32768, 177.79, 42
2026/09/08 08:09:19.652, 0, Tesla V100-SXM2-32GB, 100, 3309, 32768, 179.27, 42
2026/09/08 08:09:21.702, 0, Tesla V100-SXM2-32GB, 100, 3309, 32768, 198.33, 43
2026/09/08 08:09:23.749, 0, Tesla V100-SXM2-32GB, 100, 3309, 32768, 171.40, 43
2026/09/08 08:09:25.798, 0, Tesla V100-SXM2-32GB, 100, 3309, 32768, 188.62, 44
2026/09/08 08:09:27.863, 0, Tesla V100-SXM2-32GB, 100, 3309, 32768, 187.02, 44
2026/09/08 08:09:29.959, 0, Tesla V100-SXM2-32GB, 87, 3309, 32768, 69.21, 43
2026/09/08 08:09:32.052, 0, Tesla V100-SXM2-32GB, 82, 3309, 32768, 70.19, 42
2026/09/08 08:09:34.102, 0, Tesla V100-SXM2-32GB, 16, 3309, 32768, 77.10, 42
2026/09/08 08:09:36.172, 0, Tesla V100-SXM2-32GB, 26, 3309, 32768, 194.40, 43
2026/09/08 08:09:38.225, 0, Tesla V100-SXM2-32GB, 36, 3309, 32768, 193.42, 44
2026/09/08 08:09:40.318, 0, Tesla V100-SXM2-32GB, 100, 3309, 32768, 190.96, 45
2026/09/08 08:09:42.384, 0, Tesla V100-SXM2-32GB, 100, 3309, 32768, 187.14, 45
2026/09/08 08:09:44.452, 0, Tesla V100-SXM2-32GB, 100, 3309, 32768, 191.57, 45
2026/09/08 08:09:46.520, 0, Tesla V100-SXM2-32GB, 100, 3309, 32768, 183.09, 46
2026/09/08 08:09:48.609, 0, Tesla V100-SXM2-32GB, 100, 3309, 32768, 71.18, 45
2026/09/08 08:09:50.680, 0, Tesla V100-SXM2-32GB, 6, 3309, 32768, 68.26, 41
2026/09/08 08:09:52.772, 0, Tesla V100-SXM2-32GB, 6, 3309, 32768, 56.91, 40
2026/09/08 08:09:54.864, 0, Tesla V100-SXM2-32GB, 6, 3309, 32768, 67.77, 41
2026/09/08 08:09:56.956, 0, Tesla V100-SXM2-32GB, 6, 3309, 32768, 67.72, 40
2026/09/08 08:09:59.010, 0, Tesla V100-SXM2-32GB, 6, 3309, 32768, 67.77, 40
2026/09/08 08:10:01.079, 0, Tesla V100-SXM2-32GB, 6, 3309, 32768, 67.77, 40
2026/09/08 08:10:03.128, 0, Tesla V100-SXM2-32GB, 6, 3309, 32768, 67.77, 40
2026/09/08 08:10:05.196, 0, Tesla V100-SXM2-32GB, 6, 3309, 32768, 67.77, 39
2026/09/08 08:10:07.284, 0, Tesla V100-SXM2-32GB, 6, 3309, 32768, 67.77, 39
2026/09/08 08:10:09.371, 0, Tesla V100-SXM2-32GB, 6, 3309, 32768, 67.72, 39
2026/09/08 08:10:11.422, 0, Tesla V100-SXM2-32GB, 6, 3309, 32768, 67.28, 39
2026/09/08 08:10:13.512, 0, Tesla V100-SXM2-32GB, 6, 3309, 32768, 67.77, 39
2026/09/08 08:10:15.562, 0, Tesla V100-SXM2-32GB, 6, 3309, 32768, 67.28, 39
2026/09/08 08:10:17.652, 0, Tesla V100-SXM2-32GB, 82, 3309, 32768, 73.65, 41
2026/09/08 08:10:19.744, 0, Tesla V100-SXM2-32GB, 6, 3309, 32768, 67.28, 39
2026/09/08 08:10:21.794, 0, Tesla V100-SXM2-32GB, 6, 3309, 32768, 67.72, 39
2026/09/08 08:10:23.846, 0, Tesla V100-SXM2-32GB, 6, 3309, 32768, 67.28, 38
2026/09/08 08:10:25.898, 0, Tesla V100-SXM2-32GB, 6, 3309, 32768, 67.23, 39
2026/09/08 08:10:27.951, 0, Tesla V100-SXM2-32GB, 6, 3309, 32768, 67.23, 38
2026/09/08 08:10:30.041, 0, Tesla V100-SXM2-32GB, 5, 3309, 32768, 67.28, 38
2026/09/08 08:10:32.132, 0, Tesla V100-SXM2-32GB, 53, 3309, 32768, 180.75, 40
2026/09/08 08:10:34.183, 0, Tesla V100-SXM2-32GB, 6, 3309, 32768, 67.23, 38
2026/09/08 08:10:36.256, 0, Tesla V100-SXM2-32GB, 6, 3309, 32768, 62.34, 38
2026/09/08 08:10:38.305, 0, Tesla V100-SXM2-32GB, 6, 3309, 32768, 67.28, 38
2026/09/08 08:10:40.375, 0, Tesla V100-SXM2-32GB, 6, 3309, 32768, 67.23, 38
2026/09/08 08:10:42.427, 0, Tesla V100-SXM2-32GB, 6, 3309, 32768, 67.77, 38
2026/09/08 08:10:44.500, 0, Tesla V100-SXM2-32GB, 6, 3309, 32768, 67.28, 38
2026/09/08 08:10:46.588, 0, Tesla V100-SXM2-32GB, 6, 3309, 32768, 66.74, 38
2026/09/08 08:10:48.680, 0, Tesla V100-SXM2-32GB, 6, 3309, 32768, 66.74, 38
2026/09/08 08:10:50.772, 0, Tesla V100-SXM2-32GB, 6, 3309, 32768, 67.28, 38
2026/09/08 08:10:52.822, 0, Tesla V100-SXM2-32GB, 6, 3309, 32768, 66.74, 37
2026/09/08 08:10:54.876, 0, Tesla V100-SXM2-32GB, 8, 3309, 32768, 67.23, 38
2026/09/08 08:10:56.968, 0, Tesla V100-SXM2-32GB, 6, 3309, 32768, 67.23, 38
2026/09/08 08:10:59.060, 0, Tesla V100-SXM2-32GB, 5, 3309, 32768, 66.78, 38
2026/09/08 08:11:01.111, 0, Tesla V100-SXM2-32GB, 6, 3309, 32768, 66.78, 38
2026/09/08 08:11:03.183, 0, Tesla V100-SXM2-32GB, 81, 3309, 32768, 146.88, 39
2026/09/08 08:11:05.234, 0, Tesla V100-SXM2-32GB, 6, 3309, 32768, 66.74, 38
2026/09/08 08:11:07.324, 0, Tesla V100-SXM2-32GB, 6, 3309, 32768, 66.78, 37
2026/09/08 08:11:09.395, 0, Tesla V100-SXM2-32GB, 5, 3309, 32768, 67.23, 37
2026/09/08 08:11:11.446, 0, Tesla V100-SXM2-32GB, 6, 3309, 32768, 66.74, 37
2026/09/08 08:11:13.516, 0, Tesla V100-SXM2-32GB, 6, 3309, 32768, 67.28, 37
2026/09/08 08:11:15.567, 0, Tesla V100-SXM2-32GB, 6, 3309, 32768, 66.78, 37
2026/09/08 08:11:17.656, 0, Tesla V100-SXM2-32GB, 6, 3309, 32768, 67.28, 37
2026/09/08 08:11:19.743, 0, Tesla V100-SXM2-32GB, 4, 3309, 32768, 179.27, 38
2026/09/08 08:11:21.812, 0, Tesla V100-SXM2-32GB, 6, 3309, 32768, 66.78, 37
2026/09/08 08:11:23.904, 0, Tesla V100-SXM2-32GB, 82, 3309, 32768, 81.54, 39
2026/09/08 08:11:25.991, 0, Tesla V100-SXM2-32GB, 6, 3309, 32768, 66.78, 37
2026/09/08 08:11:28.042, 0, Tesla V100-SXM2-32GB, 64, 3309, 32768, 67.23, 38
2026/09/08 08:11:30.107, 0, Tesla V100-SXM2-32GB, 6, 3309, 32768, 66.74, 37
2026/09/08 08:11:32.136, 0, Tesla V100-SXM2-32GB, 6, 3309, 32768, 67.23, 38
2026/09/08 08:11:34.204, 0, Tesla V100-SXM2-32GB, 6, 3309, 32768, 66.74, 37
2026/09/08 08:11:36.276, 0, Tesla V100-SXM2-32GB, 6, 3309, 32768, 67.23, 37
2026/09/08 08:11:38.363, 0, Tesla V100-SXM2-32GB, 6, 3309, 32768, 66.78, 37
2026/09/08 08:11:40.409, 0, Tesla V100-SXM2-32GB, 6, 3309, 32768, 66.74, 37
2026/09/08 08:11:42.476, 0, Tesla V100-SXM2-32GB, 6, 3309, 32768, 66.78, 37
2026/09/08 08:11:44.526, 0, Tesla V100-SXM2-32GB, 6, 3309, 32768, 66.74, 37
2026/09/08 08:11:46.579, 0, Tesla V100-SXM2-32GB, 6, 3309, 32768, 69.21, 38
2026/09/08 08:11:48.634, 0, Tesla V100-SXM2-32GB, 6, 3309, 32768, 67.23, 37
2026/09/08 08:11:50.703, 0, Tesla V100-SXM2-32GB, 6, 3309, 32768, 66.74, 37
2026/09/08 08:11:52.753, 0, Tesla V100-SXM2-32GB, 6, 3309, 32768, 66.74, 37
2026/09/08 08:11:54.844, 0, Tesla V100-SXM2-32GB, 82, 3309, 32768, 68.71, 38
2026/09/08 08:11:56.936, 0, Tesla V100-SXM2-32GB, 6, 3309, 32768, 66.78, 37
2026/09/08 08:11:59.027, 0, Tesla V100-SXM2-32GB, 60, 3309, 32768, 156.73, 38
2026/09/08 08:12:01.101, 0, Tesla V100-SXM2-32GB, 6, 3309, 32768, 66.78, 37
2026/09/08 08:12:03.168, 0, Tesla V100-SXM2-32GB, 84, 3309, 32768, 144.42, 39
2026/09/08 08:12:05.222, 0, Tesla V100-SXM2-32GB, 6, 3309, 32768, 66.74, 37
2026/09/08 08:12:07.275, 0, Tesla V100-SXM2-32GB, 6, 3309, 32768, 66.74, 37
2026/09/08 08:12:09.364, 0, Tesla V100-SXM2-32GB, 30, 3309, 32768, 136.05, 38
2026/09/08 08:12:11.414, 0, Tesla V100-SXM2-32GB, 6, 3309, 32768, 66.78, 37
2026/09/08 08:12:13.466, 0, Tesla V100-SXM2-32GB, 12, 3309, 32768, 66.74, 37
2026/09/08 08:12:15.538, 0, Tesla V100-SXM2-32GB, 6, 3309, 32768, 66.74, 37
2026/09/08 08:12:17.632, 0, Tesla V100-SXM2-32GB, 54, 3309, 32768, 146.49, 39
2026/09/08 08:12:19.686, 0, Tesla V100-SXM2-32GB, 6, 3309, 32768, 66.78, 37
2026/09/08 08:12:21.756, 0, Tesla V100-SXM2-32GB, 6, 3309, 32768, 67.23, 37
2026/09/08 08:12:23.828, 0, Tesla V100-SXM2-32GB, 58, 3309, 32768, 94.31, 38
2026/09/08 08:12:25.882, 0, Tesla V100-SXM2-32GB, 6, 3309, 32768, 66.74, 37
2026/09/08 08:12:27.972, 0, Tesla V100-SXM2-32GB, 55, 3309, 32768, 173.97, 38
2026/09/08 08:12:30.044, 0, Tesla V100-SXM2-32GB, 6, 3309, 32768, 66.74, 37
2026/09/08 08:12:32.112, 0, Tesla V100-SXM2-32GB, 6, 3309, 32768, 66.74, 37
2026/09/08 08:12:34.180, 0, Tesla V100-SXM2-32GB, 6, 3309, 32768, 66.74, 37
2026/09/08 08:12:36.272, 0, Tesla V100-SXM2-32GB, 5, 3309, 32768, 66.74, 37
2026/09/08 08:12:38.341, 0, Tesla V100-SXM2-32GB, 6, 3309, 32768, 66.78, 37
2026/09/08 08:12:40.394, 0, Tesla V100-SXM2-32GB, 6, 3309, 32768, 66.74, 37
2026/09/08 08:12:42.446, 0, Tesla V100-SXM2-32GB, 6, 3309, 32768, 66.74, 37
2026/09/08 08:12:44.499, 0, Tesla V100-SXM2-32GB, 6, 3309, 32768, 66.74, 37
2026/09/08 08:12:46.568, 0, Tesla V100-SXM2-32GB, 4, 3309, 32768, 66.74, 37
2026/09/08 08:12:48.622, 0, Tesla V100-SXM2-32GB, 6, 3309, 32768, 66.78, 37
2026/09/08 08:12:50.713, 0, Tesla V100-SXM2-32GB, 25, 3309, 32768, 66.74, 37
2026/09/08 08:12:52.784, 0, Tesla V100-SXM2-32GB, 6, 3309, 32768, 66.74, 37
2026/09/08 08:12:54.852, 0, Tesla V100-SXM2-32GB, 6, 3309, 32768, 66.74, 37
2026/09/08 08:12:56.924, 0, Tesla V100-SXM2-32GB, 6, 3309, 32768, 66.74, 37
2026/09/08 08:12:58.978, 0, Tesla V100-SXM2-32GB, 6, 3309, 32768, 61.35, 37
2026/09/08 08:13:01.068, 0, Tesla V100-SXM2-32GB, 6, 3309, 32768, 66.74, 37
2026/09/08 08:13:03.136, 0, Tesla V100-SXM2-32GB, 74, 3309, 32768, 132.69, 38
2026/09/08 08:13:05.204, 0, Tesla V100-SXM2-32GB, 6, 3309, 32768, 66.74, 37
2026/09/08 08:13:07.296, 0, Tesla V100-SXM2-32GB, 6, 3309, 32768, 66.74, 37
2026/09/08 08:13:09.385, 0, Tesla V100-SXM2-32GB, 6, 3309, 32768, 66.74, 37
2026/09/08 08:13:11.438, 0, Tesla V100-SXM2-32GB, 6, 3309, 32768, 66.74, 37
2026/09/08 08:13:13.503, 0, Tesla V100-SXM2-32GB, 9, 3309, 32768, 132.19, 37
2026/09/08 08:13:15.572, 0, Tesla V100-SXM2-32GB, 6, 3309, 32768, 66.74, 37
2026/09/08 08:13:17.640, 0, Tesla V100-SXM2-32GB, 6, 3309, 32768, 66.74, 37
2026/09/08 08:13:19.692, 0, Tesla V100-SXM2-32GB, 6, 3309, 32768, 66.74, 37
2026/09/08 08:13:21.763, 0, Tesla V100-SXM2-32GB, 44, 3309, 32768, 146.88, 38
2026/09/08 08:13:23.814, 0, Tesla V100-SXM2-32GB, 6, 3309, 32768, 66.74, 37
2026/09/08 08:13:25.866, 0, Tesla V100-SXM2-32GB, 11, 3309, 32768, 68.22, 39
2026/09/08 08:13:27.957, 0, Tesla V100-SXM2-32GB, 16, 3309, 32768, 176.32, 41
2026/09/08 08:13:30.010, 0, Tesla V100-SXM2-32GB, 8, 3309, 32768, 187.02, 41
2026/09/08 08:13:32.100, 0, Tesla V100-SXM2-32GB, 79, 3309, 32768, 178.78, 42
2026/09/08 08:13:34.188, 0, Tesla V100-SXM2-32GB, 88, 3309, 32768, 192.43, 43
2026/09/08 08:13:36.238, 0, Tesla V100-SXM2-32GB, 100, 3309, 32768, 189.97, 43
2026/09/08 08:13:38.286, 0, Tesla V100-SXM2-32GB, 100, 3309, 32768, 182.60, 44
2026/09/08 08:13:40.338, 0, Tesla V100-SXM2-32GB, 100, 3309, 32768, 138.60, 44
2026/09/08 08:13:42.433, 0, Tesla V100-SXM2-32GB, 53, 3309, 32768, 68.71, 43
2026/09/08 08:13:44.505, 0, Tesla V100-SXM2-32GB, 50, 3309, 32768, 68.71, 42
2026/09/08 08:13:46.576, 0, Tesla V100-SXM2-32GB, 60, 3309, 32768, 69.70, 42
2026/09/08 08:13:48.623, 0, Tesla V100-SXM2-32GB, 19, 3309, 32768, 158.70, 43
2026/09/08 08:13:50.697, 0, Tesla V100-SXM2-32GB, 19, 3309, 32768, 198.83, 44
2026/09/08 08:13:52.761, 0, Tesla V100-SXM2-32GB, 29, 3309, 32768, 216.39, 45
2026/09/08 08:13:54.827, 0, Tesla V100-SXM2-32GB, 40, 3309, 32768, 184.19, 45
2026/09/08 08:13:56.891, 0, Tesla V100-SXM2-32GB, 100, 3309, 32768, 191.57, 45
2026/09/08 08:13:58.941, 0, Tesla V100-SXM2-32GB, 100, 3309, 32768, 194.40, 46
2026/09/08 08:14:00.994, 0, Tesla V100-SXM2-32GB, 100, 3309, 32768, 193.54, 46
2026/09/08 08:14:03.083, 0, Tesla V100-SXM2-32GB, 100, 3309, 32768, 196.37, 46
2026/09/08 08:14:05.133, 0, Tesla V100-SXM2-32GB, 5, 3309, 32768, 68.71, 43
2026/09/08 08:14:07.185, 0, Tesla V100-SXM2-32GB, 6, 3309, 32768, 57.40, 42
2026/09/08 08:14:09.238, 0, Tesla V100-SXM2-32GB, 6, 3309, 32768, 56.91, 41
2026/09/08 08:14:11.290, 0, Tesla V100-SXM2-32GB, 6, 3309, 32768, 68.76, 41
2026/09/08 08:14:13.359, 0, Tesla V100-SXM2-32GB, 84, 3309, 32768, 70.68, 42
2026/09/08 08:14:15.428, 0, Tesla V100-SXM2-32GB, 6, 3309, 32768, 68.26, 41
2026/09/08 08:14:17.516, 0, Tesla V100-SXM2-32GB, 82, 3309, 32768, 98.75, 42
2026/09/08 08:14:19.605, 0, Tesla V100-SXM2-32GB, 6, 3309, 32768, 68.26, 41
2026/09/08 08:14:21.692, 0, Tesla V100-SXM2-32GB, 6, 3309, 32768, 68.26, 41
2026/09/08 08:14:23.760, 0, Tesla V100-SXM2-32GB, 6, 3309, 32768, 67.77, 40
2026/09/08 08:14:25.832, 0, Tesla V100-SXM2-32GB, 6, 3309, 32768, 68.22, 40
2026/09/08 08:14:27.881, 0, Tesla V100-SXM2-32GB, 6, 3309, 32768, 67.77, 40
2026/09/08 08:14:29.952, 0, Tesla V100-SXM2-32GB, 6, 3309, 32768, 68.22, 40
2026/09/08 08:14:32.002, 0, Tesla V100-SXM2-32GB, 6, 3309, 32768, 67.72, 40
2026/09/08 08:14:34.054, 0, Tesla V100-SXM2-32GB, 6, 3309, 32768, 67.77, 40
2026/09/08 08:14:36.124, 0, Tesla V100-SXM2-32GB, 6, 3309, 32768, 67.77, 40
2026/09/08 08:14:38.192, 0, Tesla V100-SXM2-32GB, 6, 3309, 32768, 67.77, 40
2026/09/08 08:14:40.284, 0, Tesla V100-SXM2-32GB, 36, 3309, 32768, 113.05, 41
2026/09/08 08:14:42.372, 0, Tesla V100-SXM2-32GB, 6, 3309, 32768, 67.72, 40
2026/09/08 08:14:44.439, 0, Tesla V100-SXM2-32GB, 6, 3309, 32768, 67.77, 40
2026/09/08 08:14:46.491, 0, Tesla V100-SXM2-32GB, 6, 3309, 32768, 67.28, 39
2026/09/08 08:14:48.577, 0, Tesla V100-SXM2-32GB, 53, 3309, 32768, 68.26, 40
2026/09/08 08:14:50.644, 0, Tesla V100-SXM2-32GB, 6, 3309, 32768, 67.77, 39
2026/09/08 08:14:52.698, 0, Tesla V100-SXM2-32GB, 56, 3309, 32768, 103.18, 42
2026/09/08 08:14:54.767, 0, Tesla V100-SXM2-32GB, 6, 3309, 32768, 67.77, 39
2026/09/08 08:14:56.836, 0, Tesla V100-SXM2-32GB, 79, 3309, 32768, 102.20, 41
2026/09/08 08:14:58.926, 0, Tesla V100-SXM2-32GB, 5, 3309, 32768, 67.77, 39
2026/09/08 08:15:00.959, 0, Tesla V100-SXM2-32GB, 26, 3309, 32768, 140.48, 40
2026/09/08 08:15:03.010, 0, Tesla V100-SXM2-32GB, 6, 3309, 32768, 67.28, 39
2026/09/08 08:15:05.099, 0, Tesla V100-SXM2-32GB, 6, 3309, 32768, 67.77, 40
2026/09/08 08:15:07.167, 0, Tesla V100-SXM2-32GB, 6, 3309, 32768, 67.77, 39
2026/09/08 08:15:09.240, 0, Tesla V100-SXM2-32GB, 5, 3309, 32768, 67.77, 39
2026/09/08 08:15:11.290, 0, Tesla V100-SXM2-32GB, 6, 3309, 32768, 67.28, 39
2026/09/08 08:15:13.380, 0, Tesla V100-SXM2-32GB, 50, 3309, 32768, 159.09, 40
2026/09/08 08:15:15.430, 0, Tesla V100-SXM2-32GB, 6, 3309, 32768, 67.72, 40
2026/09/08 08:15:17.461, 0, Tesla V100-SXM2-32GB, 6, 3309, 32768, 67.77, 39
2026/09/08 08:15:19.532, 0, Tesla V100-SXM2-32GB, 6, 3309, 32768, 67.77, 39
2026/09/08 08:15:21.586, 0, Tesla V100-SXM2-32GB, 6, 3309, 32768, 67.28, 39
2026/09/08 08:15:23.676, 0, Tesla V100-SXM2-32GB, 6, 3309, 32768, 67.72, 39
2026/09/08 08:15:25.767, 0, Tesla V100-SXM2-32GB, 6, 3309, 32768, 67.77, 39
2026/09/08 08:15:27.856, 0, Tesla V100-SXM2-32GB, 6, 3309, 32768, 67.28, 39
2026/09/08 08:15:29.924, 0, Tesla V100-SXM2-32GB, 6, 3309, 32768, 67.28, 39
2026/09/08 08:15:31.996, 0, Tesla V100-SXM2-32GB, 79, 3309, 32768, 85.49, 41
2026/09/08 08:15:34.069, 0, Tesla V100-SXM2-32GB, 6, 3309, 32768, 67.28, 39
2026/09/08 08:15:36.122, 0, Tesla V100-SXM2-32GB, 6, 3309, 32768, 192.43, 40
2026/09/08 08:15:38.192, 0, Tesla V100-SXM2-32GB, 6, 3309, 32768, 67.28, 39
2026/09/08 08:15:40.283, 0, Tesla V100-SXM2-32GB, 84, 3309, 32768, 171.51, 40
2026/09/08 08:15:42.334, 0, Tesla V100-SXM2-32GB, 6, 3309, 32768, 67.28, 39
2026/09/08 08:15:44.425, 0, Tesla V100-SXM2-32GB, 80, 3309, 32768, 68.26, 40
2026/09/08 08:15:46.498, 0, Tesla V100-SXM2-32GB, 6, 3309, 32768, 67.77, 38
2026/09/08 08:15:48.574, 0, Tesla V100-SXM2-32GB, 6, 3309, 32768, 67.77, 39
2026/09/08 08:15:50.668, 0, Tesla V100-SXM2-32GB, 4, 3309, 32768, 67.28, 38
2026/09/08 08:15:52.736, 0, Tesla V100-SXM2-32GB, 4, 3309, 32768, 67.28, 39
2026/09/08 08:15:54.804, 0, Tesla V100-SXM2-32GB, 6, 3309, 32768, 67.28, 38
2026/09/08 08:15:56.854, 0, Tesla V100-SXM2-32GB, 4, 3309, 32768, 67.28, 38
2026/09/08 08:15:58.906, 0, Tesla V100-SXM2-32GB, 6, 3309, 32768, 67.28, 38
2026/09/08 08:16:00.976, 0, Tesla V100-SXM2-32GB, 6, 3309, 32768, 67.28, 38
2026/09/08 08:16:03.044, 0, Tesla V100-SXM2-32GB, 6, 3309, 32768, 67.28, 38
2026/09/08 08:16:05.094, 0, Tesla V100-SXM2-32GB, 4, 3309, 32768, 67.28, 38
2026/09/08 08:16:07.184, 0, Tesla V100-SXM2-32GB, 54, 3309, 32768, 83.51, 39
2026/09/08 08:16:09.233, 0, Tesla V100-SXM2-32GB, 6, 3309, 32768, 67.28, 38
2026/09/08 08:16:11.324, 0, Tesla V100-SXM2-32GB, 77, 3309, 32768, 68.26, 39
2026/09/08 08:16:13.396, 0, Tesla V100-SXM2-32GB, 6, 3309, 32768, 67.28, 38
2026/09/08 08:16:15.488, 0, Tesla V100-SXM2-32GB, 82, 3309, 32768, 155.75, 40
2026/09/08 08:16:17.556, 0, Tesla V100-SXM2-32GB, 6, 3309, 32768, 67.28, 38
2026/09/08 08:16:19.605, 0, Tesla V100-SXM2-32GB, 6, 3309, 32768, 67.28, 39
2026/09/08 08:16:21.654, 0, Tesla V100-SXM2-32GB, 6, 3309, 32768, 67.28, 38
2026/09/08 08:16:23.728, 0, Tesla V100-SXM2-32GB, 6, 3309, 32768, 67.28, 38
2026/09/08 08:16:25.820, 0, Tesla V100-SXM2-32GB, 6, 3309, 32768, 55.92, 38
2026/09/08 08:16:27.869, 0, Tesla V100-SXM2-32GB, 6, 3309, 32768, 67.28, 38
2026/09/08 08:16:29.918, 0, Tesla V100-SXM2-32GB, 6, 3309, 32768, 66.78, 38
2026/09/08 08:16:31.970, 0, Tesla V100-SXM2-32GB, 6, 3309, 32768, 67.28, 38
2026/09/08 08:16:34.060, 0, Tesla V100-SXM2-32GB, 11, 3309, 32768, 67.28, 39
2026/09/08 08:16:36.149, 0, Tesla V100-SXM2-32GB, 5, 3309, 32768, 67.28, 38
2026/09/08 08:16:38.236, 0, Tesla V100-SXM2-32GB, 6, 3309, 32768, 67.28, 38
2026/09/08 08:16:40.325, 0, Tesla V100-SXM2-32GB, 11, 3309, 32768, 67.23, 39
2026/09/08 08:16:42.396, 0, Tesla V100-SXM2-32GB, 6, 3309, 32768, 67.28, 38
2026/09/08 08:16:44.450, 0, Tesla V100-SXM2-32GB, 38, 3309, 32768, 67.28, 38
2026/09/08 08:16:46.482, 0, Tesla V100-SXM2-32GB, 5, 3309, 32768, 67.28, 38
2026/09/08 08:16:48.572, 0, Tesla V100-SXM2-32GB, 6, 3309, 32768, 67.28, 38
2026/09/08 08:16:50.664, 0, Tesla V100-SXM2-32GB, 6, 3309, 32768, 67.28, 38
2026/09/08 08:16:52.732, 0, Tesla V100-SXM2-32GB, 6, 3309, 32768, 67.28, 38
2026/09/08 08:16:54.800, 0, Tesla V100-SXM2-32GB, 6, 3309, 32768, 67.28, 37
2026/09/08 08:16:56.849, 0, Tesla V100-SXM2-32GB, 4, 3309, 32768, 66.78, 38
2026/09/08 08:16:58.940, 0, Tesla V100-SXM2-32GB, 6, 3309, 32768, 66.78, 37
2026/09/08 08:17:01.025, 0, Tesla V100-SXM2-32GB, 6, 3309, 32768, 67.28, 37
2026/09/08 08:17:03.111, 0, Tesla V100-SXM2-32GB, 6, 3309, 32768, 66.78, 37
2026/09/08 08:17:05.200, 0, Tesla V100-SXM2-32GB, 6, 3309, 32768, 67.28, 37
2026/09/08 08:17:07.250, 0, Tesla V100-SXM2-32GB, 6, 3309, 32768, 67.28, 38
2026/09/08 08:17:09.302, 0, Tesla V100-SXM2-32GB, 6, 3309, 32768, 67.28, 37
2026/09/08 08:17:11.354, 0, Tesla V100-SXM2-32GB, 74, 3309, 32768, 72.17, 39
2026/09/08 08:17:13.423, 0, Tesla V100-SXM2-32GB, 6, 3309, 32768, 66.78, 37
2026/09/08 08:17:15.492, 0, Tesla V100-SXM2-32GB, 57, 3309, 32768, 67.28, 38
2026/09/08 08:17:17.541, 0, Tesla V100-SXM2-32GB, 6, 3309, 32768, 67.28, 37
2026/09/08 08:17:19.597, 0, Tesla V100-SXM2-32GB, 6, 3309, 32768, 66.78, 37
2026/09/08 08:17:21.646, 0, Tesla V100-SXM2-32GB, 4, 3309, 32768, 66.78, 37
2026/09/08 08:17:23.716, 0, Tesla V100-SXM2-32GB, 6, 3309, 32768, 66.78, 37
2026/09/08 08:17:25.783, 0, Tesla V100-SXM2-32GB, 6, 3309, 32768, 66.78, 37
2026/09/08 08:17:27.867, 0, Tesla V100-SXM2-32GB, 6, 3309, 32768, 66.78, 37
2026/09/08 08:17:29.913, 0, Tesla V100-SXM2-32GB, 82, 3309, 32768, 94.80, 39
2026/09/08 08:17:31.966, 0, Tesla V100-SXM2-32GB, 6, 3309, 32768, 66.78, 37
2026/09/08 08:17:34.016, 0, Tesla V100-SXM2-32GB, 57, 3309, 32768, 66.74, 37
2026/09/08 08:17:36.088, 0, Tesla V100-SXM2-32GB, 6, 3309, 32768, 66.78, 37
2026/09/08 08:17:38.120, 0, Tesla V100-SXM2-32GB, 23, 3309, 32768, 147.47, 38
2026/09/08 08:17:40.207, 0, Tesla V100-SXM2-32GB, 6, 3309, 32768, 66.78, 37
2026/09/08 08:17:42.296, 0, Tesla V100-SXM2-32GB, 8, 3309, 32768, 68.26, 39
2026/09/08 08:17:44.384, 0, Tesla V100-SXM2-32GB, 18, 3309, 32768, 176.81, 41
2026/09/08 08:17:46.471, 0, Tesla V100-SXM2-32GB, 100, 3309, 32768, 190.46, 42
2026/09/08 08:17:48.521, 0, Tesla V100-SXM2-32GB, 100, 3309, 32768, 193.91, 42
2026/09/08 08:17:50.593, 0, Tesla V100-SXM2-32GB, 100, 3309, 32768, 208.04, 43
2026/09/08 08:17:52.644, 0, Tesla V100-SXM2-32GB, 100, 3309, 32768, 172.00, 43
2026/09/08 08:17:54.712, 0, Tesla V100-SXM2-32GB, 100, 3309, 32768, 127.76, 44
2026/09/08 08:17:56.787, 0, Tesla V100-SXM2-32GB, 100, 3309, 32768, 68.26, 42
2026/09/08 08:17:58.842, 0, Tesla V100-SXM2-32GB, 100, 3309, 32768, 68.71, 42
2026/09/08 08:18:00.937, 0, Tesla V100-SXM2-32GB, 14, 3309, 32768, 187.02, 43
2026/09/08 08:18:02.986, 0, Tesla V100-SXM2-32GB, 26, 3309, 32768, 201.78, 44
2026/09/08 08:18:05.076, 0, Tesla V100-SXM2-32GB, 100, 3309, 32768, 179.76, 44
2026/09/08 08:18:07.126, 0, Tesla V100-SXM2-32GB, 100, 3309, 32768, 172.87, 44
2026/09/08 08:18:09.174, 0, Tesla V100-SXM2-32GB, 100, 3309, 32768, 173.36, 45
2026/09/08 08:18:11.232, 0, Tesla V100-SXM2-32GB, 61, 3309, 32768, 68.71, 43
2026/09/08 08:18:13.303, 0, Tesla V100-SXM2-32GB, 34, 3309, 32768, 69.25, 43
2026/09/08 08:18:15.392, 0, Tesla V100-SXM2-32GB, 34, 3309, 32768, 191.94, 44
2026/09/08 08:18:17.481, 0, Tesla V100-SXM2-32GB, 81, 3309, 32768, 194.89, 45
2026/09/08 08:18:19.528, 0, Tesla V100-SXM2-32GB, 100, 3309, 32768, 174.35, 45
2026/09/08 08:18:21.581, 0, Tesla V100-SXM2-32GB, 6, 3309, 32768, 68.22, 42
2026/09/08 08:18:23.653, 0, Tesla V100-SXM2-32GB, 6, 3309, 32768, 56.91, 40
2026/09/08 08:18:25.706, 0, Tesla V100-SXM2-32GB, 53, 3309, 32768, 68.22, 41
2026/09/08 08:18:27.776, 0, Tesla V100-SXM2-32GB, 6, 3309, 32768, 67.77, 40
2026/09/08 08:18:29.830, 0, Tesla V100-SXM2-32GB, 6, 3309, 32768, 68.26, 40
2026/09/08 08:18:31.900, 0, Tesla V100-SXM2-32GB, 6, 3309, 32768, 67.77, 40
2026/09/08 08:18:33.950, 0, Tesla V100-SXM2-32GB, 6, 3309, 32768, 67.72, 40
2026/09/08 08:18:36.020, 0, Tesla V100-SXM2-32GB, 6, 3309, 32768, 67.77, 40
2026/09/08 08:18:38.092, 0, Tesla V100-SXM2-32GB, 6, 3309, 32768, 67.28, 40
2026/09/08 08:18:40.146, 0, Tesla V100-SXM2-32GB, 6, 3309, 32768, 150.82, 40
2026/09/08 08:18:42.236, 0, Tesla V100-SXM2-32GB, 6, 3309, 32768, 67.77, 39
2026/09/08 08:18:44.324, 0, Tesla V100-SXM2-32GB, 20, 3309, 32768, 118.47, 40
2026/09/08 08:18:46.378, 0, Tesla V100-SXM2-32GB, 6, 3309, 32768, 67.28, 39
2026/09/08 08:18:48.467, 0, Tesla V100-SXM2-32GB, 13, 3309, 32768, 146.39, 40
2026/09/08 08:18:50.555, 0, Tesla V100-SXM2-32GB, 6, 3309, 32768, 67.23, 39
2026/09/08 08:18:52.652, 0, Tesla V100-SXM2-32GB, 70, 3309, 32768, 68.71, 40
2026/09/08 08:18:54.706, 0, Tesla V100-SXM2-32GB, 6, 3309, 32768, 67.28, 38
2026/09/08 08:18:56.776, 0, Tesla V100-SXM2-32GB, 6, 3309, 32768, 67.23, 39
2026/09/08 08:18:58.826, 0, Tesla V100-SXM2-32GB, 6, 3309, 32768, 67.28, 38
2026/09/08 08:19:00.896, 0, Tesla V100-SXM2-32GB, 6, 3309, 32768, 67.28, 38
2026/09/08 08:19:02.967, 0, Tesla V100-SXM2-32GB, 25, 3309, 32768, 67.23, 38
2026/09/08 08:19:05.060, 0, Tesla V100-SXM2-32GB, 6, 3309, 32768, 67.28, 39
2026/09/08 08:19:07.152, 0, Tesla V100-SXM2-32GB, 6, 3309, 32768, 67.23, 38
2026/09/08 08:19:09.224, 0, Tesla V100-SXM2-32GB, 6, 3309, 32768, 67.28, 38
2026/09/08 08:19:11.277, 0, Tesla V100-SXM2-32GB, 6, 3309, 32768, 56.41, 38
2026/09/08 08:19:13.370, 0, Tesla V100-SXM2-32GB, 5, 3309, 32768, 67.23, 38
2026/09/08 08:19:15.455, 0, Tesla V100-SXM2-32GB, 6, 3309, 32768, 67.28, 38
2026/09/08 08:19:17.525, 0, Tesla V100-SXM2-32GB, 6, 3309, 32768, 67.23, 38
2026/09/08 08:19:19.625, 0, Tesla V100-SXM2-32GB, 6, 3309, 32768, 67.28, 38
2026/09/08 08:19:21.691, 0, Tesla V100-SXM2-32GB, 4, 3309, 32768, 67.28, 38
2026/09/08 08:19:23.759, 0, Tesla V100-SXM2-32GB, 52, 3309, 32768, 67.23, 38
2026/09/08 08:19:25.810, 0, Tesla V100-SXM2-32GB, 6, 3309, 32768, 67.23, 38
2026/09/08 08:19:27.900, 0, Tesla V100-SXM2-32GB, 6, 3309, 32768, 66.78, 37
2026/09/08 08:19:29.985, 0, Tesla V100-SXM2-32GB, 20, 3309, 32768, 67.23, 38
2026/09/08 08:19:32.052, 0, Tesla V100-SXM2-32GB, 6, 3309, 32768, 66.78, 37
2026/09/08 08:19:34.101, 0, Tesla V100-SXM2-32GB, 12, 3309, 32768, 67.23, 38
2026/09/08 08:19:36.149, 0, Tesla V100-SXM2-32GB, 5, 3309, 32768, 66.74, 38
2026/09/08 08:19:38.240, 0, Tesla V100-SXM2-32GB, 6, 3309, 32768, 66.74, 37
2026/09/08 08:19:40.306, 0, Tesla V100-SXM2-32GB, 4, 3309, 32768, 66.78, 37
2026/09/08 08:19:42.395, 0, Tesla V100-SXM2-32GB, 6, 3309, 32768, 67.23, 37
2026/09/08 08:19:44.464, 0, Tesla V100-SXM2-32GB, 6, 3309, 32768, 67.23, 37
2026/09/08 08:19:46.552, 0, Tesla V100-SXM2-32GB, 6, 3309, 32768, 201.65, 38
2026/09/08 08:19:48.602, 0, Tesla V100-SXM2-32GB, 6, 3309, 32768, 66.74, 37
2026/09/08 08:19:50.672, 0, Tesla V100-SXM2-32GB, 5, 3309, 32768, 66.74, 37
2026/09/08 08:19:52.744, 0, Tesla V100-SXM2-32GB, 6, 3309, 32768, 66.78, 37
2026/09/08 08:19:54.836, 0, Tesla V100-SXM2-32GB, 6, 3309, 32768, 144.42, 38
2026/09/08 08:19:56.904, 0, Tesla V100-SXM2-32GB, 6, 3309, 32768, 66.74, 37
2026/09/08 08:19:58.954, 0, Tesla V100-SXM2-32GB, 60, 3309, 32768, 68.71, 37
2026/09/08 08:20:01.024, 0, Tesla V100-SXM2-32GB, 6, 3309, 32768, 66.74, 37
2026/09/08 08:20:03.116, 0, Tesla V100-SXM2-32GB, 82, 3309, 32768, 121.35, 38
2026/09/08 08:20:05.170, 0, Tesla V100-SXM2-32GB, 6, 3309, 32768, 66.74, 37
2026/09/08 08:20:07.243, 0, Tesla V100-SXM2-32GB, 6, 3309, 32768, 66.74, 37
2026/09/08 08:20:09.290, 0, Tesla V100-SXM2-32GB, 6, 3309, 32768, 66.74, 37
2026/09/08 08:20:11.340, 0, Tesla V100-SXM2-32GB, 6, 3309, 32768, 66.74, 37
2026/09/08 08:20:13.428, 0, Tesla V100-SXM2-32GB, 6, 3309, 32768, 66.74, 37
2026/09/08 08:20:15.520, 0, Tesla V100-SXM2-32GB, 6, 3309, 32768, 66.74, 37
2026/09/08 08:20:17.568, 0, Tesla V100-SXM2-32GB, 6, 3309, 32768, 66.74, 37
2026/09/08 08:20:19.618, 0, Tesla V100-SXM2-32GB, 6, 3309, 32768, 66.78, 37
2026/09/08 08:20:21.705, 0, Tesla V100-SXM2-32GB, 6, 3309, 32768, 66.74, 36
2026/09/08 08:20:23.758, 0, Tesla V100-SXM2-32GB, 6, 3309, 32768, 66.78, 37
2026/09/08 08:20:25.828, 0, Tesla V100-SXM2-32GB, 6, 3309, 32768, 66.74, 36
2026/09/08 08:20:27.900, 0, Tesla V100-SXM2-32GB, 6, 3309, 32768, 66.74, 37
2026/09/08 08:20:29.954, 0, Tesla V100-SXM2-32GB, 6, 3309, 32768, 66.74, 36
2026/09/08 08:20:32.023, 0, Tesla V100-SXM2-32GB, 6, 3309, 32768, 66.24, 37
2026/09/08 08:20:34.115, 0, Tesla V100-SXM2-32GB, 41, 3309, 32768, 182.10, 38
2026/09/08 08:20:36.165, 0, Tesla V100-SXM2-32GB, 6, 3309, 32768, 66.74, 37
2026/09/08 08:20:38.231, 0, Tesla V100-SXM2-32GB, 6, 3309, 32768, 66.74, 37
2026/09/08 08:20:40.283, 0, Tesla V100-SXM2-32GB, 6, 3309, 32768, 66.74, 36
2026/09/08 08:20:42.349, 0, Tesla V100-SXM2-32GB, 6, 3309, 32768, 66.74, 37
2026/09/08 08:20:44.398, 0, Tesla V100-SXM2-32GB, 6, 3309, 32768, 55.92, 36
2026/09/08 08:20:46.468, 0, Tesla V100-SXM2-32GB, 6, 3309, 32768, 66.78, 36
2026/09/08 08:20:48.518, 0, Tesla V100-SXM2-32GB, 6, 3309, 32768, 66.24, 36
2026/09/08 08:20:50.588, 0, Tesla V100-SXM2-32GB, 6, 3309, 32768, 66.74, 36
2026/09/08 08:20:52.641, 0, Tesla V100-SXM2-32GB, 6, 3309, 32768, 179.76, 37
2026/09/08 08:20:54.712, 0, Tesla V100-SXM2-32GB, 6, 3309, 32768, 66.74, 37
2026/09/08 08:20:56.799, 0, Tesla V100-SXM2-32GB, 6, 3309, 32768, 66.78, 37
2026/09/08 08:20:58.892, 0, Tesla V100-SXM2-32GB, 6, 3309, 32768, 66.74, 36
2026/09/08 08:21:00.961, 0, Tesla V100-SXM2-32GB, 6, 3309, 32768, 66.29, 37
2026/09/08 08:21:03.009, 0, Tesla V100-SXM2-32GB, 68, 3309, 32768, 83.02, 38
2026/09/08 08:21:05.062, 0, Tesla V100-SXM2-32GB, 6, 3309, 32768, 66.74, 36
2026/09/08 08:21:07.114, 0, Tesla V100-SXM2-32GB, 6, 3309, 32768, 66.74, 37
2026/09/08 08:21:09.184, 0, Tesla V100-SXM2-32GB, 6, 3309, 32768, 66.74, 36
2026/09/08 08:21:11.253, 0, Tesla V100-SXM2-32GB, 5, 3309, 32768, 66.74, 37
2026/09/08 08:21:13.306, 0, Tesla V100-SXM2-32GB, 6, 3309, 32768, 66.74, 36
2026/09/08 08:21:15.358, 0, Tesla V100-SXM2-32GB, 6, 3309, 32768, 66.74, 37
2026/09/08 08:21:17.428, 0, Tesla V100-SXM2-32GB, 6, 3309, 32768, 66.74, 36
2026/09/08 08:21:19.516, 0, Tesla V100-SXM2-32GB, 6, 3309, 32768, 66.74, 37
2026/09/08 08:21:21.566, 0, Tesla V100-SXM2-32GB, 6, 3309, 32768, 66.74, 36
2026/09/08 08:21:23.618, 0, Tesla V100-SXM2-32GB, 6, 3309, 32768, 66.24, 36
2026/09/08 08:21:25.670, 0, Tesla V100-SXM2-32GB, 6, 3309, 32768, 66.74, 36
2026/09/08 08:21:27.760, 0, Tesla V100-SXM2-32GB, 6, 3309, 32768, 66.74, 36
2026/09/08 08:21:29.832, 0, Tesla V100-SXM2-32GB, 6, 3309, 32768, 200.30, 37
2026/09/08 08:21:31.881, 0, Tesla V100-SXM2-32GB, 6, 3309, 32768, 66.24, 36
2026/09/08 08:21:33.947, 0, Tesla V100-SXM2-32GB, 6, 3309, 32768, 108.61, 36
2026/09/08 08:21:36.035, 0, Tesla V100-SXM2-32GB, 6, 3309, 32768, 66.74, 36
2026/09/08 08:21:38.082, 0, Tesla V100-SXM2-32GB, 6, 3309, 32768, 66.74, 37
2026/09/08 08:21:40.148, 0, Tesla V100-SXM2-32GB, 6, 3309, 32768, 66.24, 36
2026/09/08 08:21:42.198, 0, Tesla V100-SXM2-32GB, 6, 3309, 32768, 66.74, 37
2026/09/08 08:21:44.250, 0, Tesla V100-SXM2-32GB, 6, 3309, 32768, 66.24, 36
2026/09/08 08:21:46.302, 0, Tesla V100-SXM2-32GB, 5, 3309, 32768, 66.74, 36
2026/09/08 08:21:48.397, 0, Tesla V100-SXM2-32GB, 6, 3309, 32768, 66.24, 36
2026/09/08 08:21:50.468, 0, Tesla V100-SXM2-32GB, 6, 3309, 32768, 66.24, 36
2026/09/08 08:21:52.542, 0, Tesla V100-SXM2-32GB, 6, 3309, 32768, 66.74, 36
2026/09/08 08:21:54.598, 0, Tesla V100-SXM2-32GB, 5, 3309, 32768, 66.74, 37
2026/09/08 08:21:56.668, 0, Tesla V100-SXM2-32GB, 66, 3309, 32768, 197.84, 40
2026/09/08 08:21:58.718, 0, Tesla V100-SXM2-32GB, 100, 3309, 32768, 183.70, 40
2026/09/08 08:22:00.808, 0, Tesla V100-SXM2-32GB, 100, 3309, 32768, 183.70, 41
2026/09/08 08:22:02.876, 0, Tesla V100-SXM2-32GB, 100, 3309, 32768, 199.32, 42
2026/09/08 08:22:04.926, 0, Tesla V100-SXM2-32GB, 100, 3309, 32768, 188.50, 42
2026/09/08 08:22:06.959, 0, Tesla V100-SXM2-32GB, 100, 3309, 32768, 194.89, 42
2026/09/08 08:22:09.053, 0, Tesla V100-SXM2-32GB, 100, 3309, 32768, 73.15, 42
2026/09/08 08:22:11.105, 0, Tesla V100-SXM2-32GB, 62, 3309, 32768, 68.22, 41
2026/09/08 08:22:13.196, 0, Tesla V100-SXM2-32GB, 70, 3309, 32768, 69.21, 41
2026/09/08 08:22:15.267, 0, Tesla V100-SXM2-32GB, 58, 3309, 32768, 177.79, 41
2026/09/08 08:22:17.318, 0, Tesla V100-SXM2-32GB, 38, 3309, 32768, 197.35, 43
2026/09/08 08:22:19.408, 0, Tesla V100-SXM2-32GB, 51, 3309, 32768, 210.99, 43
2026/09/08 08:22:21.500, 0, Tesla V100-SXM2-32GB, 100, 3309, 32768, 202.27, 44
2026/09/08 08:22:23.568, 0, Tesla V100-SXM2-32GB, 100, 3309, 32768, 198.83, 44
2026/09/08 08:22:25.618, 0, Tesla V100-SXM2-32GB, 100, 3309, 32768, 186.53, 45
2026/09/08 08:22:27.708, 0, Tesla V100-SXM2-32GB, 82, 3309, 32768, 68.71, 43
2026/09/08 08:22:29.796, 0, Tesla V100-SXM2-32GB, 72, 3309, 32768, 69.21, 42
2026/09/08 08:22:31.863, 0, Tesla V100-SXM2-32GB, 27, 3309, 32768, 195.38, 43
2026/09/08 08:22:33.914, 0, Tesla V100-SXM2-32GB, 54, 3309, 32768, 188.13, 44
2026/09/08 08:22:36.005, 0, Tesla V100-SXM2-32GB, 7, 3309, 32768, 68.22, 42
2026/09/08 08:22:38.081, 0, Tesla V100-SXM2-32GB, 6, 3309, 32768, 67.72, 41
2026/09/08 08:22:40.153, 0, Tesla V100-SXM2-32GB, 6, 3309, 32768, 56.41, 39
2026/09/08 08:22:42.187, 0, Tesla V100-SXM2-32GB, 6, 3309, 32768, 67.72, 40
2026/09/08 08:22:44.256, 0, Tesla V100-SXM2-32GB, 53, 3309, 32768, 139.49, 40
2026/09/08 08:22:46.324, 0, Tesla V100-SXM2-32GB, 7, 3309, 32768, 67.23, 39
2026/09/08 08:22:48.397, 0, Tesla V100-SXM2-32GB, 57, 3309, 32768, 195.38, 41
2026/09/08 08:22:50.463, 0, Tesla V100-SXM2-32GB, 6, 3309, 32768, 67.72, 39
2026/09/08 08:22:52.533, 0, Tesla V100-SXM2-32GB, 30, 3309, 32768, 67.72, 40
2026/09/08 08:22:54.585, 0, Tesla V100-SXM2-32GB, 4, 3309, 32768, 67.23, 39
2026/09/08 08:22:56.656, 0, Tesla V100-SXM2-32GB, 6, 3309, 32768, 67.72, 39
2026/09/08 08:22:58.710, 0, Tesla V100-SXM2-32GB, 6, 3309, 32768, 67.23, 38
2026/09/08 08:23:00.800, 0, Tesla V100-SXM2-32GB, 6, 3309, 32768, 67.23, 39
2026/09/08 08:23:02.849, 0, Tesla V100-SXM2-32GB, 6, 3309, 32768, 67.23, 38
2026/09/08 08:23:04.940, 0, Tesla V100-SXM2-32GB, 4, 3309, 32768, 67.23, 38
2026/09/08 08:23:07.028, 0, Tesla V100-SXM2-32GB, 6, 3309, 32768, 67.23, 38
2026/09/08 08:23:09.096, 0, Tesla V100-SXM2-32GB, 6, 3309, 32768, 67.23, 38
2026/09/08 08:23:11.184, 0, Tesla V100-SXM2-32GB, 8, 3309, 32768, 69.70, 39
2026/09/08 08:23:13.238, 0, Tesla V100-SXM2-32GB, 6, 3309, 32768, 67.23, 38
2026/09/08 08:23:15.307, 0, Tesla V100-SXM2-32GB, 53, 3309, 32768, 67.23, 38
2026/09/08 08:23:17.358, 0, Tesla V100-SXM2-32GB, 6, 3309, 32768, 67.23, 38
2026/09/08 08:23:19.448, 0, Tesla V100-SXM2-32GB, 55, 3309, 32768, 69.70, 38
2026/09/08 08:23:21.498, 0, Tesla V100-SXM2-32GB, 6, 3309, 32768, 67.23, 38
2026/09/08 08:23:23.588, 0, Tesla V100-SXM2-32GB, 60, 3309, 32768, 201.65, 40
2026/09/08 08:23:25.638, 0, Tesla V100-SXM2-32GB, 5, 3309, 32768, 66.74, 37
2026/09/08 08:23:27.690, 0, Tesla V100-SXM2-32GB, 86, 3309, 32768, 67.23, 38
2026/09/08 08:23:29.760, 0, Tesla V100-SXM2-32GB, 6, 3309, 32768, 66.74, 37
2026/09/08 08:23:31.831, 0, Tesla V100-SXM2-32GB, 84, 3309, 32768, 131.21, 39
2026/09/08 08:23:33.882, 0, Tesla V100-SXM2-32GB, 6, 3309, 32768, 67.23, 37
2026/09/08 08:23:35.930, 0, Tesla V100-SXM2-32GB, 6, 3309, 32768, 67.23, 38
2026/09/08 08:23:38.001, 0, Tesla V100-SXM2-32GB, 6, 3309, 32768, 66.74, 37
2026/09/08 08:23:40.054, 0, Tesla V100-SXM2-32GB, 10, 3309, 32768, 165.38, 38
2026/09/08 08:23:42.144, 0, Tesla V100-SXM2-32GB, 6, 3309, 32768, 66.74, 37
2026/09/08 08:23:44.216, 0, Tesla V100-SXM2-32GB, 77, 3309, 32768, 175.33, 39
2026/09/08 08:23:46.288, 0, Tesla V100-SXM2-32GB, 6, 3309, 32768, 66.74, 37
2026/09/08 08:23:48.379, 0, Tesla V100-SXM2-32GB, 6, 3309, 32768, 66.74, 37
2026/09/08 08:23:50.448, 0, Tesla V100-SXM2-32GB, 60, 3309, 32768, 149.84, 39
2026/09/08 08:23:52.536, 0, Tesla V100-SXM2-32GB, 6, 3309, 32768, 66.74, 37
2026/09/08 08:23:54.612, 0, Tesla V100-SXM2-32GB, 70, 3309, 32768, 67.23, 38
2026/09/08 08:23:56.662, 0, Tesla V100-SXM2-32GB, 6, 3309, 32768, 66.74, 37
2026/09/08 08:23:58.747, 0, Tesla V100-SXM2-32GB, 52, 3309, 32768, 66.74, 38
2026/09/08 08:24:00.798, 0, Tesla V100-SXM2-32GB, 6, 3309, 32768, 66.74, 37
2026/09/08 08:24:02.868, 0, Tesla V100-SXM2-32GB, 6, 3309, 32768, 66.74, 37
2026/09/08 08:24:04.956, 0, Tesla V100-SXM2-32GB, 6, 3309, 32768, 66.74, 37
2026/09/08 08:24:07.024, 0, Tesla V100-SXM2-32GB, 6, 3309, 32768, 66.74, 37
2026/09/08 08:24:09.074, 0, Tesla V100-SXM2-32GB, 6, 3309, 32768, 66.74, 37
2026/09/08 08:24:11.128, 0, Tesla V100-SXM2-32GB, 6, 3309, 32768, 66.74, 37
2026/09/08 08:24:13.183, 0, Tesla V100-SXM2-32GB, 6, 3309, 32768, 55.92, 36
2026/09/08 08:24:15.277, 0, Tesla V100-SXM2-32GB, 6, 3309, 32768, 66.74, 36
2026/09/08 08:24:17.330, 0, Tesla V100-SXM2-32GB, 6, 3309, 32768, 66.74, 36
2026/09/08 08:24:19.420, 0, Tesla V100-SXM2-32GB, 6, 3309, 32768, 66.74, 36
2026/09/08 08:24:21.492, 0, Tesla V100-SXM2-32GB, 81, 3309, 32768, 185.05, 39
2026/09/08 08:24:23.564, 0, Tesla V100-SXM2-32GB, 6, 3309, 32768, 66.74, 36
2026/09/08 08:24:25.618, 0, Tesla V100-SXM2-32GB, 60, 3309, 32768, 67.23, 38
2026/09/08 08:24:27.688, 0, Tesla V100-SXM2-32GB, 6, 3309, 32768, 66.74, 36
2026/09/08 08:24:29.756, 0, Tesla V100-SXM2-32GB, 82, 3309, 32768, 66.74, 37
2026/09/08 08:24:31.806, 0, Tesla V100-SXM2-32GB, 6, 3309, 32768, 66.74, 36
2026/09/08 08:24:33.896, 0, Tesla V100-SXM2-32GB, 6, 3309, 32768, 66.74, 36
2026/09/08 08:24:35.968, 0, Tesla V100-SXM2-32GB, 6, 3309, 32768, 66.74, 36
2026/09/08 08:24:38.057, 0, Tesla V100-SXM2-32GB, 6, 3309, 32768, 66.74, 36
2026/09/08 08:24:40.123, 0, Tesla V100-SXM2-32GB, 6, 3309, 32768, 129.73, 37
2026/09/08 08:24:42.174, 0, Tesla V100-SXM2-32GB, 6, 3309, 32768, 66.74, 36
2026/09/08 08:24:44.264, 0, Tesla V100-SXM2-32GB, 6, 3309, 32768, 66.74, 36
2026/09/08 08:24:46.314, 0, Tesla V100-SXM2-32GB, 6, 3309, 32768, 66.24, 36
2026/09/08 08:24:48.404, 0, Tesla V100-SXM2-32GB, 82, 3309, 32768, 162.54, 38
2026/09/08 08:24:50.471, 0, Tesla V100-SXM2-32GB, 6, 3309, 32768, 66.24, 36
2026/09/08 08:24:52.540, 0, Tesla V100-SXM2-32GB, 6, 3309, 32768, 66.74, 37
2026/09/08 08:24:54.598, 0, Tesla V100-SXM2-32GB, 6, 3309, 32768, 66.74, 36
2026/09/08 08:24:56.654, 0, Tesla V100-SXM2-32GB, 6, 3309, 32768, 66.74, 37
2026/09/08 08:24:58.706, 0, Tesla V100-SXM2-32GB, 6, 3309, 32768, 66.24, 36
2026/09/08 08:25:00.758, 0, Tesla V100-SXM2-32GB, 6, 3309, 32768, 66.74, 36
2026/09/08 08:25:02.852, 0, Tesla V100-SXM2-32GB, 54, 3309, 32768, 66.74, 36
2026/09/08 08:25:04.924, 0, Tesla V100-SXM2-32GB, 6, 3309, 32768, 66.74, 36
2026/09/08 08:25:06.999, 0, Tesla V100-SXM2-32GB, 6, 3309, 32768, 66.74, 36
2026/09/08 08:25:09.087, 0, Tesla V100-SXM2-32GB, 7, 3309, 32768, 83.51, 37
2026/09/08 08:25:11.138, 0, Tesla V100-SXM2-32GB, 6, 3309, 32768, 66.74, 36
2026/09/08 08:25:13.228, 0, Tesla V100-SXM2-32GB, 37, 3309, 32768, 70.68, 37
2026/09/08 08:25:15.282, 0, Tesla V100-SXM2-32GB, 6, 3309, 32768, 66.24, 36
2026/09/08 08:25:17.352, 0, Tesla V100-SXM2-32GB, 87, 3309, 32768, 173.86, 38
2026/09/08 08:25:19.420, 0, Tesla V100-SXM2-32GB, 6, 3309, 32768, 66.74, 36
2026/09/08 08:25:21.488, 0, Tesla V100-SXM2-32GB, 41, 3309, 32768, 66.74, 37
2026/09/08 08:25:23.579, 0, Tesla V100-SXM2-32GB, 6, 3309, 32768, 66.24, 36
2026/09/08 08:25:25.648, 0, Tesla V100-SXM2-32GB, 6, 3309, 32768, 66.24, 36
2026/09/08 08:25:27.736, 0, Tesla V100-SXM2-32GB, 5, 3309, 32768, 66.24, 36
2026/09/08 08:25:29.804, 0, Tesla V100-SXM2-32GB, 6, 3309, 32768, 66.74, 36
2026/09/08 08:25:31.854, 0, Tesla V100-SXM2-32GB, 6, 3309, 32768, 66.74, 36
2026/09/08 08:25:33.924, 0, Tesla V100-SXM2-32GB, 6, 3309, 32768, 66.74, 36
2026/09/08 08:25:35.978, 0, Tesla V100-SXM2-32GB, 6, 3309, 32768, 66.24, 36
2026/09/08 08:25:38.063, 0, Tesla V100-SXM2-32GB, 5, 3309, 32768, 66.24, 36
2026/09/08 08:25:40.152, 0, Tesla V100-SXM2-32GB, 5, 3309, 32768, 66.74, 36
2026/09/08 08:25:42.244, 0, Tesla V100-SXM2-32GB, 6, 3309, 32768, 66.24, 36
2026/09/08 08:25:44.312, 0, Tesla V100-SXM2-32GB, 38, 3309, 32768, 119.38, 36
2026/09/08 08:25:46.366, 0, Tesla V100-SXM2-32GB, 6, 3309, 32768, 66.24, 36
2026/09/08 08:25:48.417, 0, Tesla V100-SXM2-32GB, 62, 3309, 32768, 151.81, 38
2026/09/08 08:25:50.512, 0, Tesla V100-SXM2-32GB, 6, 3309, 32768, 66.74, 36
2026/09/08 08:25:52.604, 0, Tesla V100-SXM2-32GB, 40, 3309, 32768, 66.74, 36
2026/09/08 08:25:54.658, 0, Tesla V100-SXM2-32GB, 6, 3309, 32768, 66.74, 36
2026/09/08 08:25:56.748, 0, Tesla V100-SXM2-32GB, 6, 3309, 32768, 66.24, 36
2026/09/08 08:25:58.798, 0, Tesla V100-SXM2-32GB, 6, 3309, 32768, 66.24, 36
2026/09/08 08:26:00.848, 0, Tesla V100-SXM2-32GB, 5, 3309, 32768, 66.24, 36
2026/09/08 08:26:02.898, 0, Tesla V100-SXM2-32GB, 6, 3309, 32768, 66.74, 36
2026/09/08 08:26:04.950, 0, Tesla V100-SXM2-32GB, 6, 3309, 32768, 66.24, 36
2026/09/08 08:26:07.003, 0, Tesla V100-SXM2-32GB, 29, 3309, 32768, 152.30, 37
2026/09/08 08:26:09.037, 0, Tesla V100-SXM2-32GB, 4, 3309, 32768, 66.74, 36
2026/09/08 08:26:11.123, 0, Tesla V100-SXM2-32GB, 100, 3309, 32768, 178.66, 40
2026/09/08 08:26:13.174, 0, Tesla V100-SXM2-32GB, 100, 3309, 32768, 210.99, 40
2026/09/08 08:26:15.260, 0, Tesla V100-SXM2-32GB, 100, 3309, 32768, 188.50, 41
2026/09/08 08:26:17.352, 0, Tesla V100-SXM2-32GB, 100, 3309, 32768, 173.86, 42
2026/09/08 08:26:19.449, 0, Tesla V100-SXM2-32GB, 100, 3309, 32768, 68.22, 40
2026/09/08 08:26:21.520, 0, Tesla V100-SXM2-32GB, 41, 3309, 32768, 67.72, 40
2026/09/08 08:26:23.569, 0, Tesla V100-SXM2-32GB, 19, 3309, 32768, 139.00, 40
2026/09/08 08:26:25.618, 0, Tesla V100-SXM2-32GB, 14, 3309, 32768, 194.40, 42
2026/09/08 08:26:27.707, 0, Tesla V100-SXM2-32GB, 98, 3309, 32768, 172.38, 42
2026/09/08 08:26:29.776, 0, Tesla V100-SXM2-32GB, 100, 3309, 32768, 193.91, 43
2026/09/08 08:26:31.826, 0, Tesla V100-SXM2-32GB, 100, 3309, 32768, 172.87, 43
2026/09/08 08:26:33.895, 0, Tesla V100-SXM2-32GB, 100, 3309, 32768, 182.10, 44
2026/09/08 08:26:35.964, 0, Tesla V100-SXM2-32GB, 100, 3309, 32768, 68.71, 42
2026/09/08 08:26:38.018, 0, Tesla V100-SXM2-32GB, 100, 3309, 32768, 68.71, 42
2026/09/08 08:26:40.107, 0, Tesla V100-SXM2-32GB, 13, 3309, 32768, 129.73, 42
2026/09/08 08:26:42.137, 0, Tesla V100-SXM2-32GB, 14, 3309, 32768, 200.79, 43
2026/09/08 08:26:44.212, 0, Tesla V100-SXM2-32GB, 16, 3309, 32768, 183.09, 44
2026/09/08 08:26:46.284, 0, Tesla V100-SXM2-32GB, 100, 3309, 32768, 200.79, 44
2026/09/08 08:26:48.356, 0, Tesla V100-SXM2-32GB, 100, 3309, 32768, 187.02, 45
2026/09/08 08:26:50.444, 0, Tesla V100-SXM2-32GB, 6, 3309, 32768, 68.22, 42
2026/09/08 08:26:52.536, 0, Tesla V100-SXM2-32GB, 6, 3309, 32768, 56.91, 40
2026/09/08 08:26:54.589, 0, Tesla V100-SXM2-32GB, 5, 3309, 32768, 56.41, 40
2026/09/08 08:26:56.660, 0, Tesla V100-SXM2-32GB, 6, 3309, 32768, 67.72, 40
2026/09/08 08:26:58.752, 0, Tesla V100-SXM2-32GB, 56, 3309, 32768, 160.57, 41
2026/09/08 08:27:00.840, 0, Tesla V100-SXM2-32GB, 6, 3309, 32768, 67.72, 40
2026/09/08 08:27:02.912, 0, Tesla V100-SXM2-32GB, 57, 3309, 32768, 84.50, 41
2026/09/08 08:27:04.962, 0, Tesla V100-SXM2-32GB, 6, 3309, 32768, 67.72, 39
2026/09/08 08:27:07.013, 0, Tesla V100-SXM2-32GB, 60, 3309, 32768, 153.78, 41
2026/09/08 08:27:09.087, 0, Tesla V100-SXM2-32GB, 6, 3309, 32768, 67.23, 39
2026/09/08 08:27:11.156, 0, Tesla V100-SXM2-32GB, 6, 3309, 32768, 67.72, 39
2026/09/08 08:27:13.190, 0, Tesla V100-SXM2-32GB, 6, 3309, 32768, 67.23, 39
2026/09/08 08:27:15.260, 0, Tesla V100-SXM2-32GB, 6, 3309, 32768, 67.72, 39
2026/09/08 08:27:17.332, 0, Tesla V100-SXM2-32GB, 6, 3309, 32768, 67.23, 39
2026/09/08 08:27:19.424, 0, Tesla V100-SXM2-32GB, 6, 3309, 32768, 67.23, 39
2026/09/08 08:27:21.492, 0, Tesla V100-SXM2-32GB, 6, 3309, 32768, 67.23, 39
2026/09/08 08:27:23.552, 0, Tesla V100-SXM2-32GB, 6, 3309, 32768, 67.23, 39
2026/09/08 08:27:25.605, 0, Tesla V100-SXM2-32GB, 6, 3309, 32768, 67.23, 38
2026/09/08 08:27:27.671, 0, Tesla V100-SXM2-32GB, 6, 3309, 32768, 67.23, 38
2026/09/08 08:27:29.744, 0, Tesla V100-SXM2-32GB, 59, 3309, 32768, 69.70, 39
2026/09/08 08:27:31.812, 0, Tesla V100-SXM2-32GB, 6, 3309, 32768, 67.23, 38
2026/09/08 08:27:33.883, 0, Tesla V100-SXM2-32GB, 6, 3309, 32768, 67.72, 39
2026/09/08 08:27:35.934, 0, Tesla V100-SXM2-32GB, 6, 3309, 32768, 67.23, 38
2026/09/08 08:27:37.965, 0, Tesla V100-SXM2-32GB, 6, 3309, 32768, 150.33, 39
2026/09/08 08:27:40.018, 0, Tesla V100-SXM2-32GB, 6, 3309, 32768, 67.23, 38
2026/09/08 08:27:42.071, 0, Tesla V100-SXM2-32GB, 81, 3309, 32768, 96.28, 40
2026/09/08 08:27:44.140, 0, Tesla V100-SXM2-32GB, 6, 3309, 32768, 67.23, 38
2026/09/08 08:27:46.234, 0, Tesla V100-SXM2-32GB, 38, 3309, 32768, 197.35, 39
2026/09/08 08:27:48.304, 0, Tesla V100-SXM2-32GB, 6, 3309, 32768, 67.23, 38
2026/09/08 08:27:50.396, 0, Tesla V100-SXM2-32GB, 82, 3309, 32768, 173.36, 40
2026/09/08 08:27:52.463, 0, Tesla V100-SXM2-32GB, 6, 3309, 32768, 67.23, 38
2026/09/08 08:27:54.554, 0, Tesla V100-SXM2-32GB, 62, 3309, 32768, 67.23, 39
2026/09/08 08:27:56.643, 0, Tesla V100-SXM2-32GB, 6, 3309, 32768, 67.23, 38
2026/09/08 08:27:58.693, 0, Tesla V100-SXM2-32GB, 6, 3309, 32768, 67.23, 38
2026/09/08 08:28:00.783, 0, Tesla V100-SXM2-32GB, 83, 3309, 32768, 170.03, 40
2026/09/08 08:28:02.852, 0, Tesla V100-SXM2-32GB, 6, 3309, 32768, 67.23, 38
2026/09/08 08:28:04.939, 0, Tesla V100-SXM2-32GB, 6, 3309, 32768, 67.23, 38
2026/09/08 08:28:06.989, 0, Tesla V100-SXM2-32GB, 6, 3309, 32768, 67.23, 38
2026/09/08 08:28:09.075, 0, Tesla V100-SXM2-32GB, 6, 3309, 32768, 67.23, 38
2026/09/08 08:28:11.164, 0, Tesla V100-SXM2-32GB, 6, 3309, 32768, 67.23, 38
2026/09/08 08:28:13.231, 0, Tesla V100-SXM2-32GB, 5, 3309, 32768, 67.28, 38
2026/09/08 08:28:15.282, 0, Tesla V100-SXM2-32GB, 6, 3309, 32768, 66.74, 38
2026/09/08 08:28:17.372, 0, Tesla V100-SXM2-32GB, 29, 3309, 32768, 195.88, 39
2026/09/08 08:28:19.424, 0, Tesla V100-SXM2-32GB, 6, 3309, 32768, 67.23, 38
2026/09/08 08:28:21.456, 0, Tesla V100-SXM2-32GB, 83, 3309, 32768, 130.22, 39
2026/09/08 08:28:23.551, 0, Tesla V100-SXM2-32GB, 6, 3309, 32768, 66.74, 38
2026/09/08 08:28:25.602, 0, Tesla V100-SXM2-32GB, 34, 3309, 32768, 67.23, 38
2026/09/08 08:28:27.650, 0, Tesla V100-SXM2-32GB, 6, 3309, 32768, 67.23, 38
2026/09/08 08:28:29.702, 0, Tesla V100-SXM2-32GB, 59, 3309, 32768, 67.23, 39
2026/09/08 08:28:31.792, 0, Tesla V100-SXM2-32GB, 4, 3309, 32768, 67.23, 38
2026/09/08 08:28:33.845, 0, Tesla V100-SXM2-32GB, 57, 3309, 32768, 67.72, 39
2026/09/08 08:28:35.921, 0, Tesla V100-SXM2-32GB, 6, 3309, 32768, 67.23, 38
2026/09/08 08:28:37.991, 0, Tesla V100-SXM2-32GB, 6, 3309, 32768, 67.23, 38
2026/09/08 08:28:40.084, 0, Tesla V100-SXM2-32GB, 6, 3309, 32768, 66.78, 38
2026/09/08 08:28:42.155, 0, Tesla V100-SXM2-32GB, 5, 3309, 32768, 67.23, 38
2026/09/08 08:28:44.225, 0, Tesla V100-SXM2-32GB, 6, 3309, 32768, 67.23, 38
2026/09/08 08:28:46.291, 0, Tesla V100-SXM2-32GB, 6, 3309, 32768, 67.28, 38
2026/09/08 08:28:48.341, 0, Tesla V100-SXM2-32GB, 6, 3309, 32768, 66.78, 38
2026/09/08 08:28:50.394, 0, Tesla V100-SXM2-32GB, 6, 3309, 32768, 67.23, 38
2026/09/08 08:28:52.445, 0, Tesla V100-SXM2-32GB, 25, 3309, 32768, 80.55, 39
2026/09/08 08:28:54.516, 0, Tesla V100-SXM2-32GB, 6, 3309, 32768, 66.74, 38
2026/09/08 08:28:56.554, 0, Tesla V100-SXM2-32GB, 81, 3309, 32768, 173.36, 39
2026/09/08 08:28:58.624, 0, Tesla V100-SXM2-32GB, 6, 3309, 32768, 67.23, 38
2026/09/08 08:29:00.691, 0, Tesla V100-SXM2-32GB, 6, 3309, 32768, 188.13, 39
2026/09/08 08:29:02.760, 0, Tesla V100-SXM2-32GB, 6, 3309, 32768, 67.23, 38
2026/09/08 08:29:04.852, 0, Tesla V100-SXM2-32GB, 75, 3309, 32768, 177.79, 40
2026/09/08 08:29:06.940, 0, Tesla V100-SXM2-32GB, 6, 3309, 32768, 67.28, 38
2026/09/08 08:29:08.990, 0, Tesla V100-SXM2-32GB, 6, 3309, 32768, 67.28, 38
2026/09/08 08:29:11.080, 0, Tesla V100-SXM2-32GB, 6, 3309, 32768, 67.28, 38
2026/09/08 08:29:13.129, 0, Tesla V100-SXM2-32GB, 6, 3309, 32768, 67.23, 38
2026/09/08 08:29:15.196, 0, Tesla V100-SXM2-32GB, 6, 3309, 32768, 67.28, 38
2026/09/08 08:29:17.263, 0, Tesla V100-SXM2-32GB, 6, 3309, 32768, 67.23, 38
2026/09/08 08:29:19.352, 0, Tesla V100-SXM2-32GB, 6, 3309, 32768, 67.23, 38
2026/09/08 08:29:21.420, 0, Tesla V100-SXM2-32GB, 6, 3309, 32768, 67.28, 38
2026/09/08 08:29:23.469, 0, Tesla V100-SXM2-32GB, 6, 3309, 32768, 67.23, 38
2026/09/08 08:29:25.522, 0, Tesla V100-SXM2-32GB, 3, 3309, 32768, 67.23, 38
2026/09/08 08:29:27.574, 0, Tesla V100-SXM2-32GB, 6, 3309, 32768, 67.28, 38
2026/09/08 08:29:29.643, 0, Tesla V100-SXM2-32GB, 6, 3309, 32768, 66.78, 38
2026/09/08 08:29:31.732, 0, Tesla V100-SXM2-32GB, 6, 3309, 32768, 67.28, 38
2026/09/08 08:29:33.800, 0, Tesla V100-SXM2-32GB, 51, 3309, 32768, 82.53, 39
2026/09/08 08:29:35.868, 0, Tesla V100-SXM2-32GB, 6, 3309, 32768, 67.23, 38
2026/09/08 08:29:37.918, 0, Tesla V100-SXM2-32GB, 81, 3309, 32768, 104.17, 40
2026/09/08 08:29:39.988, 0, Tesla V100-SXM2-32GB, 6, 3309, 32768, 67.23, 38
2026/09/08 08:29:42.056, 0, Tesla V100-SXM2-32GB, 5, 3309, 32768, 67.28, 38
2026/09/08 08:29:44.090, 0, Tesla V100-SXM2-32GB, 6, 3309, 32768, 67.28, 38
2026/09/08 08:29:46.160, 0, Tesla V100-SXM2-32GB, 83, 3309, 32768, 93.32, 40
2026/09/08 08:29:48.232, 0, Tesla V100-SXM2-32GB, 6, 3309, 32768, 67.28, 38
2026/09/08 08:29:50.287, 0, Tesla V100-SXM2-32GB, 6, 3309, 32768, 67.23, 38
2026/09/08 08:29:52.339, 0, Tesla V100-SXM2-32GB, 6, 3309, 32768, 66.78, 38
2026/09/08 08:29:54.390, 0, Tesla V100-SXM2-32GB, 6, 3309, 32768, 67.23, 38
2026/09/08 08:29:56.460, 0, Tesla V100-SXM2-32GB, 6, 3309, 32768, 56.41, 37
2026/09/08 08:29:58.528, 0, Tesla V100-SXM2-32GB, 6, 3309, 32768, 67.28, 38
2026/09/08 08:30:00.578, 0, Tesla V100-SXM2-32GB, 5, 3309, 32768, 66.78, 38
2026/09/08 08:30:02.667, 0, Tesla V100-SXM2-32GB, 6, 3309, 32768, 67.28, 38
2026/09/08 08:30:04.716, 0, Tesla V100-SXM2-32GB, 6, 3309, 32768, 67.28, 38
2026/09/08 08:30:06.808, 0, Tesla V100-SXM2-32GB, 6, 3309, 32768, 66.78, 38
2026/09/08 08:30:08.896, 0, Tesla V100-SXM2-32GB, 54, 3309, 32768, 153.18, 39
2026/09/08 08:30:10.964, 0, Tesla V100-SXM2-32GB, 6, 3309, 32768, 67.23, 38
2026/09/08 08:30:13.036, 0, Tesla V100-SXM2-32GB, 69, 3309, 32768, 67.28, 38
2026/09/08 08:30:15.121, 0, Tesla V100-SXM2-32GB, 6, 3309, 32768, 67.28, 38
2026/09/08 08:30:17.192, 0, Tesla V100-SXM2-32GB, 6, 3309, 32768, 67.23, 38
2026/09/08 08:30:19.283, 0, Tesla V100-SXM2-32GB, 6, 3309, 32768, 67.28, 38
2026/09/08 08:30:21.372, 0, Tesla V100-SXM2-32GB, 6, 3309, 32768, 66.78, 38
2026/09/08 08:30:23.444, 0, Tesla V100-SXM2-32GB, 6, 3309, 32768, 66.78, 37
2026/09/08 08:30:25.512, 0, Tesla V100-SXM2-32GB, 6, 3309, 32768, 67.28, 38
2026/09/08 08:30:27.600, 0, Tesla V100-SXM2-32GB, 62, 3309, 32768, 194.89, 41
2026/09/08 08:30:29.688, 0, Tesla V100-SXM2-32GB, 100, 3309, 32768, 180.63, 42
2026/09/08 08:30:31.734, 0, Tesla V100-SXM2-32GB, 100, 3309, 32768, 174.35, 43
2026/09/08 08:30:33.786, 0, Tesla V100-SXM2-32GB, 100, 3309, 32768, 190.46, 43
2026/09/08 08:30:35.838, 0, Tesla V100-SXM2-32GB, 100, 3309, 32768, 85.98, 43
2026/09/08 08:30:37.891, 0, Tesla V100-SXM2-32GB, 100, 3309, 32768, 68.71, 42
2026/09/08 08:30:39.943, 0, Tesla V100-SXM2-32GB, 34, 3309, 32768, 68.76, 42
2026/09/08 08:30:42.032, 0, Tesla V100-SXM2-32GB, 26, 3309, 32768, 171.89, 42
2026/09/08 08:30:44.100, 0, Tesla V100-SXM2-32GB, 13, 3309, 32768, 197.84, 43
2026/09/08 08:30:46.149, 0, Tesla V100-SXM2-32GB, 73, 3309, 32768, 215.41, 44
2026/09/08 08:30:48.186, 0, Tesla V100-SXM2-32GB, 79, 3309, 32768, 198.33, 44
2026/09/08 08:30:50.237, 0, Tesla V100-SXM2-32GB, 83, 3309, 32768, 194.40, 45
2026/09/08 08:30:52.324, 0, Tesla V100-SXM2-32GB, 100, 3309, 32768, 190.10, 45
2026/09/08 08:30:54.392, 0, Tesla V100-SXM2-32GB, 100, 3309, 32768, 112.06, 46
2026/09/08 08:30:56.464, 0, Tesla V100-SXM2-32GB, 100, 3309, 32768, 69.21, 44
2026/09/08 08:30:58.556, 0, Tesla V100-SXM2-32GB, 20, 3309, 32768, 69.74, 43
2026/09/08 08:31:00.623, 0, Tesla V100-SXM2-32GB, 13, 3309, 32768, 209.15, 45
2026/09/08 08:31:02.716, 0, Tesla V100-SXM2-32GB, 100, 3309, 32768, 191.45, 45
2026/09/08 08:31:04.767, 0, Tesla V100-SXM2-32GB, 100, 3309, 32768, 196.86, 46
2026/09/08 08:31:06.817, 0, Tesla V100-SXM2-32GB, 4, 3309, 32768, 68.76, 43
2026/09/08 08:31:08.889, 0, Tesla V100-SXM2-32GB, 6, 3309, 32768, 59.38, 42
2026/09/08 08:31:10.943, 0, Tesla V100-SXM2-32GB, 6, 3309, 32768, 56.91, 40
2026/09/08 08:31:13.013, 0, Tesla V100-SXM2-32GB, 6, 3309, 32768, 67.77, 41
2026/09/08 08:31:15.066, 0, Tesla V100-SXM2-32GB, 61, 3309, 32768, 141.56, 42
2026/09/08 08:31:17.137, 0, Tesla V100-SXM2-32GB, 6, 3309, 32768, 67.72, 40
2026/09/08 08:31:19.190, 0, Tesla V100-SXM2-32GB, 74, 3309, 32768, 71.18, 42
2026/09/08 08:31:21.260, 0, Tesla V100-SXM2-32GB, 6, 3309, 32768, 67.77, 40
2026/09/08 08:31:23.314, 0, Tesla V100-SXM2-32GB, 6, 3309, 32768, 67.77, 40
2026/09/08 08:31:25.402, 0, Tesla V100-SXM2-32GB, 6, 3309, 32768, 67.77, 40
2026/09/08 08:31:27.454, 0, Tesla V100-SXM2-32GB, 6, 3309, 32768, 67.72, 40
2026/09/08 08:31:29.550, 0, Tesla V100-SXM2-32GB, 4, 3309, 32768, 67.77, 39
2026/09/08 08:31:31.581, 0, Tesla V100-SXM2-32GB, 6, 3309, 32768, 67.28, 39
2026/09/08 08:31:33.635, 0, Tesla V100-SXM2-32GB, 6, 3309, 32768, 67.23, 39
2026/09/08 08:31:35.724, 0, Tesla V100-SXM2-32GB, 5, 3309, 32768, 67.77, 39
2026/09/08 08:31:37.792, 0, Tesla V100-SXM2-32GB, 14, 3309, 32768, 68.22, 39
2026/09/08 08:31:39.841, 0, Tesla V100-SXM2-32GB, 5, 3309, 32768, 67.28, 39
2026/09/08 08:31:41.889, 0, Tesla V100-SXM2-32GB, 86, 3309, 32768, 76.11, 40
2026/09/08 08:31:43.980, 0, Tesla V100-SXM2-32GB, 6, 3309, 32768, 67.28, 38
2026/09/08 08:31:46.027, 0, Tesla V100-SXM2-32GB, 5, 3309, 32768, 67.28, 39
2026/09/08 08:31:48.104, 0, Tesla V100-SXM2-32GB, 6, 3309, 32768, 67.28, 38
2026/09/08 08:31:50.158, 0, Tesla V100-SXM2-32GB, 55, 3309, 32768, 67.72, 39
2026/09/08 08:31:52.228, 0, Tesla V100-SXM2-32GB, 6, 3309, 32768, 67.28, 38
2026/09/08 08:31:54.321, 0, Tesla V100-SXM2-32GB, 17, 3309, 32768, 67.23, 39
2026/09/08 08:31:56.374, 0, Tesla V100-SXM2-32GB, 4, 3309, 32768, 66.78, 38
2026/09/08 08:31:58.445, 0, Tesla V100-SXM2-32GB, 6, 3309, 32768, 67.23, 38
2026/09/08 08:32:00.536, 0, Tesla V100-SXM2-32GB, 5, 3309, 32768, 66.78, 38
2026/09/08 08:32:02.594, 0, Tesla V100-SXM2-32GB, 6, 3309, 32768, 67.23, 38
2026/09/08 08:32:04.646, 0, Tesla V100-SXM2-32GB, 5, 3309, 32768, 67.28, 38
2026/09/08 08:32:06.716, 0, Tesla V100-SXM2-32GB, 5, 3309, 32768, 67.28, 38
2026/09/08 08:32:08.766, 0, Tesla V100-SXM2-32GB, 6, 3309, 32768, 66.74, 38
2026/09/08 08:32:10.818, 0, Tesla V100-SXM2-32GB, 80, 3309, 32768, 173.36, 40
2026/09/08 08:32:12.870, 0, Tesla V100-SXM2-32GB, 6, 3309, 32768, 66.78, 38
2026/09/08 08:32:14.902, 0, Tesla V100-SXM2-32GB, 37, 3309, 32768, 67.23, 38
2026/09/08 08:32:16.954, 0, Tesla V100-SXM2-32GB, 3, 3309, 32768, 67.23, 38
2026/09/08 08:32:19.048, 0, Tesla V100-SXM2-32GB, 6, 3309, 32768, 66.74, 37
2026/09/08 08:32:21.140, 0, Tesla V100-SXM2-32GB, 82, 3309, 32768, 68.22, 39
2026/09/08 08:32:23.209, 0, Tesla V100-SXM2-32GB, 6, 3309, 32768, 66.74, 37
2026/09/08 08:32:25.280, 0, Tesla V100-SXM2-32GB, 4, 3309, 32768, 67.23, 38
2026/09/08 08:32:27.334, 0, Tesla V100-SXM2-32GB, 6, 3309, 32768, 66.78, 37
2026/09/08 08:32:29.386, 0, Tesla V100-SXM2-32GB, 54, 3309, 32768, 67.23, 38
2026/09/08 08:32:31.476, 0, Tesla V100-SXM2-32GB, 6, 3309, 32768, 66.78, 37
2026/09/08 08:32:33.553, 0, Tesla V100-SXM2-32GB, 4, 3309, 32768, 66.74, 37
2026/09/08 08:32:35.620, 0, Tesla V100-SXM2-32GB, 6, 3309, 32768, 66.74, 37
2026/09/08 08:32:37.670, 0, Tesla V100-SXM2-32GB, 5, 3309, 32768, 66.78, 37
2026/09/08 08:32:39.739, 0, Tesla V100-SXM2-32GB, 6, 3309, 32768, 66.78, 37
2026/09/08 08:32:41.809, 0, Tesla V100-SXM2-32GB, 6, 3309, 32768, 66.74, 37
2026/09/08 08:32:43.881, 0, Tesla V100-SXM2-32GB, 6, 3309, 32768, 55.42, 36
2026/09/08 08:32:45.934, 0, Tesla V100-SXM2-32GB, 6, 3309, 32768, 66.78, 37
2026/09/08 08:32:48.021, 0, Tesla V100-SXM2-32GB, 5, 3309, 32768, 67.23, 37
2026/09/08 08:32:50.074, 0, Tesla V100-SXM2-32GB, 7, 3309, 32768, 66.78, 37
2026/09/08 08:32:52.164, 0, Tesla V100-SXM2-32GB, 62, 3309, 32768, 159.19, 38
2026/09/08 08:32:54.236, 0, Tesla V100-SXM2-32GB, 6, 3309, 32768, 66.78, 37
2026/09/08 08:32:56.324, 0, Tesla V100-SXM2-32GB, 37, 3309, 32768, 67.23, 38
2026/09/08 08:32:58.378, 0, Tesla V100-SXM2-32GB, 6, 3309, 32768, 66.74, 37
2026/09/08 08:33:00.430, 0, Tesla V100-SXM2-32GB, 6, 3309, 32768, 147.87, 38
2026/09/08 08:33:02.522, 0, Tesla V100-SXM2-32GB, 6, 3309, 32768, 66.74, 37
2026/09/08 08:33:04.610, 0, Tesla V100-SXM2-32GB, 6, 3309, 32768, 66.74, 37
2026/09/08 08:33:06.656, 0, Tesla V100-SXM2-32GB, 6, 3309, 32768, 66.74, 37
2026/09/08 08:33:08.708, 0, Tesla V100-SXM2-32GB, 6, 3309, 32768, 66.74, 37
2026/09/08 08:33:10.740, 0, Tesla V100-SXM2-32GB, 6, 3309, 32768, 66.74, 36
2026/09/08 08:33:12.831, 0, Tesla V100-SXM2-32GB, 6, 3309, 32768, 66.74, 37
2026/09/08 08:33:14.881, 0, Tesla V100-SXM2-32GB, 6, 3309, 32768, 66.74, 36
2026/09/08 08:33:16.933, 0, Tesla V100-SXM2-32GB, 6, 3309, 32768, 66.78, 37
2026/09/08 08:33:19.024, 0, Tesla V100-SXM2-32GB, 8, 3309, 32768, 67.23, 37
2026/09/08 08:33:21.078, 0, Tesla V100-SXM2-32GB, 6, 3309, 32768, 66.74, 37
2026/09/08 08:33:23.131, 0, Tesla V100-SXM2-32GB, 75, 3309, 32768, 67.23, 38
2026/09/08 08:33:25.182, 0, Tesla V100-SXM2-32GB, 6, 3309, 32768, 66.74, 36
2026/09/08 08:33:27.251, 0, Tesla V100-SXM2-32GB, 6, 3309, 32768, 66.74, 37
2026/09/08 08:33:29.301, 0, Tesla V100-SXM2-32GB, 6, 3309, 32768, 66.74, 37
2026/09/08 08:33:31.392, 0, Tesla V100-SXM2-32GB, 6, 3309, 32768, 66.74, 37
2026/09/08 08:33:33.464, 0, Tesla V100-SXM2-32GB, 6, 3309, 32768, 66.74, 36
2026/09/08 08:33:35.538, 0, Tesla V100-SXM2-32GB, 6, 3309, 32768, 66.78, 37
2026/09/08 08:33:37.620, 0, Tesla V100-SXM2-32GB, 34, 3309, 32768, 177.30, 38
2026/09/08 08:33:39.707, 0, Tesla V100-SXM2-32GB, 6, 3309, 32768, 66.74, 37
2026/09/08 08:33:41.777, 0, Tesla V100-SXM2-32GB, 6, 3309, 32768, 66.74, 37
2026/09/08 08:33:43.843, 0, Tesla V100-SXM2-32GB, 6, 3309, 32768, 66.74, 37
2026/09/08 08:33:45.895, 0, Tesla V100-SXM2-32GB, 6, 3309, 32768, 66.74, 37
2026/09/08 08:33:47.964, 0, Tesla V100-SXM2-32GB, 55, 3309, 32768, 132.11, 38
2026/09/08 08:33:50.052, 0, Tesla V100-SXM2-32GB, 6, 3309, 32768, 66.74, 37
2026/09/08 08:33:52.124, 0, Tesla V100-SXM2-32GB, 82, 3309, 32768, 67.23, 38
2026/09/08 08:33:54.177, 0, Tesla V100-SXM2-32GB, 6, 3309, 32768, 66.74, 37
2026/09/08 08:33:56.248, 0, Tesla V100-SXM2-32GB, 54, 3309, 32768, 67.23, 38
2026/09/08 08:33:58.320, 0, Tesla V100-SXM2-32GB, 6, 3309, 32768, 66.74, 37
2026/09/08 08:34:00.412, 0, Tesla V100-SXM2-32GB, 69, 3309, 32768, 148.85, 39
2026/09/08 08:34:02.480, 0, Tesla V100-SXM2-32GB, 6, 3309, 32768, 66.74, 37
2026/09/08 08:34:04.552, 0, Tesla V100-SXM2-32GB, 82, 3309, 32768, 114.45, 40
2026/09/08 08:34:06.619, 0, Tesla V100-SXM2-32GB, 6, 3309, 32768, 66.74, 37
2026/09/08 08:34:08.670, 0, Tesla V100-SXM2-32GB, 6, 3309, 32768, 66.74, 37
2026/09/08 08:34:10.760, 0, Tesla V100-SXM2-32GB, 6, 3309, 32768, 66.78, 37
2026/09/08 08:34:12.829, 0, Tesla V100-SXM2-32GB, 6, 3309, 32768, 66.74, 37
2026/09/08 08:34:14.877, 0, Tesla V100-SXM2-32GB, 6, 3309, 32768, 55.92, 37
2026/09/08 08:34:16.930, 0, Tesla V100-SXM2-32GB, 6, 3309, 32768, 66.74, 37
2026/09/08 08:34:19.020, 0, Tesla V100-SXM2-32GB, 6, 3309, 32768, 67.23, 37
2026/09/08 08:34:21.087, 0, Tesla V100-SXM2-32GB, 6, 3309, 32768, 67.23, 37
2026/09/08 08:34:23.180, 0, Tesla V100-SXM2-32GB, 82, 3309, 32768, 168.93, 39
2026/09/08 08:34:25.229, 0, Tesla V100-SXM2-32GB, 6, 3309, 32768, 66.74, 37
2026/09/08 08:34:27.281, 0, Tesla V100-SXM2-32GB, 17, 3309, 32768, 66.74, 38
2026/09/08 08:34:29.370, 0, Tesla V100-SXM2-32GB, 6, 3309, 32768, 67.23, 37
2026/09/08 08:34:31.462, 0, Tesla V100-SXM2-32GB, 6, 3309, 32768, 66.74, 37
2026/09/08 08:34:33.496, 0, Tesla V100-SXM2-32GB, 6, 3309, 32768, 66.78, 37
2026/09/08 08:34:35.584, 0, Tesla V100-SXM2-32GB, 6, 3309, 32768, 66.74, 37
2026/09/08 08:34:37.672, 0, Tesla V100-SXM2-32GB, 6, 3309, 32768, 66.78, 37
2026/09/08 08:34:39.722, 0, Tesla V100-SXM2-32GB, 13, 3309, 32768, 67.23, 38
2026/09/08 08:34:41.807, 0, Tesla V100-SXM2-32GB, 100, 3309, 32768, 188.13, 41
2026/09/08 08:34:43.858, 0, Tesla V100-SXM2-32GB, 100, 3309, 32768, 198.33, 42
2026/09/08 08:34:45.948, 0, Tesla V100-SXM2-32GB, 67, 3309, 32768, 184.19, 42
2026/09/08 08:34:47.999, 0, Tesla V100-SXM2-32GB, 75, 3309, 32768, 178.29, 42
2026/09/08 08:34:50.088, 0, Tesla V100-SXM2-32GB, 79, 3309, 32768, 187.14, 43
2026/09/08 08:34:52.138, 0, Tesla V100-SXM2-32GB, 100, 3309, 32768, 175.33, 43
2026/09/08 08:34:54.187, 0, Tesla V100-SXM2-32GB, 100, 3309, 32768, 199.81, 44
2026/09/08 08:34:56.222, 0, Tesla V100-SXM2-32GB, 100, 3309, 32768, 191.45, 44
2026/09/08 08:34:58.322, 0, Tesla V100-SXM2-32GB, 81, 3309, 32768, 69.70, 43
2026/09/08 08:35:00.412, 0, Tesla V100-SXM2-32GB, 60, 3309, 32768, 69.70, 43
2026/09/08 08:35:02.481, 0, Tesla V100-SXM2-32GB, 42, 3309, 32768, 180.25, 43
2026/09/08 08:35:04.534, 0, Tesla V100-SXM2-32GB, 73, 3309, 32768, 195.88, 44
2026/09/08 08:35:06.590, 0, Tesla V100-SXM2-32GB, 92, 3309, 32768, 169.92, 45
2026/09/08 08:35:08.660, 0, Tesla V100-SXM2-32GB, 100, 3309, 32768, 179.76, 45
2026/09/08 08:35:10.731, 0, Tesla V100-SXM2-32GB, 100, 3309, 32768, 179.27, 46
2026/09/08 08:35:12.821, 0, Tesla V100-SXM2-32GB, 100, 3309, 32768, 77.10, 46
2026/09/08 08:35:14.913, 0, Tesla V100-SXM2-32GB, 100, 3309, 32768, 69.21, 44
2026/09/08 08:35:17.005, 0, Tesla V100-SXM2-32GB, 13, 3309, 32768, 162.15, 44
2026/09/08 08:35:19.072, 0, Tesla V100-SXM2-32GB, 15, 3309, 32768, 200.79, 46
2026/09/08 08:35:21.121, 0, Tesla V100-SXM2-32GB, 6, 3309, 32768, 69.21, 44
2026/09/08 08:35:23.192, 0, Tesla V100-SXM2-32GB, 6, 3309, 32768, 68.71, 42
2026/09/08 08:35:25.247, 0, Tesla V100-SXM2-32GB, 6, 3309, 32768, 57.40, 41
2026/09/08 08:35:27.317, 0, Tesla V100-SXM2-32GB, 6, 3309, 32768, 68.26, 42
2026/09/08 08:35:29.408, 0, Tesla V100-SXM2-32GB, 6, 3309, 32768, 68.76, 41
2026/09/08 08:35:31.458, 0, Tesla V100-SXM2-32GB, 6, 3309, 32768, 68.26, 41
2026/09/08 08:35:33.510, 0, Tesla V100-SXM2-32GB, 56, 3309, 32768, 73.15, 42
2026/09/08 08:35:35.580, 0, Tesla V100-SXM2-32GB, 6, 3309, 32768, 68.26, 41
2026/09/08 08:35:37.652, 0, Tesla V100-SXM2-32GB, 68, 3309, 32768, 146.39, 42
2026/09/08 08:35:39.745, 0, Tesla V100-SXM2-32GB, 6, 3309, 32768, 67.77, 40
2026/09/08 08:35:41.776, 0, Tesla V100-SXM2-32GB, 6, 3309, 32768, 67.77, 41
2026/09/08 08:35:43.865, 0, Tesla V100-SXM2-32GB, 6, 3309, 32768, 67.77, 40
2026/09/08 08:35:45.919, 0, Tesla V100-SXM2-32GB, 6, 3309, 32768, 68.26, 41
2026/09/08 08:35:48.008, 0, Tesla V100-SXM2-32GB, 6, 3309, 32768, 68.26, 40
2026/09/08 08:35:50.058, 0, Tesla V100-SXM2-32GB, 6, 3309, 32768, 67.77, 40
2026/09/08 08:35:52.106, 0, Tesla V100-SXM2-32GB, 6, 3309, 32768, 67.77, 40
2026/09/08 08:35:54.158, 0, Tesla V100-SXM2-32GB, 6, 3309, 32768, 67.77, 40
2026/09/08 08:35:56.248, 0, Tesla V100-SXM2-32GB, 19, 3309, 32768, 68.22, 40
2026/09/08 08:35:58.298, 0, Tesla V100-SXM2-32GB, 6, 3309, 32768, 67.77, 40
2026/09/08 08:36:00.388, 0, Tesla V100-SXM2-32GB, 82, 3309, 32768, 68.26, 41
2026/09/08 08:36:02.455, 0, Tesla V100-SXM2-32GB, 6, 3309, 32768, 68.26, 39
2026/09/08 08:36:04.506, 0, Tesla V100-SXM2-32GB, 6, 3309, 32768, 67.72, 40
2026/09/08 08:36:06.558, 0, Tesla V100-SXM2-32GB, 6, 3309, 32768, 67.77, 40
2026/09/08 08:36:08.610, 0, Tesla V100-SXM2-32GB, 6, 3309, 32768, 67.77, 39
2026/09/08 08:36:10.699, 0, Tesla V100-SXM2-32GB, 6, 3309, 32768, 67.28, 39
2026/09/08 08:36:12.768, 0, Tesla V100-SXM2-32GB, 6, 3309, 32768, 56.41, 39
2026/09/08 08:36:14.856, 0, Tesla V100-SXM2-32GB, 6, 3309, 32768, 67.77, 39
2026/09/08 08:36:16.905, 0, Tesla V100-SXM2-32GB, 6, 3309, 32768, 67.28, 39
2026/09/08 08:36:18.958, 0, Tesla V100-SXM2-32GB, 6, 3309, 32768, 67.77, 39
2026/09/08 08:36:21.010, 0, Tesla V100-SXM2-32GB, 16, 3309, 32768, 101.71, 41
2026/09/08 08:36:23.080, 0, Tesla V100-SXM2-32GB, 6, 3309, 32768, 67.77, 39
2026/09/08 08:36:25.165, 0, Tesla V100-SXM2-32GB, 82, 3309, 32768, 74.63, 41
2026/09/08 08:36:27.213, 0, Tesla V100-SXM2-32GB, 6, 3309, 32768, 67.77, 39
2026/09/08 08:36:29.284, 0, Tesla V100-SXM2-32GB, 6, 3309, 32768, 67.77, 39
2026/09/08 08:36:31.356, 0, Tesla V100-SXM2-32GB, 56, 3309, 32768, 68.22, 40
2026/09/08 08:36:33.410, 0, Tesla V100-SXM2-32GB, 6, 3309, 32768, 67.28, 39
2026/09/08 08:36:35.500, 0, Tesla V100-SXM2-32GB, 6, 3309, 32768, 67.28, 39
2026/09/08 08:36:37.569, 0, Tesla V100-SXM2-32GB, 6, 3309, 32768, 67.28, 39
2026/09/08 08:36:39.622, 0, Tesla V100-SXM2-32GB, 6, 3309, 32768, 67.77, 39
2026/09/08 08:36:41.693, 0, Tesla V100-SXM2-32GB, 6, 3309, 32768, 67.77, 39
2026/09/08 08:36:43.745, 0, Tesla V100-SXM2-32GB, 6, 3309, 32768, 67.28, 39
2026/09/08 08:36:45.836, 0, Tesla V100-SXM2-32GB, 6, 3309, 32768, 67.28, 39
2026/09/08 08:36:47.890, 0, Tesla V100-SXM2-32GB, 6, 3309, 32768, 67.77, 39
2026/09/08 08:36:49.941, 0, Tesla V100-SXM2-32GB, 6, 3309, 32768, 67.28, 39
2026/09/08 08:36:52.028, 0, Tesla V100-SXM2-32GB, 6, 3309, 32768, 107.13, 39
2026/09/08 08:36:54.117, 0, Tesla V100-SXM2-32GB, 6, 3309, 32768, 67.77, 39
2026/09/08 08:36:56.166, 0, Tesla V100-SXM2-32GB, 50, 3309, 32768, 173.97, 40
2026/09/08 08:36:58.255, 0, Tesla V100-SXM2-32GB, 6, 3309, 32768, 67.28, 39
2026/09/08 08:37:00.344, 0, Tesla V100-SXM2-32GB, 68, 3309, 32768, 82.53, 40
2026/09/08 08:37:02.378, 0, Tesla V100-SXM2-32GB, 6, 3309, 32768, 67.28, 38
2026/09/08 08:37:04.448, 0, Tesla V100-SXM2-32GB, 40, 3309, 32768, 67.77, 39
2026/09/08 08:37:06.483, 0, Tesla V100-SXM2-32GB, 6, 3309, 32768, 67.28, 38
2026/09/08 08:37:08.539, 0, Tesla V100-SXM2-32GB, 6, 3309, 32768, 67.28, 39
2026/09/08 08:37:10.636, 0, Tesla V100-SXM2-32GB, 6, 3309, 32768, 67.28, 38
2026/09/08 08:37:12.723, 0, Tesla V100-SXM2-32GB, 6, 3309, 32768, 67.28, 39
2026/09/08 08:37:14.773, 0, Tesla V100-SXM2-32GB, 6, 3309, 32768, 67.28, 38
2026/09/08 08:37:16.865, 0, Tesla V100-SXM2-32GB, 6, 3309, 32768, 67.28, 38
2026/09/08 08:37:18.936, 0, Tesla V100-SXM2-32GB, 8, 3309, 32768, 67.77, 38
2026/09/08 08:37:20.985, 0, Tesla V100-SXM2-32GB, 6, 3309, 32768, 67.28, 38
2026/09/08 08:37:23.059, 0, Tesla V100-SXM2-32GB, 61, 3309, 32768, 86.97, 40
2026/09/08 08:37:25.127, 0, Tesla V100-SXM2-32GB, 6, 3309, 32768, 67.28, 38
2026/09/08 08:37:27.196, 0, Tesla V100-SXM2-32GB, 6, 3309, 32768, 67.28, 39
2026/09/08 08:37:29.249, 0, Tesla V100-SXM2-32GB, 7, 3309, 32768, 67.28, 38
2026/09/08 08:37:31.340, 0, Tesla V100-SXM2-32GB, 33, 3309, 32768, 67.28, 39
2026/09/08 08:37:33.432, 0, Tesla V100-SXM2-32GB, 5, 3309, 32768, 67.28, 38
2026/09/08 08:37:35.520, 0, Tesla V100-SXM2-32GB, 6, 3309, 32768, 67.28, 38
2026/09/08 08:37:37.612, 0, Tesla V100-SXM2-32GB, 6, 3309, 32768, 66.78, 38
2026/09/08 08:37:39.684, 0, Tesla V100-SXM2-32GB, 6, 3309, 32768, 67.28, 38
2026/09/08 08:37:41.738, 0, Tesla V100-SXM2-32GB, 6, 3309, 32768, 68.26, 38
2026/09/08 08:37:43.790, 0, Tesla V100-SXM2-32GB, 4, 3309, 32768, 67.28, 38
2026/09/08 08:37:45.825, 0, Tesla V100-SXM2-32GB, 69, 3309, 32768, 125.79, 39
2026/09/08 08:37:47.878, 0, Tesla V100-SXM2-32GB, 6, 3309, 32768, 67.28, 38
2026/09/08 08:37:49.949, 0, Tesla V100-SXM2-32GB, 6, 3309, 32768, 66.78, 38
2026/09/08 08:37:52.020, 0, Tesla V100-SXM2-32GB, 6, 3309, 32768, 67.28, 38
2026/09/08 08:37:54.074, 0, Tesla V100-SXM2-32GB, 5, 3309, 32768, 66.78, 38
2026/09/08 08:37:56.164, 0, Tesla V100-SXM2-32GB, 54, 3309, 32768, 67.28, 39
2026/09/08 08:37:58.218, 0, Tesla V100-SXM2-32GB, 6, 3309, 32768, 67.28, 38
2026/09/08 08:38:00.308, 0, Tesla V100-SXM2-32GB, 21, 3309, 32768, 67.28, 38
2026/09/08 08:38:02.362, 0, Tesla V100-SXM2-32GB, 6, 3309, 32768, 67.28, 37
2026/09/08 08:38:04.413, 0, Tesla V100-SXM2-32GB, 6, 3309, 32768, 67.28, 38
2026/09/08 08:38:06.466, 0, Tesla V100-SXM2-32GB, 6, 3309, 32768, 66.78, 37
2026/09/08 08:38:08.518, 0, Tesla V100-SXM2-32GB, 6, 3309, 32768, 67.28, 38
2026/09/08 08:38:10.588, 0, Tesla V100-SXM2-32GB, 6, 3309, 32768, 67.28, 37
2026/09/08 08:38:12.656, 0, Tesla V100-SXM2-32GB, 6, 3309, 32768, 67.28, 37
2026/09/08 08:38:14.724, 0, Tesla V100-SXM2-32GB, 6, 3309, 32768, 66.78, 37
2026/09/08 08:38:16.812, 0, Tesla V100-SXM2-32GB, 6, 3309, 32768, 67.28, 37
2026/09/08 08:38:18.904, 0, Tesla V100-SXM2-32GB, 6, 3309, 32768, 66.78, 37
2026/09/08 08:38:20.993, 0, Tesla V100-SXM2-32GB, 6, 3309, 32768, 66.78, 37
2026/09/08 08:38:23.084, 0, Tesla V100-SXM2-32GB, 82, 3309, 32768, 203.25, 39
2026/09/08 08:38:25.134, 0, Tesla V100-SXM2-32GB, 6, 3309, 32768, 66.78, 37
2026/09/08 08:38:27.223, 0, Tesla V100-SXM2-32GB, 6, 3309, 32768, 67.28, 38
2026/09/08 08:38:29.274, 0, Tesla V100-SXM2-32GB, 6, 3309, 32768, 66.78, 37
2026/09/08 08:38:31.345, 0, Tesla V100-SXM2-32GB, 6, 3309, 32768, 66.78, 37
2026/09/08 08:38:33.398, 0, Tesla V100-SXM2-32GB, 6, 3309, 32768, 66.78, 37
2026/09/08 08:38:35.487, 0, Tesla V100-SXM2-32GB, 6, 3309, 32768, 67.28, 37
2026/09/08 08:38:37.576, 0, Tesla V100-SXM2-32GB, 6, 3309, 32768, 66.78, 37
2026/09/08 08:38:39.644, 0, Tesla V100-SXM2-32GB, 6, 3309, 32768, 66.78, 37
2026/09/08 08:38:41.712, 0, Tesla V100-SXM2-32GB, 55, 3309, 32768, 175.82, 39
2026/09/08 08:38:43.780, 0, Tesla V100-SXM2-32GB, 6, 3309, 32768, 66.78, 37
2026/09/08 08:38:45.833, 0, Tesla V100-SXM2-32GB, 61, 3309, 32768, 119.38, 39
2026/09/08 08:38:47.867, 0, Tesla V100-SXM2-32GB, 6, 3309, 32768, 66.78, 37
2026/09/08 08:38:49.936, 0, Tesla V100-SXM2-32GB, 56, 3309, 32768, 66.78, 38
2026/09/08 08:38:52.008, 0, Tesla V100-SXM2-32GB, 6, 3309, 32768, 66.78, 37
2026/09/08 08:38:54.099, 0, Tesla V100-SXM2-32GB, 6, 3309, 32768, 160.57, 38
2026/09/08 08:38:56.167, 0, Tesla V100-SXM2-32GB, 60, 3309, 32768, 197.35, 39
2026/09/08 08:38:58.256, 0, Tesla V100-SXM2-32GB, 72, 3309, 32768, 189.48, 41
2026/09/08 08:39:00.344, 0, Tesla V100-SXM2-32GB, 100, 3309, 32768, 172.38, 41
2026/09/08 08:39:02.394, 0, Tesla V100-SXM2-32GB, 100, 3309, 32768, 185.18, 42
2026/09/08 08:39:04.461, 0, Tesla V100-SXM2-32GB, 100, 3309, 32768, 186.16, 42
2026/09/08 08:39:06.509, 0, Tesla V100-SXM2-32GB, 100, 3309, 32768, 173.36, 43
2026/09/08 08:39:08.579, 0, Tesla V100-SXM2-32GB, 99, 3309, 32768, 70.19, 42
2026/09/08 08:39:10.653, 0, Tesla V100-SXM2-32GB, 100, 3309, 32768, 68.26, 42
2026/09/08 08:39:12.706, 0, Tesla V100-SXM2-32GB, 90, 3309, 32768, 69.21, 42
2026/09/08 08:39:14.772, 0, Tesla V100-SXM2-32GB, 18, 3309, 32768, 200.30, 42
2026/09/08 08:39:16.841, 0, Tesla V100-SXM2-32GB, 36, 3309, 32768, 200.79, 44
2026/09/08 08:39:18.932, 0, Tesla V100-SXM2-32GB, 100, 3309, 32768, 190.96, 44
2026/09/08 08:39:20.986, 0, Tesla V100-SXM2-32GB, 100, 3309, 32768, 190.59, 44
2026/09/08 08:39:23.077, 0, Tesla V100-SXM2-32GB, 100, 3309, 32768, 73.65, 43
2026/09/08 08:39:25.152, 0, Tesla V100-SXM2-32GB, 75, 3309, 32768, 68.71, 43
2026/09/08 08:39:27.240, 0, Tesla V100-SXM2-32GB, 56, 3309, 32768, 83.46, 42
2026/09/08 08:39:29.291, 0, Tesla V100-SXM2-32GB, 51, 3309, 32768, 187.51, 44
2026/09/08 08:39:31.360, 0, Tesla V100-SXM2-32GB, 59, 3309, 32768, 182.22, 45
2026/09/08 08:39:33.394, 0, Tesla V100-SXM2-32GB, 91, 3309, 32768, 182.10, 45
2026/09/08 08:39:35.469, 0, Tesla V100-SXM2-32GB, 100, 3309, 32768, 196.37, 45
2026/09/08 08:39:37.541, 0, Tesla V100-SXM2-32GB, 6, 3309, 32768, 68.26, 41
2026/09/08 08:39:39.597, 0, Tesla V100-SXM2-32GB, 6, 3309, 32768, 56.91, 40
2026/09/08 08:39:41.668, 0, Tesla V100-SXM2-32GB, 6, 3309, 32768, 67.72, 40
2026/09/08 08:39:43.722, 0, Tesla V100-SXM2-32GB, 6, 3309, 32768, 67.72, 40
2026/09/08 08:39:45.774, 0, Tesla V100-SXM2-32GB, 5, 3309, 32768, 67.77, 40
2026/09/08 08:39:47.810, 0, Tesla V100-SXM2-32GB, 6, 3309, 32768, 68.26, 40
2026/09/08 08:39:49.880, 0, Tesla V100-SXM2-32GB, 6, 3309, 32768, 67.72, 40
2026/09/08 08:39:51.952, 0, Tesla V100-SXM2-32GB, 6, 3309, 32768, 67.77, 39
2026/09/08 08:39:54.006, 0, Tesla V100-SXM2-32GB, 6, 3309, 32768, 67.23, 39
2026/09/08 08:39:56.058, 0, Tesla V100-SXM2-32GB, 6, 3309, 32768, 153.28, 40
2026/09/08 08:39:58.110, 0, Tesla V100-SXM2-32GB, 6, 3309, 32768, 67.77, 39
2026/09/08 08:40:00.180, 0, Tesla V100-SXM2-32GB, 55, 3309, 32768, 143.04, 39
2026/09/08 08:40:02.252, 0, Tesla V100-SXM2-32GB, 6, 3309, 32768, 67.72, 39
2026/09/08 08:40:04.344, 0, Tesla V100-SXM2-32GB, 31, 3309, 32768, 67.72, 40
2026/09/08 08:40:06.437, 0, Tesla V100-SXM2-32GB, 6, 3309, 32768, 67.28, 38
2026/09/08 08:40:08.485, 0, Tesla V100-SXM2-32GB, 6, 3309, 32768, 67.23, 39
2026/09/08 08:40:10.571, 0, Tesla V100-SXM2-32GB, 6, 3309, 32768, 67.28, 38
2026/09/08 08:40:12.659, 0, Tesla V100-SXM2-32GB, 6, 3309, 32768, 67.28, 38
2026/09/08 08:40:14.748, 0, Tesla V100-SXM2-32GB, 6, 3309, 32768, 67.77, 38
2026/09/08 08:40:16.834, 0, Tesla V100-SXM2-32GB, 6, 3309, 32768, 67.28, 38
2026/09/08 08:40:18.867, 0, Tesla V100-SXM2-32GB, 82, 3309, 32768, 172.38, 40
2026/09/08 08:40:20.956, 0, Tesla V100-SXM2-32GB, 6, 3309, 32768, 67.23, 38
2026/09/08 08:40:23.049, 0, Tesla V100-SXM2-32GB, 6, 3309, 32768, 56.41, 38
2026/09/08 08:40:25.102, 0, Tesla V100-SXM2-32GB, 6, 3309, 32768, 66.78, 38
2026/09/08 08:40:27.151, 0, Tesla V100-SXM2-32GB, 4, 3309, 32768, 66.78, 38
2026/09/08 08:40:29.220, 0, Tesla V100-SXM2-32GB, 6, 3309, 32768, 67.23, 38
2026/09/08 08:40:31.270, 0, Tesla V100-SXM2-32GB, 6, 3309, 32768, 66.78, 37
2026/09/08 08:40:33.340, 0, Tesla V100-SXM2-32GB, 6, 3309, 32768, 67.23, 38
2026/09/08 08:40:35.394, 0, Tesla V100-SXM2-32GB, 6, 3309, 32768, 136.05, 37
2026/09/08 08:40:37.446, 0, Tesla V100-SXM2-32GB, 5, 3309, 32768, 67.23, 37
2026/09/08 08:40:39.498, 0, Tesla V100-SXM2-32GB, 58, 3309, 32768, 139.99, 39
2026/09/08 08:40:41.553, 0, Tesla V100-SXM2-32GB, 6, 3309, 32768, 67.28, 38
2026/09/08 08:40:43.606, 0, Tesla V100-SXM2-32GB, 6, 3309, 32768, 66.74, 37
2026/09/08 08:40:45.676, 0, Tesla V100-SXM2-32GB, 55, 3309, 32768, 124.31, 38
2026/09/08 08:40:47.730, 0, Tesla V100-SXM2-32GB, 5, 3309, 32768, 66.74, 37
2026/09/08 08:40:49.820, 0, Tesla V100-SXM2-32GB, 46, 3309, 32768, 68.22, 38
2026/09/08 08:40:51.875, 0, Tesla V100-SXM2-32GB, 6, 3309, 32768, 66.78, 38
2026/09/08 08:40:53.964, 0, Tesla V100-SXM2-32GB, 6, 3309, 32768, 66.74, 37
2026/09/08 08:40:56.032, 0, Tesla V100-SXM2-32GB, 6, 3309, 32768, 66.74, 37
2026/09/08 08:40:58.081, 0, Tesla V100-SXM2-32GB, 4, 3309, 32768, 66.74, 37
2026/09/08 08:41:00.131, 0, Tesla V100-SXM2-32GB, 6, 3309, 32768, 66.78, 37
2026/09/08 08:41:02.183, 0, Tesla V100-SXM2-32GB, 6, 3309, 32768, 66.74, 37
2026/09/08 08:41:04.253, 0, Tesla V100-SXM2-32GB, 6, 3309, 32768, 66.74, 37
2026/09/08 08:41:06.324, 0, Tesla V100-SXM2-32GB, 8, 3309, 32768, 120.78, 37
2026/09/08 08:41:08.391, 0, Tesla V100-SXM2-32GB, 6, 3309, 32768, 66.74, 37
2026/09/08 08:41:10.440, 0, Tesla V100-SXM2-32GB, 58, 3309, 32768, 63.33, 38
2026/09/08 08:41:12.512, 0, Tesla V100-SXM2-32GB, 6, 3309, 32768, 66.74, 37
2026/09/08 08:41:14.600, 0, Tesla V100-SXM2-32GB, 69, 3309, 32768, 66.74, 37
2026/09/08 08:41:16.649, 0, Tesla V100-SXM2-32GB, 6, 3309, 32768, 66.74, 37
2026/09/08 08:41:18.702, 0, Tesla V100-SXM2-32GB, 55, 3309, 32768, 131.70, 38
2026/09/08 08:41:20.754, 0, Tesla V100-SXM2-32GB, 6, 3309, 32768, 66.74, 37
2026/09/08 08:41:22.824, 0, Tesla V100-SXM2-32GB, 6, 3309, 32768, 66.74, 37
2026/09/08 08:41:24.874, 0, Tesla V100-SXM2-32GB, 6, 3309, 32768, 66.74, 37
2026/09/08 08:41:26.944, 0, Tesla V100-SXM2-32GB, 6, 3309, 32768, 66.74, 37
2026/09/08 08:41:28.993, 0, Tesla V100-SXM2-32GB, 6, 3309, 32768, 66.78, 37
2026/09/08 08:41:31.042, 0, Tesla V100-SXM2-32GB, 6, 3309, 32768, 66.74, 37
2026/09/08 08:41:33.132, 0, Tesla V100-SXM2-32GB, 6, 3309, 32768, 66.74, 37
2026/09/08 08:41:35.220, 0, Tesla V100-SXM2-32GB, 6, 3309, 32768, 66.78, 37
2026/09/08 08:41:37.270, 0, Tesla V100-SXM2-32GB, 6, 3309, 32768, 66.74, 37
2026/09/08 08:41:39.360, 0, Tesla V100-SXM2-32GB, 6, 3309, 32768, 66.78, 37
2026/09/08 08:41:41.428, 0, Tesla V100-SXM2-32GB, 71, 3309, 32768, 131.12, 38
2026/09/08 08:41:43.478, 0, Tesla V100-SXM2-32GB, 6, 3309, 32768, 66.74, 37
2026/09/08 08:41:45.555, 0, Tesla V100-SXM2-32GB, 77, 3309, 32768, 77.59, 38
2026/09/08 08:41:47.624, 0, Tesla V100-SXM2-32GB, 6, 3309, 32768, 66.74, 37
2026/09/08 08:41:49.695, 0, Tesla V100-SXM2-32GB, 37, 3309, 32768, 141.46, 38
2026/09/08 08:41:51.746, 0, Tesla V100-SXM2-32GB, 6, 3309, 32768, 66.74, 36
2026/09/08 08:41:53.816, 0, Tesla V100-SXM2-32GB, 6, 3309, 32768, 66.74, 37
2026/09/08 08:41:55.870, 0, Tesla V100-SXM2-32GB, 6, 3309, 32768, 66.78, 36
2026/09/08 08:41:57.940, 0, Tesla V100-SXM2-32GB, 5, 3309, 32768, 66.74, 37
2026/09/08 08:41:59.972, 0, Tesla V100-SXM2-32GB, 6, 3309, 32768, 66.24, 36
2026/09/08 08:42:02.026, 0, Tesla V100-SXM2-32GB, 6, 3309, 32768, 66.74, 37
2026/09/08 08:42:04.097, 0, Tesla V100-SXM2-32GB, 6, 3309, 32768, 66.74, 37
2026/09/08 08:42:06.146, 0, Tesla V100-SXM2-32GB, 6, 3309, 32768, 66.74, 36
2026/09/08 08:42:08.216, 0, Tesla V100-SXM2-32GB, 12, 3309, 32768, 66.74, 37
2026/09/08 08:42:10.304, 0, Tesla V100-SXM2-32GB, 6, 3309, 32768, 66.74, 37
2026/09/08 08:42:12.357, 0, Tesla V100-SXM2-32GB, 6, 3309, 32768, 66.74, 37
2026/09/08 08:42:14.423, 0, Tesla V100-SXM2-32GB, 6, 3309, 32768, 66.74, 36
2026/09/08 08:42:16.497, 0, Tesla V100-SXM2-32GB, 6, 3309, 32768, 66.78, 37
2026/09/08 08:42:18.588, 0, Tesla V100-SXM2-32GB, 84, 3309, 32768, 67.72, 37
2026/09/08 08:42:20.655, 0, Tesla V100-SXM2-32GB, 6, 3309, 32768, 66.74, 37
2026/09/08 08:42:22.705, 0, Tesla V100-SXM2-32GB, 59, 3309, 32768, 73.65, 38
2026/09/08 08:42:24.776, 0, Tesla V100-SXM2-32GB, 6, 3309, 32768, 66.74, 36
2026/09/08 08:42:26.845, 0, Tesla V100-SXM2-32GB, 6, 3309, 32768, 66.74, 37
2026/09/08 08:42:28.937, 0, Tesla V100-SXM2-32GB, 6, 3309, 32768, 66.24, 36
2026/09/08 08:42:31.027, 0, Tesla V100-SXM2-32GB, 75, 3309, 32768, 67.72, 37
2026/09/08 08:42:33.077, 0, Tesla V100-SXM2-32GB, 6, 3309, 32768, 66.74, 36
2026/09/08 08:42:35.132, 0, Tesla V100-SXM2-32GB, 46, 3309, 32768, 67.72, 37
2026/09/08 08:42:37.202, 0, Tesla V100-SXM2-32GB, 6, 3309, 32768, 66.24, 36
2026/09/08 08:42:39.272, 0, Tesla V100-SXM2-32GB, 6, 3309, 32768, 66.24, 37
2026/09/08 08:42:41.344, 0, Tesla V100-SXM2-32GB, 6, 3309, 32768, 56.91, 36
2026/09/08 08:42:43.414, 0, Tesla V100-SXM2-32GB, 6, 3309, 32768, 66.74, 36
2026/09/08 08:42:45.483, 0, Tesla V100-SXM2-32GB, 6, 3309, 32768, 66.74, 36
2026/09/08 08:42:47.572, 0, Tesla V100-SXM2-32GB, 6, 3309, 32768, 66.24, 36
2026/09/08 08:42:49.622, 0, Tesla V100-SXM2-32GB, 8, 3309, 32768, 92.83, 36
2026/09/08 08:42:51.712, 0, Tesla V100-SXM2-32GB, 5, 3309, 32768, 66.74, 36
2026/09/08 08:42:53.804, 0, Tesla V100-SXM2-32GB, 78, 3309, 32768, 67.23, 37
2026/09/08 08:42:55.858, 0, Tesla V100-SXM2-32GB, 6, 3309, 32768, 66.74, 36
2026/09/08 08:42:57.894, 0, Tesla V100-SXM2-32GB, 62, 3309, 32768, 153.18, 38
2026/09/08 08:42:59.926, 0, Tesla V100-SXM2-32GB, 6, 3309, 32768, 66.24, 36
2026/09/08 08:43:01.978, 0, Tesla V100-SXM2-32GB, 48, 3309, 32768, 66.74, 37
2026/09/08 08:43:04.029, 0, Tesla V100-SXM2-32GB, 6, 3309, 32768, 66.78, 36
2026/09/08 08:43:06.082, 0, Tesla V100-SXM2-32GB, 6, 3309, 32768, 66.74, 37
2026/09/08 08:43:08.175, 0, Tesla V100-SXM2-32GB, 6, 3309, 32768, 66.74, 36
2026/09/08 08:43:10.264, 0, Tesla V100-SXM2-32GB, 63, 3309, 32768, 70.68, 37
2026/09/08 08:43:12.313, 0, Tesla V100-SXM2-32GB, 100, 3309, 32768, 177.79, 39
2026/09/08 08:43:14.400, 0, Tesla V100-SXM2-32GB, 100, 3309, 32768, 182.22, 41
2026/09/08 08:43:16.468, 0, Tesla V100-SXM2-32GB, 100, 3309, 32768, 185.05, 41
2026/09/08 08:43:18.501, 0, Tesla V100-SXM2-32GB, 100, 3309, 32768, 174.35, 42
2026/09/08 08:43:20.572, 0, Tesla V100-SXM2-32GB, 100, 3309, 32768, 71.18, 41
2026/09/08 08:43:22.665, 0, Tesla V100-SXM2-32GB, 32, 3309, 32768, 68.22, 40
2026/09/08 08:43:24.737, 0, Tesla V100-SXM2-32GB, 26, 3309, 32768, 110.09, 40
2026/09/08 08:43:26.790, 0, Tesla V100-SXM2-32GB, 13, 3309, 32768, 185.05, 42
2026/09/08 08:43:28.843, 0, Tesla V100-SXM2-32GB, 86, 3309, 32768, 191.45, 43
2026/09/08 08:43:30.895, 0, Tesla V100-SXM2-32GB, 100, 3309, 32768, 188.13, 43
2026/09/08 08:43:32.963, 0, Tesla V100-SXM2-32GB, 100, 3309, 32768, 187.14, 44
2026/09/08 08:43:35.052, 0, Tesla V100-SXM2-32GB, 100, 3309, 32768, 192.43, 44
2026/09/08 08:43:37.125, 0, Tesla V100-SXM2-32GB, 100, 3309, 32768, 68.71, 43
2026/09/08 08:43:39.182, 0, Tesla V100-SXM2-32GB, 90, 3309, 32768, 69.21, 42
2026/09/08 08:43:41.266, 0, Tesla V100-SXM2-32GB, 17, 3309, 32768, 188.01, 43
2026/09/08 08:43:43.336, 0, Tesla V100-SXM2-32GB, 22, 3309, 32768, 178.29, 44
2026/09/08 08:43:45.408, 0, Tesla V100-SXM2-32GB, 100, 3309, 32768, 194.40, 45
2026/09/08 08:43:47.476, 0, Tesla V100-SXM2-32GB, 100, 3309, 32768, 199.32, 45
2026/09/08 08:43:49.550, 0, Tesla V100-SXM2-32GB, 100, 3309, 32768, 172.87, 45
2026/09/08 08:43:51.607, 0, Tesla V100-SXM2-32GB, 70, 3309, 32768, 69.21, 44
2026/09/08 08:43:53.676, 0, Tesla V100-SXM2-32GB, 6, 3309, 32768, 67.72, 41
2026/09/08 08:43:55.730, 0, Tesla V100-SXM2-32GB, 6, 3309, 32768, 56.41, 40
2026/09/08 08:43:57.820, 0, Tesla V100-SXM2-32GB, 6, 3309, 32768, 67.72, 40
2026/09/08 08:43:59.854, 0, Tesla V100-SXM2-32GB, 6, 3309, 32768, 67.72, 40
2026/09/08 08:44:01.920, 0, Tesla V100-SXM2-32GB, 5, 3309, 32768, 67.72, 40
2026/09/08 08:44:03.974, 0, Tesla V100-SXM2-32GB, 6, 3309, 32768, 67.23, 39
2026/09/08 08:44:06.044, 0, Tesla V100-SXM2-32GB, 6, 3309, 32768, 67.72, 39
2026/09/08 08:44:08.116, 0, Tesla V100-SXM2-32GB, 87, 3309, 32768, 89.38, 40
2026/09/08 08:44:10.208, 0, Tesla V100-SXM2-32GB, 6, 3309, 32768, 67.28, 39
2026/09/08 08:44:12.261, 0, Tesla V100-SXM2-32GB, 6, 3309, 32768, 67.72, 39
2026/09/08 08:44:14.314, 0, Tesla V100-SXM2-32GB, 6, 3309, 32768, 67.23, 39
2026/09/08 08:44:16.368, 0, Tesla V100-SXM2-32GB, 16, 3309, 32768, 67.23, 39
2026/09/08 08:44:18.464, 0, Tesla V100-SXM2-32GB, 6, 3309, 32768, 67.23, 38
2026/09/08 08:44:20.555, 0, Tesla V100-SXM2-32GB, 5, 3309, 32768, 67.23, 38
2026/09/08 08:44:22.606, 0, Tesla V100-SXM2-32GB, 6, 3309, 32768, 67.23, 38
2026/09/08 08:44:24.658, 0, Tesla V100-SXM2-32GB, 5, 3309, 32768, 67.23, 38
2026/09/08 08:44:26.748, 0, Tesla V100-SXM2-32GB, 6, 3309, 32768, 66.74, 38
2026/09/08 08:44:28.840, 0, Tesla V100-SXM2-32GB, 6, 3309, 32768, 67.23, 38
2026/09/08 08:44:30.889, 0, Tesla V100-SXM2-32GB, 54, 3309, 32768, 67.23, 39
2026/09/08 08:44:32.942, 0, Tesla V100-SXM2-32GB, 6, 3309, 32768, 66.74, 38
2026/09/08 08:44:35.012, 0, Tesla V100-SXM2-32GB, 6, 3309, 32768, 67.23, 38
2026/09/08 08:44:37.062, 0, Tesla V100-SXM2-32GB, 6, 3309, 32768, 66.74, 38
2026/09/08 08:44:39.095, 0, Tesla V100-SXM2-32GB, 48, 3309, 32768, 67.23, 38
2026/09/08 08:44:41.185, 0, Tesla V100-SXM2-32GB, 6, 3309, 32768, 67.23, 38
2026/09/08 08:44:43.276, 0, Tesla V100-SXM2-32GB, 54, 3309, 32768, 67.23, 38
2026/09/08 08:44:45.348, 0, Tesla V100-SXM2-32GB, 5, 3309, 32768, 67.23, 37
2026/09/08 08:44:47.403, 0, Tesla V100-SXM2-32GB, 6, 3309, 32768, 66.74, 37
2026/09/08 08:44:49.455, 0, Tesla V100-SXM2-32GB, 6, 3309, 32768, 66.74, 37
2026/09/08 08:44:51.553, 0, Tesla V100-SXM2-32GB, 58, 3309, 32768, 79.57, 39
2026/09/08 08:44:53.584, 0, Tesla V100-SXM2-32GB, 6, 3309, 32768, 67.23, 37
2026/09/08 08:44:55.657, 0, Tesla V100-SXM2-32GB, 57, 3309, 32768, 67.23, 38
2026/09/08 08:44:57.729, 0, Tesla V100-SXM2-32GB, 55, 3309, 32768, 67.23, 38
2026/09/08 08:44:59.797, 0, Tesla V100-SXM2-32GB, 6, 3309, 32768, 66.74, 37
2026/09/08 08:45:01.850, 0, Tesla V100-SXM2-32GB, 58, 3309, 32768, 98.25, 39
2026/09/08 08:45:03.901, 0, Tesla V100-SXM2-32GB, 6, 3309, 32768, 66.74, 37
2026/09/08 08:45:05.972, 0, Tesla V100-SXM2-32GB, 6, 3309, 32768, 67.23, 38
2026/09/08 08:45:08.044, 0, Tesla V100-SXM2-32GB, 48, 3309, 32768, 67.23, 38
2026/09/08 08:45:10.116, 0, Tesla V100-SXM2-32GB, 6, 3309, 32768, 66.74, 37
2026/09/08 08:45:12.204, 0, Tesla V100-SXM2-32GB, 43, 3309, 32768, 185.55, 39
2026/09/08 08:45:14.272, 0, Tesla V100-SXM2-32GB, 6, 3309, 32768, 66.74, 37
2026/09/08 08:45:16.322, 0, Tesla V100-SXM2-32GB, 6, 3309, 32768, 67.23, 37
2026/09/08 08:45:18.374, 0, Tesla V100-SXM2-32GB, 6, 3309, 32768, 67.23, 37
2026/09/08 08:45:20.444, 0, Tesla V100-SXM2-32GB, 19, 3309, 32768, 67.23, 38
2026/09/08 08:45:22.494, 0, Tesla V100-SXM2-32GB, 6, 3309, 32768, 66.74, 37
2026/09/08 08:45:24.551, 0, Tesla V100-SXM2-32GB, 6, 3309, 32768, 67.23, 37
2026/09/08 08:45:26.620, 0, Tesla V100-SXM2-32GB, 41, 3309, 32768, 87.90, 39
2026/09/08 08:45:28.670, 0, Tesla V100-SXM2-32GB, 6, 3309, 32768, 66.74, 37
2026/09/08 08:45:30.740, 0, Tesla V100-SXM2-32GB, 7, 3309, 32768, 98.25, 38
2026/09/08 08:45:32.794, 0, Tesla V100-SXM2-32GB, 6, 3309, 32768, 66.74, 37
2026/09/08 08:45:34.884, 0, Tesla V100-SXM2-32GB, 77, 3309, 32768, 159.09, 39
2026/09/08 08:45:36.956, 0, Tesla V100-SXM2-32GB, 6, 3309, 32768, 66.74, 37
2026/09/08 08:45:39.048, 0, Tesla V100-SXM2-32GB, 6, 3309, 32768, 67.23, 38
2026/09/08 08:45:41.140, 0, Tesla V100-SXM2-32GB, 6, 3309, 32768, 67.23, 37
2026/09/08 08:45:43.212, 0, Tesla V100-SXM2-32GB, 6, 3309, 32768, 67.23, 38
2026/09/08 08:45:45.283, 0, Tesla V100-SXM2-32GB, 6, 3309, 32768, 66.74, 37
2026/09/08 08:45:47.372, 0, Tesla V100-SXM2-32GB, 6, 3309, 32768, 66.74, 37
2026/09/08 08:45:49.440, 0, Tesla V100-SXM2-32GB, 6, 3309, 32768, 66.74, 37
2026/09/08 08:45:51.494, 0, Tesla V100-SXM2-32GB, 6, 3309, 32768, 66.74, 38
2026/09/08 08:45:53.585, 0, Tesla V100-SXM2-32GB, 6, 3309, 32768, 66.74, 37
2026/09/08 08:45:55.675, 0, Tesla V100-SXM2-32GB, 6, 3309, 32768, 66.74, 37
2026/09/08 08:45:57.726, 0, Tesla V100-SXM2-32GB, 6, 3309, 32768, 66.74, 37
2026/09/08 08:45:59.779, 0, Tesla V100-SXM2-32GB, 6, 3309, 32768, 66.74, 37
2026/09/08 08:46:01.868, 0, Tesla V100-SXM2-32GB, 6, 3309, 32768, 66.74, 37
2026/09/08 08:46:03.956, 0, Tesla V100-SXM2-32GB, 6, 3309, 32768, 66.74, 37
2026/09/08 08:46:06.048, 0, Tesla V100-SXM2-32GB, 6, 3309, 32768, 161.06, 39
2026/09/08 08:46:08.116, 0, Tesla V100-SXM2-32GB, 5, 3309, 32768, 67.23, 37
2026/09/08 08:46:10.151, 0, Tesla V100-SXM2-32GB, 5, 3309, 32768, 67.23, 38
2026/09/08 08:46:12.240, 0, Tesla V100-SXM2-32GB, 6, 3309, 32768, 66.74, 37
2026/09/08 08:46:14.332, 0, Tesla V100-SXM2-32GB, 6, 3309, 32768, 66.74, 38
2026/09/08 08:46:16.424, 0, Tesla V100-SXM2-32GB, 6, 3309, 32768, 66.74, 37
2026/09/08 08:46:18.496, 0, Tesla V100-SXM2-32GB, 6, 3309, 32768, 66.74, 37
2026/09/08 08:46:20.554, 0, Tesla V100-SXM2-32GB, 6, 3309, 32768, 123.32, 37
2026/09/08 08:46:22.644, 0, Tesla V100-SXM2-32GB, 6, 3309, 32768, 66.78, 37
2026/09/08 08:46:24.712, 0, Tesla V100-SXM2-32GB, 54, 3309, 32768, 87.96, 38
2026/09/08 08:46:26.747, 0, Tesla V100-SXM2-32GB, 6, 3309, 32768, 67.23, 38
2026/09/08 08:46:28.836, 0, Tesla V100-SXM2-32GB, 6, 3309, 32768, 66.74, 38
2026/09/08 08:46:30.928, 0, Tesla V100-SXM2-32GB, 6, 3309, 32768, 66.78, 37
2026/09/08 08:46:33.015, 0, Tesla V100-SXM2-32GB, 4, 3309, 32768, 66.74, 38
2026/09/08 08:46:35.104, 0, Tesla V100-SXM2-32GB, 81, 3309, 32768, 85.43, 39
2026/09/08 08:46:37.176, 0, Tesla V100-SXM2-32GB, 6, 3309, 32768, 67.23, 38
2026/09/08 08:46:39.244, 0, Tesla V100-SXM2-32GB, 50, 3309, 32768, 176.92, 39
2026/09/08 08:46:41.332, 0, Tesla V100-SXM2-32GB, 6, 3309, 32768, 66.74, 37
2026/09/08 08:46:43.421, 0, Tesla V100-SXM2-32GB, 5, 3309, 32768, 66.74, 38
2026/09/08 08:46:45.475, 0, Tesla V100-SXM2-32GB, 5, 3309, 32768, 67.23, 38
2026/09/08 08:46:47.549, 0, Tesla V100-SXM2-32GB, 54, 3309, 32768, 203.74, 39
2026/09/08 08:46:49.621, 0, Tesla V100-SXM2-32GB, 4, 3309, 32768, 66.74, 37
2026/09/08 08:46:51.674, 0, Tesla V100-SXM2-32GB, 6, 3309, 32768, 66.74, 38
2026/09/08 08:46:53.728, 0, Tesla V100-SXM2-32GB, 4, 3309, 32768, 66.74, 37
2026/09/08 08:46:55.796, 0, Tesla V100-SXM2-32GB, 5, 3309, 32768, 66.74, 38
2026/09/08 08:46:57.884, 0, Tesla V100-SXM2-32GB, 6, 3309, 32768, 66.74, 37
2026/09/08 08:46:59.939, 0, Tesla V100-SXM2-32GB, 6, 3309, 32768, 66.78, 38
2026/09/08 08:47:02.009, 0, Tesla V100-SXM2-32GB, 6, 3309, 32768, 55.92, 37
2026/09/08 08:47:04.080, 0, Tesla V100-SXM2-32GB, 6, 3309, 32768, 66.78, 37
2026/09/08 08:47:06.171, 0, Tesla V100-SXM2-32GB, 6, 3309, 32768, 68.71, 38
2026/09/08 08:47:08.224, 0, Tesla V100-SXM2-32GB, 6, 3309, 32768, 67.23, 37
2026/09/08 08:47:10.312, 0, Tesla V100-SXM2-32GB, 26, 3309, 32768, 67.23, 38
2026/09/08 08:47:12.384, 0, Tesla V100-SXM2-32GB, 6, 3309, 32768, 67.23, 37
2026/09/08 08:47:14.438, 0, Tesla V100-SXM2-32GB, 6, 3309, 32768, 67.23, 38
2026/09/08 08:47:16.511, 0, Tesla V100-SXM2-32GB, 6, 3309, 32768, 67.28, 38
2026/09/08 08:47:18.599, 0, Tesla V100-SXM2-32GB, 6, 3309, 32768, 66.78, 38
2026/09/08 08:47:20.672, 0, Tesla V100-SXM2-32GB, 6, 3309, 32768, 66.78, 37
2026/09/08 08:47:22.707, 0, Tesla V100-SXM2-32GB, 6, 3309, 32768, 66.78, 38
2026/09/08 08:47:24.796, 0, Tesla V100-SXM2-32GB, 6, 3309, 32768, 66.78, 37
2026/09/08 08:47:26.863, 0, Tesla V100-SXM2-32GB, 5, 3309, 32768, 67.23, 38
2026/09/08 08:47:28.914, 0, Tesla V100-SXM2-32GB, 78, 3309, 32768, 205.22, 41
2026/09/08 08:47:31.004, 0, Tesla V100-SXM2-32GB, 50, 3309, 32768, 192.92, 42
2026/09/08 08:47:33.054, 0, Tesla V100-SXM2-32GB, 100, 3309, 32768, 193.42, 43
2026/09/08 08:47:35.105, 0, Tesla V100-SXM2-32GB, 100, 3309, 32768, 173.86, 43
2026/09/08 08:47:37.192, 0, Tesla V100-SXM2-32GB, 100, 3309, 32768, 199.32, 44
2026/09/08 08:47:39.284, 0, Tesla V100-SXM2-32GB, 100, 3309, 32768, 209.65, 44
2026/09/08 08:47:41.357, 0, Tesla V100-SXM2-32GB, 100, 3309, 32768, 70.68, 43
2026/09/08 08:47:43.448, 0, Tesla V100-SXM2-32GB, 52, 3309, 32768, 68.71, 43
2026/09/08 08:47:45.498, 0, Tesla V100-SXM2-32GB, 52, 3309, 32768, 69.70, 42
2026/09/08 08:47:47.588, 0, Tesla V100-SXM2-32GB, 47, 3309, 32768, 198.83, 44
2026/09/08 08:47:49.660, 0, Tesla V100-SXM2-32GB, 49, 3309, 32768, 199.81, 45
2026/09/08 08:47:51.728, 0, Tesla V100-SXM2-32GB, 59, 3309, 32768, 201.78, 45
2026/09/08 08:47:53.782, 0, Tesla V100-SXM2-32GB, 100, 3309, 32768, 194.40, 45
2026/09/08 08:47:55.834, 0, Tesla V100-SXM2-32GB, 100, 3309, 32768, 201.29, 46
2026/09/08 08:47:57.904, 0, Tesla V100-SXM2-32GB, 100, 3309, 32768, 188.13, 46
2026/09/08 08:47:59.957, 0, Tesla V100-SXM2-32GB, 88, 3309, 32768, 79.07, 45
2026/09/08 08:48:01.992, 0, Tesla V100-SXM2-32GB, 77, 3309, 32768, 69.70, 45
2026/09/08 08:48:04.084, 0, Tesla V100-SXM2-32GB, 60, 3309, 32768, 70.19, 44
2026/09/08 08:48:06.172, 0, Tesla V100-SXM2-32GB, 36, 3309, 32768, 193.42, 45
2026/09/08 08:48:08.220, 0, Tesla V100-SXM2-32GB, 7, 3309, 32768, 69.21, 44
2026/09/08 08:48:10.309, 0, Tesla V100-SXM2-32GB, 6, 3309, 32768, 68.76, 42
2026/09/08 08:48:12.380, 0, Tesla V100-SXM2-32GB, 6, 3309, 32768, 57.89, 41
2026/09/08 08:48:14.434, 0, Tesla V100-SXM2-32GB, 6, 3309, 32768, 68.26, 42
2026/09/08 08:48:16.524, 0, Tesla V100-SXM2-32GB, 84, 3309, 32768, 181.36, 43
2026/09/08 08:48:18.616, 0, Tesla V100-SXM2-32GB, 6, 3309, 32768, 68.26, 41
2026/09/08 08:48:20.708, 0, Tesla V100-SXM2-32GB, 54, 3309, 32768, 125.79, 43
2026/09/08 08:48:22.780, 0, Tesla V100-SXM2-32GB, 6, 3309, 32768, 68.22, 41
2026/09/08 08:48:24.834, 0, Tesla V100-SXM2-32GB, 53, 3309, 32768, 68.26, 41
2026/09/08 08:48:26.924, 0, Tesla V100-SXM2-32GB, 6, 3309, 32768, 68.26, 40
2026/09/08 08:48:29.012, 0, Tesla V100-SXM2-32GB, 6, 3309, 32768, 68.26, 40
2026/09/08 08:48:31.105, 0, Tesla V100-SXM2-32GB, 6, 3309, 32768, 67.77, 40
2026/09/08 08:48:33.196, 0, Tesla V100-SXM2-32GB, 6, 3309, 32768, 67.72, 40
2026/09/08 08:48:35.246, 0, Tesla V100-SXM2-32GB, 6, 3309, 32768, 67.72, 40
2026/09/08 08:48:37.315, 0, Tesla V100-SXM2-32GB, 6, 3309, 32768, 67.77, 40
2026/09/08 08:48:39.404, 0, Tesla V100-SXM2-32GB, 8, 3309, 32768, 164.12, 41
2026/09/08 08:48:41.476, 0, Tesla V100-SXM2-32GB, 6, 3309, 32768, 67.77, 40
2026/09/08 08:48:43.568, 0, Tesla V100-SXM2-32GB, 55, 3309, 32768, 68.71, 40
2026/09/08 08:48:45.622, 0, Tesla V100-SXM2-32GB, 6, 3309, 32768, 67.77, 39
2026/09/08 08:48:47.712, 0, Tesla V100-SXM2-32GB, 6, 3309, 32768, 67.72, 40
2026/09/08 08:48:49.804, 0, Tesla V100-SXM2-32GB, 4, 3309, 32768, 67.77, 39
2026/09/08 08:48:51.876, 0, Tesla V100-SXM2-32GB, 53, 3309, 32768, 67.77, 39
2026/09/08 08:48:53.947, 0, Tesla V100-SXM2-32GB, 6, 3309, 32768, 67.77, 39
2026/09/08 08:48:56.017, 0, Tesla V100-SXM2-32GB, 57, 3309, 32768, 104.17, 41
2026/09/08 08:48:58.063, 0, Tesla V100-SXM2-32GB, 6, 3309, 32768, 67.28, 39
2026/09/08 08:49:00.114, 0, Tesla V100-SXM2-32GB, 68, 3309, 32768, 69.25, 40
2026/09/08 08:49:02.166, 0, Tesla V100-SXM2-32GB, 6, 3309, 32768, 67.28, 39
2026/09/08 08:49:04.240, 0, Tesla V100-SXM2-32GB, 6, 3309, 32768, 67.77, 39
2026/09/08 08:49:06.292, 0, Tesla V100-SXM2-32GB, 6, 3309, 32768, 67.28, 39
2026/09/08 08:49:08.380, 0, Tesla V100-SXM2-32GB, 68, 3309, 32768, 94.80, 40
2026/09/08 08:49:10.448, 0, Tesla V100-SXM2-32GB, 6, 3309, 32768, 67.28, 38
2026/09/08 08:49:12.541, 0, Tesla V100-SXM2-32GB, 24, 3309, 32768, 97.27, 40
2026/09/08 08:49:14.598, 0, Tesla V100-SXM2-32GB, 6, 3309, 32768, 67.28, 38
2026/09/08 08:49:16.668, 0, Tesla V100-SXM2-32GB, 6, 3309, 32768, 67.23, 38
2026/09/08 08:49:18.722, 0, Tesla V100-SXM2-32GB, 5, 3309, 32768, 67.28, 39
2026/09/08 08:49:20.811, 0, Tesla V100-SXM2-32GB, 6, 3309, 32768, 67.28, 38
2026/09/08 08:49:22.880, 0, Tesla V100-SXM2-32GB, 32, 3309, 32768, 153.28, 40
2026/09/08 08:49:24.934, 0, Tesla V100-SXM2-32GB, 6, 3309, 32768, 67.28, 38
2026/09/08 08:49:27.024, 0, Tesla V100-SXM2-32GB, 68, 3309, 32768, 138.60, 39
2026/09/08 08:49:29.111, 0, Tesla V100-SXM2-32GB, 6, 3309, 32768, 67.23, 38
2026/09/08 08:49:31.180, 0, Tesla V100-SXM2-32GB, 59, 3309, 32768, 159.09, 40
2026/09/08 08:49:33.248, 0, Tesla V100-SXM2-32GB, 6, 3309, 32768, 67.28, 38
2026/09/08 08:49:35.302, 0, Tesla V100-SXM2-32GB, 7, 3309, 32768, 67.28, 38
2026/09/08 08:49:37.354, 0, Tesla V100-SXM2-32GB, 6, 3309, 32768, 67.28, 38
2026/09/08 08:49:39.407, 0, Tesla V100-SXM2-32GB, 6, 3309, 32768, 67.23, 38
2026/09/08 08:49:41.477, 0, Tesla V100-SXM2-32GB, 6, 3309, 32768, 67.28, 38
2026/09/08 08:49:43.525, 0, Tesla V100-SXM2-32GB, 6, 3309, 32768, 67.23, 38
2026/09/08 08:49:45.616, 0, Tesla V100-SXM2-32GB, 6, 3309, 32768, 56.41, 37
2026/09/08 08:49:47.670, 0, Tesla V100-SXM2-32GB, 6, 3309, 32768, 66.78, 38
2026/09/08 08:49:49.740, 0, Tesla V100-SXM2-32GB, 6, 3309, 32768, 66.78, 37
2026/09/08 08:49:51.808, 0, Tesla V100-SXM2-32GB, 6, 3309, 32768, 67.28, 38
2026/09/08 08:49:53.900, 0, Tesla V100-SXM2-32GB, 28, 3309, 32768, 66.78, 38
2026/09/08 08:49:55.972, 0, Tesla V100-SXM2-32GB, 6, 3309, 32768, 67.28, 37
2026/09/08 08:49:58.044, 0, Tesla V100-SXM2-32GB, 6, 3309, 32768, 88.94, 37
2026/09/08 08:50:00.096, 0, Tesla V100-SXM2-32GB, 6, 3309, 32768, 66.78, 37
2026/09/08 08:50:02.188, 0, Tesla V100-SXM2-32GB, 6, 3309, 32768, 167.07, 38
2026/09/08 08:50:04.242, 0, Tesla V100-SXM2-32GB, 6, 3309, 32768, 67.28, 37
2026/09/08 08:50:06.312, 0, Tesla V100-SXM2-32GB, 55, 3309, 32768, 67.23, 38
2026/09/08 08:50:08.364, 0, Tesla V100-SXM2-32GB, 6, 3309, 32768, 66.78, 37
2026/09/08 08:50:10.436, 0, Tesla V100-SXM2-32GB, 33, 3309, 32768, 67.28, 38
2026/09/08 08:50:12.532, 0, Tesla V100-SXM2-32GB, 6, 3309, 32768, 66.78, 37
2026/09/08 08:50:14.586, 0, Tesla V100-SXM2-32GB, 6, 3309, 32768, 66.78, 37
2026/09/08 08:50:16.676, 0, Tesla V100-SXM2-32GB, 6, 3309, 32768, 66.78, 37
2026/09/08 08:50:18.744, 0, Tesla V100-SXM2-32GB, 6, 3309, 32768, 66.78, 37
2026/09/08 08:50:20.812, 0, Tesla V100-SXM2-32GB, 6, 3309, 32768, 66.78, 37
2026/09/08 08:50:22.866, 0, Tesla V100-SXM2-32GB, 6, 3309, 32768, 66.74, 37
2026/09/08 08:50:24.917, 0, Tesla V100-SXM2-32GB, 55, 3309, 32768, 66.78, 37
2026/09/08 08:50:26.982, 0, Tesla V100-SXM2-32GB, 6, 3309, 32768, 66.78, 37
2026/09/08 08:50:29.072, 0, Tesla V100-SXM2-32GB, 55, 3309, 32768, 68.26, 37
2026/09/08 08:50:31.139, 0, Tesla V100-SXM2-32GB, 6, 3309, 32768, 66.78, 37
2026/09/08 08:50:33.208, 0, Tesla V100-SXM2-32GB, 6, 3309, 32768, 66.74, 37
2026/09/08 08:50:35.300, 0, Tesla V100-SXM2-32GB, 6, 3309, 32768, 66.78, 37
2026/09/08 08:50:37.354, 0, Tesla V100-SXM2-32GB, 5, 3309, 32768, 66.74, 37
2026/09/08 08:50:39.444, 0, Tesla V100-SXM2-32GB, 6, 3309, 32768, 66.74, 37
2026/09/08 08:50:41.532, 0, Tesla V100-SXM2-32GB, 6, 3309, 32768, 66.74, 37
2026/09/08 08:50:43.587, 0, Tesla V100-SXM2-32GB, 6, 3309, 32768, 66.74, 37
2026/09/08 08:50:45.656, 0, Tesla V100-SXM2-32GB, 6, 3309, 32768, 66.78, 37
2026/09/08 08:50:47.744, 0, Tesla V100-SXM2-32GB, 6, 3309, 32768, 66.74, 37
2026/09/08 08:50:49.797, 0, Tesla V100-SXM2-32GB, 6, 3309, 32768, 110.51, 37
2026/09/08 08:50:51.847, 0, Tesla V100-SXM2-32GB, 6, 3309, 32768, 66.74, 37
2026/09/08 08:50:53.898, 0, Tesla V100-SXM2-32GB, 55, 3309, 32768, 66.74, 37
2026/09/08 08:50:55.968, 0, Tesla V100-SXM2-32GB, 6, 3309, 32768, 66.74, 37
2026/09/08 08:50:58.017, 0, Tesla V100-SXM2-32GB, 6, 3309, 32768, 66.78, 37
2026/09/08 08:51:00.108, 0, Tesla V100-SXM2-32GB, 6, 3309, 32768, 66.74, 37
2026/09/08 08:51:02.180, 0, Tesla V100-SXM2-32GB, 6, 3309, 32768, 66.74, 36
2026/09/08 08:51:04.235, 0, Tesla V100-SXM2-32GB, 40, 3309, 32768, 66.74, 37
2026/09/08 08:51:06.324, 0, Tesla V100-SXM2-32GB, 57, 3309, 32768, 107.62, 38
2026/09/08 08:51:08.413, 0, Tesla V100-SXM2-32GB, 6, 3309, 32768, 66.78, 37
2026/09/08 08:51:10.466, 0, Tesla V100-SXM2-32GB, 6, 3309, 32768, 66.24, 37
2026/09/08 08:51:12.537, 0, Tesla V100-SXM2-32GB, 6, 3309, 32768, 67.23, 37
2026/09/08 08:51:14.617, 0, Tesla V100-SXM2-32GB, 5, 3309, 32768, 66.74, 36
2026/09/08 08:51:16.688, 0, Tesla V100-SXM2-32GB, 6, 3309, 32768, 66.74, 37
2026/09/08 08:51:18.741, 0, Tesla V100-SXM2-32GB, 6, 3309, 32768, 66.74, 36
2026/09/08 08:51:20.828, 0, Tesla V100-SXM2-32GB, 6, 3309, 32768, 66.29, 36
2026/09/08 08:51:22.882, 0, Tesla V100-SXM2-32GB, 6, 3309, 32768, 66.78, 36
2026/09/08 08:51:24.935, 0, Tesla V100-SXM2-32GB, 6, 3309, 32768, 66.29, 36
2026/09/08 08:51:27.004, 0, Tesla V100-SXM2-32GB, 6, 3309, 32768, 66.78, 36
2026/09/08 08:51:29.096, 0, Tesla V100-SXM2-32GB, 54, 3309, 32768, 66.74, 37
2026/09/08 08:51:31.181, 0, Tesla V100-SXM2-32GB, 4, 3309, 32768, 66.74, 36
2026/09/08 08:51:33.230, 0, Tesla V100-SXM2-32GB, 40, 3309, 32768, 68.71, 37
2026/09/08 08:51:35.299, 0, Tesla V100-SXM2-32GB, 6, 3309, 32768, 66.24, 36
2026/09/08 08:51:37.367, 0, Tesla V100-SXM2-32GB, 5, 3309, 32768, 66.74, 37
2026/09/08 08:51:39.437, 0, Tesla V100-SXM2-32GB, 5, 3309, 32768, 55.42, 36
2026/09/08 08:51:41.521, 0, Tesla V100-SXM2-32GB, 5, 3309, 32768, 66.78, 36
2026/09/08 08:51:43.592, 0, Tesla V100-SXM2-32GB, 37, 3309, 32768, 97.76, 37
2026/09/08 08:51:45.646, 0, Tesla V100-SXM2-32GB, 6, 3309, 32768, 66.74, 37
2026/09/08 08:51:47.716, 0, Tesla V100-SXM2-32GB, 14, 3309, 32768, 185.55, 40
2026/09/08 08:51:49.766, 0, Tesla V100-SXM2-32GB, 40, 3309, 32768, 189.60, 41
2026/09/08 08:51:51.836, 0, Tesla V100-SXM2-32GB, 100, 3309, 32768, 173.86, 41
2026/09/08 08:51:53.906, 0, Tesla V100-SXM2-32GB, 100, 3309, 32768, 192.43, 42
2026/09/08 08:51:55.977, 0, Tesla V100-SXM2-32GB, 100, 3309, 32768, 193.42, 42
2026/09/08 08:51:58.078, 0, Tesla V100-SXM2-32GB, 100, 3309, 32768, 68.22, 41
2026/09/08 08:52:00.133, 0, Tesla V100-SXM2-32GB, 84, 3309, 32768, 69.21, 41
2026/09/08 08:52:02.183, 0, Tesla V100-SXM2-32GB, 25, 3309, 32768, 169.43, 42
2026/09/08 08:52:04.272, 0, Tesla V100-SXM2-32GB, 40, 3309, 32768, 185.18, 43
2026/09/08 08:52:06.360, 0, Tesla V100-SXM2-32GB, 100, 3309, 32768, 188.13, 44
2026/09/08 08:52:08.409, 0, Tesla V100-SXM2-32GB, 100, 3309, 32768, 184.56, 44
2026/09/08 08:52:10.496, 0, Tesla V100-SXM2-32GB, 100, 3309, 32768, 90.86, 44
2026/09/08 08:52:12.554, 0, Tesla V100-SXM2-32GB, 60, 3309, 32768, 68.71, 43
2026/09/08 08:52:14.610, 0, Tesla V100-SXM2-32GB, 34, 3309, 32768, 69.21, 42
2026/09/08 08:52:16.662, 0, Tesla V100-SXM2-32GB, 17, 3309, 32768, 199.81, 44
2026/09/08 08:52:18.731, 0, Tesla V100-SXM2-32GB, 87, 3309, 32768, 212.95, 45
2026/09/08 08:52:20.786, 0, Tesla V100-SXM2-32GB, 100, 3309, 32768, 194.40, 45
2026/09/08 08:52:22.856, 0, Tesla V100-SXM2-32GB, 100, 3309, 32768, 176.81, 45
2026/09/08 08:52:24.924, 0, Tesla V100-SXM2-32GB, 100, 3309, 32768, 189.48, 46
2026/09/08 08:52:26.979, 0, Tesla V100-SXM2-32GB, 6, 3309, 32768, 68.76, 42
2026/09/08 08:52:29.068, 0, Tesla V100-SXM2-32GB, 6, 3309, 32768, 57.40, 41
2026/09/08 08:52:31.123, 0, Tesla V100-SXM2-32GB, 82, 3309, 32768, 124.80, 43
2026/09/08 08:52:33.174, 0, Tesla V100-SXM2-32GB, 4, 3309, 32768, 68.22, 41
2026/09/08 08:52:35.264, 0, Tesla V100-SXM2-32GB, 6, 3309, 32768, 67.72, 41
2026/09/08 08:52:37.331, 0, Tesla V100-SXM2-32GB, 6, 3309, 32768, 67.77, 40
2026/09/08 08:52:39.419, 0, Tesla V100-SXM2-32GB, 6, 3309, 32768, 67.72, 40
2026/09/08 08:52:41.492, 0, Tesla V100-SXM2-32GB, 6, 3309, 32768, 67.72, 40
2026/09/08 08:52:43.555, 0, Tesla V100-SXM2-32GB, 6, 3309, 32768, 67.77, 40
2026/09/08 08:52:45.628, 0, Tesla V100-SXM2-32GB, 6, 3309, 32768, 67.23, 40
2026/09/08 08:52:47.682, 0, Tesla V100-SXM2-32GB, 6, 3309, 32768, 67.77, 40
2026/09/08 08:52:49.772, 0, Tesla V100-SXM2-32GB, 5, 3309, 32768, 67.72, 39
2026/09/08 08:52:51.822, 0, Tesla V100-SXM2-32GB, 6, 3309, 32768, 67.77, 39
2026/09/08 08:52:53.911, 0, Tesla V100-SXM2-32GB, 6, 3309, 32768, 68.22, 39
2026/09/08 08:52:55.961, 0, Tesla V100-SXM2-32GB, 6, 3309, 32768, 67.23, 39
2026/09/08 08:52:58.052, 0, Tesla V100-SXM2-32GB, 83, 3309, 32768, 155.75, 41
2026/09/08 08:53:00.124, 0, Tesla V100-SXM2-32GB, 6, 3309, 32768, 67.72, 39
2026/09/08 08:53:02.159, 0, Tesla V100-SXM2-32GB, 71, 3309, 32768, 160.57, 41
2026/09/08 08:53:04.227, 0, Tesla V100-SXM2-32GB, 6, 3309, 32768, 67.23, 39
2026/09/08 08:53:06.278, 0, Tesla V100-SXM2-32GB, 6, 3309, 32768, 67.72, 39
2026/09/08 08:53:08.329, 0, Tesla V100-SXM2-32GB, 51, 3309, 32768, 67.72, 39
2026/09/08 08:53:10.401, 0, Tesla V100-SXM2-32GB, 66, 3309, 32768, 67.77, 40
2026/09/08 08:53:12.471, 0, Tesla V100-SXM2-32GB, 6, 3309, 32768, 67.23, 39
2026/09/08 08:53:14.507, 0, Tesla V100-SXM2-32GB, 6, 3309, 32768, 67.23, 39
2026/09/08 08:53:16.576, 0, Tesla V100-SXM2-32GB, 6, 3309, 32768, 67.28, 39
2026/09/08 08:53:18.648, 0, Tesla V100-SXM2-32GB, 41, 3309, 32768, 67.77, 39
2026/09/08 08:53:20.720, 0, Tesla V100-SXM2-32GB, 6, 3309, 32768, 67.28, 39
2026/09/08 08:53:22.774, 0, Tesla V100-SXM2-32GB, 73, 3309, 32768, 184.56, 40
2026/09/08 08:53:24.845, 0, Tesla V100-SXM2-32GB, 6, 3309, 32768, 67.28, 38
2026/09/08 08:53:26.911, 0, Tesla V100-SXM2-32GB, 6, 3309, 32768, 67.77, 39
2026/09/08 08:53:28.979, 0, Tesla V100-SXM2-32GB, 6, 3309, 32768, 67.28, 38
2026/09/08 08:53:31.067, 0, Tesla V100-SXM2-32GB, 6, 3309, 32768, 67.28, 39
2026/09/08 08:53:33.135, 0, Tesla V100-SXM2-32GB, 6, 3309, 32768, 67.28, 38
2026/09/08 08:53:35.166, 0, Tesla V100-SXM2-32GB, 86, 3309, 32768, 131.70, 40
2026/09/08 08:53:37.255, 0, Tesla V100-SXM2-32GB, 6, 3309, 32768, 67.28, 39
2026/09/08 08:53:39.344, 0, Tesla V100-SXM2-32GB, 6, 3309, 32768, 67.23, 39
2026/09/08 08:53:41.417, 0, Tesla V100-SXM2-32GB, 21, 3309, 32768, 151.31, 40
2026/09/08 08:53:43.484, 0, Tesla V100-SXM2-32GB, 6, 3309, 32768, 67.23, 38
2026/09/08 08:53:45.576, 0, Tesla V100-SXM2-32GB, 62, 3309, 32768, 85.49, 40
2026/09/08 08:53:47.611, 0, Tesla V100-SXM2-32GB, 6, 3309, 32768, 67.23, 38
2026/09/08 08:53:49.683, 0, Tesla V100-SXM2-32GB, 55, 3309, 32768, 158.70, 39
2026/09/08 08:53:51.735, 0, Tesla V100-SXM2-32GB, 6, 3309, 32768, 67.23, 38
2026/09/08 08:53:53.828, 0, Tesla V100-SXM2-32GB, 80, 3309, 32768, 67.23, 39
2026/09/08 08:53:55.882, 0, Tesla V100-SXM2-32GB, 6, 3309, 32768, 67.28, 38
2026/09/08 08:53:57.952, 0, Tesla V100-SXM2-32GB, 9, 3309, 32768, 67.23, 39
2026/09/08 08:54:00.025, 0, Tesla V100-SXM2-32GB, 6, 3309, 32768, 67.23, 38
2026/09/08 08:54:02.112, 0, Tesla V100-SXM2-32GB, 6, 3309, 32768, 67.28, 38
2026/09/08 08:54:04.205, 0, Tesla V100-SXM2-32GB, 7, 3309, 32768, 67.28, 38
2026/09/08 08:54:06.257, 0, Tesla V100-SXM2-32GB, 6, 3309, 32768, 67.28, 39
2026/09/08 08:54:08.348, 0, Tesla V100-SXM2-32GB, 6, 3309, 32768, 67.28, 38
2026/09/08 08:54:10.416, 0, Tesla V100-SXM2-32GB, 6, 3309, 32768, 67.28, 38
2026/09/08 08:54:12.484, 0, Tesla V100-SXM2-32GB, 4, 3309, 32768, 67.28, 38
2026/09/08 08:54:14.515, 0, Tesla V100-SXM2-32GB, 5, 3309, 32768, 67.28, 38
2026/09/08 08:54:16.603, 0, Tesla V100-SXM2-32GB, 6, 3309, 32768, 67.28, 38
2026/09/08 08:54:18.672, 0, Tesla V100-SXM2-32GB, 6, 3309, 32768, 67.28, 38
2026/09/08 08:54:20.744, 0, Tesla V100-SXM2-32GB, 6, 3309, 32768, 67.23, 38
2026/09/08 08:54:22.799, 0, Tesla V100-SXM2-32GB, 6, 3309, 32768, 67.28, 38
2026/09/08 08:54:24.847, 0, Tesla V100-SXM2-32GB, 82, 3309, 32768, 67.77, 39
2026/09/08 08:54:26.899, 0, Tesla V100-SXM2-32GB, 6, 3309, 32768, 67.28, 38
2026/09/08 08:54:28.968, 0, Tesla V100-SXM2-32GB, 6, 3309, 32768, 67.23, 39
2026/09/08 08:54:31.036, 0, Tesla V100-SXM2-32GB, 6, 3309, 32768, 67.28, 38
2026/09/08 08:54:33.128, 0, Tesla V100-SXM2-32GB, 6, 3309, 32768, 67.28, 38
2026/09/08 08:54:35.220, 0, Tesla V100-SXM2-32GB, 4, 3309, 32768, 67.28, 38
2026/09/08 08:54:37.308, 0, Tesla V100-SXM2-32GB, 6, 3309, 32768, 67.28, 38
2026/09/08 08:54:39.404, 0, Tesla V100-SXM2-32GB, 6, 3309, 32768, 76.11, 38
2026/09/08 08:54:41.492, 0, Tesla V100-SXM2-32GB, 6, 3309, 32768, 67.28, 38
2026/09/08 08:54:43.580, 0, Tesla V100-SXM2-32GB, 6, 3309, 32768, 78.58, 40
2026/09/08 08:54:45.634, 0, Tesla V100-SXM2-32GB, 5, 3309, 32768, 67.28, 38
2026/09/08 08:54:47.685, 0, Tesla V100-SXM2-32GB, 83, 3309, 32768, 110.51, 39
2026/09/08 08:54:49.738, 0, Tesla V100-SXM2-32GB, 6, 3309, 32768, 67.28, 38
2026/09/08 08:54:51.808, 0, Tesla V100-SXM2-32GB, 4, 3309, 32768, 67.28, 39
2026/09/08 08:54:53.863, 0, Tesla V100-SXM2-32GB, 6, 3309, 32768, 67.28, 38
2026/09/08 08:54:55.933, 0, Tesla V100-SXM2-32GB, 4, 3309, 32768, 67.28, 38
2026/09/08 08:54:58.005, 0, Tesla V100-SXM2-32GB, 4, 3309, 32768, 66.78, 38
2026/09/08 08:55:00.077, 0, Tesla V100-SXM2-32GB, 85, 3309, 32768, 69.25, 40
2026/09/08 08:55:02.129, 0, Tesla V100-SXM2-32GB, 5, 3309, 32768, 67.28, 39
2026/09/08 08:55:04.200, 0, Tesla V100-SXM2-32GB, 6, 3309, 32768, 67.28, 38
2026/09/08 08:55:06.254, 0, Tesla V100-SXM2-32GB, 6, 3309, 32768, 67.28, 38
2026/09/08 08:55:08.344, 0, Tesla V100-SXM2-32GB, 6, 3309, 32768, 67.28, 38
2026/09/08 08:55:10.437, 0, Tesla V100-SXM2-32GB, 6, 3309, 32768, 67.28, 38
2026/09/08 08:55:12.491, 0, Tesla V100-SXM2-32GB, 52, 3309, 32768, 67.28, 39
2026/09/08 08:55:14.560, 0, Tesla V100-SXM2-32GB, 6, 3309, 32768, 67.28, 38
2026/09/08 08:55:16.632, 0, Tesla V100-SXM2-32GB, 43, 3309, 32768, 67.28, 39
2026/09/08 08:55:18.699, 0, Tesla V100-SXM2-32GB, 6, 3309, 32768, 67.28, 38
2026/09/08 08:55:20.789, 0, Tesla V100-SXM2-32GB, 69, 3309, 32768, 68.76, 39
2026/09/08 08:55:22.876, 0, Tesla V100-SXM2-32GB, 6, 3309, 32768, 67.77, 38
2026/09/08 08:55:24.931, 0, Tesla V100-SXM2-32GB, 64, 3309, 32768, 68.26, 39
2026/09/08 08:55:27.000, 0, Tesla V100-SXM2-32GB, 6, 3309, 32768, 67.28, 38
2026/09/08 08:55:29.054, 0, Tesla V100-SXM2-32GB, 6, 3309, 32768, 67.28, 39
2026/09/08 08:55:31.148, 0, Tesla V100-SXM2-32GB, 6, 3309, 32768, 67.28, 38
2026/09/08 08:55:33.221, 0, Tesla V100-SXM2-32GB, 6, 3309, 32768, 67.28, 38
2026/09/08 08:55:35.270, 0, Tesla V100-SXM2-32GB, 6, 3309, 32768, 67.28, 38
2026/09/08 08:55:37.341, 0, Tesla V100-SXM2-32GB, 6, 3309, 32768, 67.28, 38
2026/09/08 08:55:39.431, 0, Tesla V100-SXM2-32GB, 6, 3309, 32768, 67.28, 38
2026/09/08 08:55:41.500, 0, Tesla V100-SXM2-32GB, 6, 3309, 32768, 66.78, 38
2026/09/08 08:55:43.568, 0, Tesla V100-SXM2-32GB, 6, 3309, 32768, 66.78, 38
2026/09/08 08:55:45.622, 0, Tesla V100-SXM2-32GB, 6, 3309, 32768, 66.78, 38
2026/09/08 08:55:47.674, 0, Tesla V100-SXM2-32GB, 6, 3309, 32768, 67.28, 38
2026/09/08 08:55:49.744, 0, Tesla V100-SXM2-32GB, 6, 3309, 32768, 67.28, 38
2026/09/08 08:55:51.803, 0, Tesla V100-SXM2-32GB, 86, 3309, 32768, 101.71, 40
2026/09/08 08:55:53.891, 0, Tesla V100-SXM2-32GB, 6, 3309, 32768, 66.78, 38
2026/09/08 08:55:55.941, 0, Tesla V100-SXM2-32GB, 70, 3309, 32768, 67.77, 39
2026/09/08 08:55:58.011, 0, Tesla V100-SXM2-32GB, 6, 3309, 32768, 67.28, 38
2026/09/08 08:56:00.104, 0, Tesla V100-SXM2-32GB, 6, 3309, 32768, 66.74, 38
2026/09/08 08:56:02.157, 0, Tesla V100-SXM2-32GB, 40, 3309, 32768, 191.08, 39
2026/09/08 08:56:04.244, 0, Tesla V100-SXM2-32GB, 92, 3309, 32768, 187.14, 42
2026/09/08 08:56:06.292, 0, Tesla V100-SXM2-32GB, 100, 3309, 32768, 184.68, 43
2026/09/08 08:56:08.323, 0, Tesla V100-SXM2-32GB, 100, 3309, 32768, 190.96, 43
2026/09/08 08:56:10.395, 0, Tesla V100-SXM2-32GB, 100, 3309, 32768, 71.18, 42
2026/09/08 08:56:12.472, 0, Tesla V100-SXM2-32GB, 63, 3309, 32768, 68.26, 41
2026/09/08 08:56:14.523, 0, Tesla V100-SXM2-32GB, 77, 3309, 32768, 68.76, 42
2026/09/08 08:56:16.592, 0, Tesla V100-SXM2-32GB, 47, 3309, 32768, 185.18, 43
2026/09/08 08:56:18.683, 0, Tesla V100-SXM2-32GB, 58, 3309, 32768, 187.64, 44
2026/09/08 08:56:20.735, 0, Tesla V100-SXM2-32GB, 73, 3309, 32768, 202.76, 44
2026/09/08 08:56:22.790, 0, Tesla V100-SXM2-32GB, 100, 3309, 32768, 184.68, 45
2026/09/08 08:56:24.880, 0, Tesla V100-SXM2-32GB, 100, 3309, 32768, 191.08, 45
2026/09/08 08:56:26.935, 0, Tesla V100-SXM2-32GB, 100, 3309, 32768, 71.72, 44
2026/09/08 08:56:29.023, 0, Tesla V100-SXM2-32GB, 46, 3309, 32768, 69.21, 43
2026/09/08 08:56:31.112, 0, Tesla V100-SXM2-32GB, 32, 3309, 32768, 174.35, 44
2026/09/08 08:56:33.185, 0, Tesla V100-SXM2-32GB, 70, 3309, 32768, 199.45, 45
2026/09/08 08:56:35.257, 0, Tesla V100-SXM2-32GB, 81, 3309, 32768, 195.38, 45
2026/09/08 08:56:37.310, 0, Tesla V100-SXM2-32GB, 92, 3309, 32768, 200.79, 46
2026/09/08 08:56:39.380, 0, Tesla V100-SXM2-32GB, 100, 3309, 32768, 191.94, 46
2026/09/08 08:56:41.448, 0, Tesla V100-SXM2-32GB, 100, 3309, 32768, 69.74, 45
2026/09/08 08:56:43.520, 0, Tesla V100-SXM2-32GB, 6, 3309, 32768, 68.26, 42
2026/09/08 08:56:45.608, 0, Tesla V100-SXM2-32GB, 6, 3309, 32768, 56.91, 41
2026/09/08 08:56:47.696, 0, Tesla V100-SXM2-32GB, 6, 3309, 32768, 68.26, 41
2026/09/08 08:56:49.745, 0, Tesla V100-SXM2-32GB, 35, 3309, 32768, 188.01, 42
2026/09/08 08:56:51.816, 0, Tesla V100-SXM2-32GB, 6, 3309, 32768, 67.77, 41
2026/09/08 08:56:53.883, 0, Tesla V100-SXM2-32GB, 5, 3309, 32768, 68.26, 40
2026/09/08 08:56:55.956, 0, Tesla V100-SXM2-32GB, 6, 3309, 32768, 67.77, 40
2026/09/08 08:56:58.024, 0, Tesla V100-SXM2-32GB, 5, 3309, 32768, 127.27, 41
2026/09/08 08:57:00.116, 0, Tesla V100-SXM2-32GB, 6, 3309, 32768, 67.77, 40
2026/09/08 08:57:02.166, 0, Tesla V100-SXM2-32GB, 5, 3309, 32768, 68.26, 40
2026/09/08 08:57:04.217, 0, Tesla V100-SXM2-32GB, 6, 3309, 32768, 67.77, 39
2026/09/08 08:57:06.288, 0, Tesla V100-SXM2-32GB, 6, 3309, 32768, 67.77, 40
2026/09/08 08:57:08.356, 0, Tesla V100-SXM2-32GB, 4, 3309, 32768, 67.28, 39
2026/09/08 08:57:10.441, 0, Tesla V100-SXM2-32GB, 6, 3309, 32768, 67.77, 39
2026/09/08 08:57:12.532, 0, Tesla V100-SXM2-32GB, 51, 3309, 32768, 67.72, 39
2026/09/08 08:57:14.585, 0, Tesla V100-SXM2-32GB, 6, 3309, 32768, 67.28, 39
2026/09/08 08:57:16.676, 0, Tesla V100-SXM2-32GB, 63, 3309, 32768, 148.76, 40
2026/09/08 08:57:18.745, 0, Tesla V100-SXM2-32GB, 5, 3309, 32768, 67.28, 39
2026/09/08 08:57:20.798, 0, Tesla V100-SXM2-32GB, 6, 3309, 32768, 67.77, 39
2026/09/08 08:57:22.867, 0, Tesla V100-SXM2-32GB, 6, 3309, 32768, 67.28, 38
2026/09/08 08:57:24.956, 0, Tesla V100-SXM2-32GB, 83, 3309, 32768, 122.83, 40
2026/09/08 08:57:27.010, 0, Tesla V100-SXM2-32GB, 6, 3309, 32768, 67.28, 38
2026/09/08 08:57:29.100, 0, Tesla V100-SXM2-32GB, 17, 3309, 32768, 67.72, 39
2026/09/08 08:57:31.154, 0, Tesla V100-SXM2-32GB, 6, 3309, 32768, 67.28, 38
2026/09/08 08:57:33.244, 0, Tesla V100-SXM2-32GB, 6, 3309, 32768, 67.28, 38
2026/09/08 08:57:35.313, 0, Tesla V100-SXM2-32GB, 6, 3309, 32768, 67.28, 38
2026/09/08 08:57:37.384, 0, Tesla V100-SXM2-32GB, 6, 3309, 32768, 67.28, 38
2026/09/08 08:57:39.456, 0, Tesla V100-SXM2-32GB, 6, 3309, 32768, 67.28, 38
2026/09/08 08:57:41.507, 0, Tesla V100-SXM2-32GB, 6, 3309, 32768, 67.28, 38
2026/09/08 08:57:43.597, 0, Tesla V100-SXM2-32GB, 7, 3309, 32768, 66.78, 38
2026/09/08 08:57:45.669, 0, Tesla V100-SXM2-32GB, 72, 3309, 32768, 68.22, 39
2026/09/08 08:57:47.718, 0, Tesla V100-SXM2-32GB, 6, 3309, 32768, 66.78, 38
2026/09/08 08:57:49.783, 0, Tesla V100-SXM2-32GB, 6, 3309, 32768, 67.28, 38
2026/09/08 08:57:51.834, 0, Tesla V100-SXM2-32GB, 6, 3309, 32768, 67.28, 38
2026/09/08 08:57:53.882, 0, Tesla V100-SXM2-32GB, 56, 3309, 32768, 130.22, 39
2026/09/08 08:57:55.935, 0, Tesla V100-SXM2-32GB, 6, 3309, 32768, 67.28, 38
2026/09/08 08:57:58.004, 0, Tesla V100-SXM2-32GB, 6, 3309, 32768, 66.78, 37
2026/09/08 08:58:00.072, 0, Tesla V100-SXM2-32GB, 6, 3309, 32768, 67.28, 38
2026/09/08 08:58:02.126, 0, Tesla V100-SXM2-32GB, 4, 3309, 32768, 66.74, 37
2026/09/08 08:58:04.216, 0, Tesla V100-SXM2-32GB, 6, 3309, 32768, 66.78, 37
2026/09/08 08:58:06.288, 0, Tesla V100-SXM2-32GB, 6, 3309, 32768, 66.78, 37
2026/09/08 08:58:08.342, 0, Tesla V100-SXM2-32GB, 6, 3309, 32768, 67.28, 37
2026/09/08 08:58:10.412, 0, Tesla V100-SXM2-32GB, 9, 3309, 32768, 68.22, 38
2026/09/08 08:58:12.466, 0, Tesla V100-SXM2-32GB, 6, 3309, 32768, 66.78, 37
2026/09/08 08:58:14.535, 0, Tesla V100-SXM2-32GB, 55, 3309, 32768, 196.00, 39
2026/09/08 08:58:16.609, 0, Tesla V100-SXM2-32GB, 6, 3309, 32768, 67.23, 37
2026/09/08 08:58:18.696, 0, Tesla V100-SXM2-32GB, 81, 3309, 32768, 133.67, 39
2026/09/08 08:58:20.747, 0, Tesla V100-SXM2-32GB, 6, 3309, 32768, 66.74, 37
2026/09/08 08:58:22.799, 0, Tesla V100-SXM2-32GB, 65, 3309, 32768, 67.23, 38
2026/09/08 08:58:24.854, 0, Tesla V100-SXM2-32GB, 6, 3309, 32768, 66.78, 37
2026/09/08 08:58:26.924, 0, Tesla V100-SXM2-32GB, 6, 3309, 32768, 66.74, 37
2026/09/08 08:58:28.993, 0, Tesla V100-SXM2-32GB, 6, 3309, 32768, 66.74, 37
2026/09/08 08:58:31.064, 0, Tesla V100-SXM2-32GB, 6, 3309, 32768, 66.78, 37
2026/09/08 08:58:33.156, 0, Tesla V100-SXM2-32GB, 6, 3309, 32768, 66.74, 37
2026/09/08 08:58:35.203, 0, Tesla V100-SXM2-32GB, 5, 3309, 32768, 66.74, 37
2026/09/08 08:58:37.254, 0, Tesla V100-SXM2-32GB, 5, 3309, 32768, 67.23, 37
2026/09/08 08:58:39.344, 0, Tesla V100-SXM2-32GB, 6, 3309, 32768, 66.78, 37
2026/09/08 08:58:41.412, 0, Tesla V100-SXM2-32GB, 57, 3309, 32768, 67.23, 38
2026/09/08 08:58:43.508, 0, Tesla V100-SXM2-32GB, 6, 3309, 32768, 66.78, 37
2026/09/08 08:58:45.600, 0, Tesla V100-SXM2-32GB, 6, 3309, 32768, 67.23, 37
2026/09/08 08:58:47.634, 0, Tesla V100-SXM2-32GB, 6, 3309, 32768, 66.78, 37
2026/09/08 08:58:49.688, 0, Tesla V100-SXM2-32GB, 6, 3309, 32768, 66.74, 37
2026/09/08 08:58:51.739, 0, Tesla V100-SXM2-32GB, 6, 3309, 32768, 66.78, 37
2026/09/08 08:58:53.808, 0, Tesla V100-SXM2-32GB, 6, 3309, 32768, 67.28, 37
2026/09/08 08:58:55.896, 0, Tesla V100-SXM2-32GB, 5, 3309, 32768, 121.85, 37
2026/09/08 08:58:57.968, 0, Tesla V100-SXM2-32GB, 6, 3309, 32768, 67.28, 37
2026/09/08 08:59:00.060, 0, Tesla V100-SXM2-32GB, 6, 3309, 32768, 66.74, 38
2026/09/08 08:59:02.114, 0, Tesla V100-SXM2-32GB, 6, 3309, 32768, 66.78, 37
2026/09/08 08:59:04.165, 0, Tesla V100-SXM2-32GB, 6, 3309, 32768, 66.74, 37
2026/09/08 08:59:06.218, 0, Tesla V100-SXM2-32GB, 6, 3309, 32768, 66.78, 37
2026/09/08 08:59:08.307, 0, Tesla V100-SXM2-32GB, 6, 3309, 32768, 66.78, 37
2026/09/08 08:59:10.395, 0, Tesla V100-SXM2-32GB, 6, 3309, 32768, 70.19, 37
2026/09/08 08:59:12.464, 0, Tesla V100-SXM2-32GB, 12, 3309, 32768, 67.23, 38
2026/09/08 08:59:14.556, 0, Tesla V100-SXM2-32GB, 6, 3309, 32768, 66.74, 37
2026/09/08 08:59:16.625, 0, Tesla V100-SXM2-32GB, 4, 3309, 32768, 66.78, 37
2026/09/08 08:59:18.680, 0, Tesla V100-SXM2-32GB, 4, 3309, 32768, 67.28, 37
2026/09/08 08:59:20.735, 0, Tesla V100-SXM2-32GB, 6, 3309, 32768, 155.75, 38
2026/09/08 08:59:22.825, 0, Tesla V100-SXM2-32GB, 6, 3309, 32768, 66.78, 37
2026/09/08 08:59:24.910, 0, Tesla V100-SXM2-32GB, 81, 3309, 32768, 134.57, 39
2026/09/08 08:59:26.942, 0, Tesla V100-SXM2-32GB, 6, 3309, 32768, 66.78, 37
2026/09/08 08:59:29.013, 0, Tesla V100-SXM2-32GB, 6, 3309, 32768, 66.74, 38
2026/09/08 08:59:31.102, 0, Tesla V100-SXM2-32GB, 6, 3309, 32768, 67.28, 37
2026/09/08 08:59:33.155, 0, Tesla V100-SXM2-32GB, 54, 3309, 32768, 67.23, 38
2026/09/08 08:59:35.252, 0, Tesla V100-SXM2-32GB, 6, 3309, 32768, 66.78, 37
2026/09/08 08:59:37.344, 0, Tesla V100-SXM2-32GB, 6, 3309, 32768, 67.28, 38
2026/09/08 08:59:39.432, 0, Tesla V100-SXM2-32GB, 6, 3309, 32768, 67.28, 37
2026/09/08 08:59:41.524, 0, Tesla V100-SXM2-32GB, 5, 3309, 32768, 66.78, 38
2026/09/08 08:59:43.616, 0, Tesla V100-SXM2-32GB, 6, 3309, 32768, 67.28, 37
2026/09/08 08:59:45.708, 0, Tesla V100-SXM2-32GB, 6, 3309, 32768, 67.28, 37
2026/09/08 08:59:47.763, 0, Tesla V100-SXM2-32GB, 54, 3309, 32768, 66.74, 38
2026/09/08 08:59:49.852, 0, Tesla V100-SXM2-32GB, 5, 3309, 32768, 66.74, 37
2026/09/08 08:59:51.938, 0, Tesla V100-SXM2-32GB, 73, 3309, 32768, 71.18, 39
2026/09/08 08:59:54.008, 0, Tesla V100-SXM2-32GB, 6, 3309, 32768, 66.74, 37
2026/09/08 08:59:56.042, 0, Tesla V100-SXM2-32GB, 6, 3309, 32768, 67.28, 38
2026/09/08 08:59:58.094, 0, Tesla V100-SXM2-32GB, 6, 3309, 32768, 66.78, 37
2026/09/08 09:00:00.168, 0, Tesla V100-SXM2-32GB, 6, 3309, 32768, 66.78, 38
2026/09/08 09:00:02.234, 0, Tesla V100-SXM2-32GB, 53, 3309, 32768, 67.23, 38
2026/09/08 09:00:04.304, 0, Tesla V100-SXM2-32GB, 6, 3309, 32768, 67.28, 38
2026/09/08 09:00:06.340, 0, Tesla V100-SXM2-32GB, 18, 3309, 32768, 67.23, 38
2026/09/08 09:00:08.394, 0, Tesla V100-SXM2-32GB, 6, 3309, 32768, 67.23, 38
2026/09/08 09:00:10.446, 0, Tesla V100-SXM2-32GB, 24, 3309, 32768, 67.23, 38
2026/09/08 09:00:12.502, 0, Tesla V100-SXM2-32GB, 4, 3309, 32768, 67.28, 38
2026/09/08 09:00:14.592, 0, Tesla V100-SXM2-32GB, 100, 3309, 32768, 196.37, 42
2026/09/08 09:00:16.661, 0, Tesla V100-SXM2-32GB, 100, 3309, 32768, 193.91, 43
2026/09/08 09:00:18.714, 0, Tesla V100-SXM2-32GB, 100, 3309, 32768, 176.32, 43
2026/09/08 09:00:20.787, 0, Tesla V100-SXM2-32GB, 84, 3309, 32768, 69.70, 42
2026/09/08 09:00:22.836, 0, Tesla V100-SXM2-32GB, 81, 3309, 32768, 68.76, 42
2026/09/08 09:00:24.885, 0, Tesla V100-SXM2-32GB, 74, 3309, 32768, 69.70, 42
2026/09/08 09:00:26.976, 0, Tesla V100-SXM2-32GB, 26, 3309, 32768, 191.94, 43
2026/09/08 09:00:29.073, 0, Tesla V100-SXM2-32GB, 33, 3309, 32768, 179.27, 44
2026/09/08 09:00:31.140, 0, Tesla V100-SXM2-32GB, 100, 3309, 32768, 177.79, 45
2026/09/08 09:00:33.194, 0, Tesla V100-SXM2-32GB, 100, 3309, 32768, 205.22, 45
2026/09/08 09:00:35.246, 0, Tesla V100-SXM2-32GB, 100, 3309, 32768, 192.92, 45
2026/09/08 09:00:37.336, 0, Tesla V100-SXM2-32GB, 100, 3309, 32768, 162.15, 46
2026/09/08 09:00:39.387, 0, Tesla V100-SXM2-32GB, 100, 3309, 32768, 70.19, 44
2026/09/08 09:00:41.480, 0, Tesla V100-SXM2-32GB, 88, 3309, 32768, 69.74, 44
2026/09/08 09:00:43.567, 0, Tesla V100-SXM2-32GB, 26, 3309, 32768, 202.27, 45
2026/09/08 09:00:45.661, 0, Tesla V100-SXM2-32GB, 56, 3309, 32768, 176.32, 46
2026/09/08 09:00:47.752, 0, Tesla V100-SXM2-32GB, 56, 3309, 32768, 200.79, 46
2026/09/08 09:00:49.802, 0, Tesla V100-SXM2-32GB, 100, 3309, 32768, 204.73, 47
2026/09/08 09:00:51.872, 0, Tesla V100-SXM2-32GB, 100, 3309, 32768, 174.84, 47
2026/09/08 09:00:53.959, 0, Tesla V100-SXM2-32GB, 6, 3309, 32768, 68.76, 43
2026/09/08 09:00:56.014, 0, Tesla V100-SXM2-32GB, 6, 3309, 32768, 57.40, 42
2026/09/08 09:00:58.104, 0, Tesla V100-SXM2-32GB, 55, 3309, 32768, 68.76, 43
2026/09/08 09:01:00.171, 0, Tesla V100-SXM2-32GB, 6, 3309, 32768, 68.22, 42
2026/09/08 09:01:02.240, 0, Tesla V100-SXM2-32GB, 6, 3309, 32768, 68.76, 42
2026/09/08 09:01:04.313, 0, Tesla V100-SXM2-32GB, 6, 3309, 32768, 68.26, 41
2026/09/08 09:01:06.362, 0, Tesla V100-SXM2-32GB, 6, 3309, 32768, 68.26, 41
2026/09/08 09:01:08.433, 0, Tesla V100-SXM2-32GB, 6, 3309, 32768, 68.26, 41
2026/09/08 09:01:10.486, 0, Tesla V100-SXM2-32GB, 6, 3309, 32768, 68.26, 41
2026/09/08 09:01:12.547, 0, Tesla V100-SXM2-32GB, 6, 3309, 32768, 68.26, 41
2026/09/08 09:01:14.617, 0, Tesla V100-SXM2-32GB, 6, 3309, 32768, 68.26, 41
2026/09/08 09:01:16.704, 0, Tesla V100-SXM2-32GB, 6, 3309, 32768, 67.77, 41
2026/09/08 09:01:18.772, 0, Tesla V100-SXM2-32GB, 5, 3309, 32768, 68.26, 41
2026/09/08 09:01:20.845, 0, Tesla V100-SXM2-32GB, 6, 3309, 32768, 68.26, 40
2026/09/08 09:01:22.898, 0, Tesla V100-SXM2-32GB, 6, 3309, 32768, 67.77, 40
2026/09/08 09:01:24.968, 0, Tesla V100-SXM2-32GB, 6, 3309, 32768, 68.26, 40
2026/09/08 09:01:27.060, 0, Tesla V100-SXM2-32GB, 6, 3309, 32768, 67.77, 40
2026/09/08 09:01:29.115, 0, Tesla V100-SXM2-32GB, 68, 3309, 32768, 142.45, 42
2026/09/08 09:01:31.167, 0, Tesla V100-SXM2-32GB, 6, 3309, 32768, 67.77, 40
2026/09/08 09:01:33.219, 0, Tesla V100-SXM2-32GB, 6, 3309, 32768, 67.77, 40
2026/09/08 09:01:35.308, 0, Tesla V100-SXM2-32GB, 6, 3309, 32768, 68.26, 40
2026/09/08 09:01:37.400, 0, Tesla V100-SXM2-32GB, 68, 3309, 32768, 73.65, 42
2026/09/08 09:01:39.472, 0, Tesla V100-SXM2-32GB, 6, 3309, 32768, 67.77, 40
2026/09/08 09:01:41.525, 0, Tesla V100-SXM2-32GB, 6, 3309, 32768, 67.77, 40
2026/09/08 09:01:43.616, 0, Tesla V100-SXM2-32GB, 6, 3309, 32768, 67.77, 39
2026/09/08 09:01:45.708, 0, Tesla V100-SXM2-32GB, 6, 3309, 32768, 67.72, 40
2026/09/08 09:01:47.800, 0, Tesla V100-SXM2-32GB, 6, 3309, 32768, 67.28, 39
2026/09/08 09:01:49.872, 0, Tesla V100-SXM2-32GB, 6, 3309, 32768, 67.77, 40
2026/09/08 09:01:51.964, 0, Tesla V100-SXM2-32GB, 6, 3309, 32768, 67.28, 39
2026/09/08 09:01:54.019, 0, Tesla V100-SXM2-32GB, 6, 3309, 32768, 67.77, 39
2026/09/08 09:01:56.070, 0, Tesla V100-SXM2-32GB, 6, 3309, 32768, 67.77, 39
2026/09/08 09:01:58.160, 0, Tesla V100-SXM2-32GB, 6, 3309, 32768, 67.77, 40
2026/09/08 09:02:00.214, 0, Tesla V100-SXM2-32GB, 6, 3309, 32768, 67.28, 39
2026/09/08 09:02:02.284, 0, Tesla V100-SXM2-32GB, 6, 3309, 32768, 143.04, 40
2026/09/08 09:02:04.372, 0, Tesla V100-SXM2-32GB, 6, 3309, 32768, 67.77, 39
2026/09/08 09:02:06.426, 0, Tesla V100-SXM2-32GB, 57, 3309, 32768, 140.97, 40
2026/09/08 09:02:08.479, 0, Tesla V100-SXM2-32GB, 6, 3309, 32768, 67.77, 39
2026/09/08 09:02:10.572, 0, Tesla V100-SXM2-32GB, 6, 3309, 32768, 67.77, 39
2026/09/08 09:02:12.664, 0, Tesla V100-SXM2-32GB, 6, 3309, 32768, 67.28, 39
2026/09/08 09:02:14.756, 0, Tesla V100-SXM2-32GB, 5, 3309, 32768, 67.77, 39
2026/09/08 09:02:16.823, 0, Tesla V100-SXM2-32GB, 6, 3309, 32768, 67.28, 39
2026/09/08 09:02:18.875, 0, Tesla V100-SXM2-32GB, 6, 3309, 32768, 67.28, 39
2026/09/08 09:02:20.927, 0, Tesla V100-SXM2-32GB, 6, 3309, 32768, 67.28, 39
2026/09/08 09:02:22.996, 0, Tesla V100-SXM2-32GB, 6, 3309, 32768, 131.70, 39
2026/09/08 09:02:25.043, 0, Tesla V100-SXM2-32GB, 4, 3309, 32768, 67.28, 39
2026/09/08 09:02:27.132, 0, Tesla V100-SXM2-32GB, 7, 3309, 32768, 134.66, 39
2026/09/08 09:02:29.186, 0, Tesla V100-SXM2-32GB, 6, 3309, 32768, 67.28, 39
2026/09/08 09:02:31.276, 0, Tesla V100-SXM2-32GB, 55, 3309, 32768, 93.88, 39
2026/09/08 09:02:33.364, 0, Tesla V100-SXM2-32GB, 6, 3309, 32768, 67.28, 39
2026/09/08 09:02:35.451, 0, Tesla V100-SXM2-32GB, 4, 3309, 32768, 67.28, 39
2026/09/08 09:02:37.541, 0, Tesla V100-SXM2-32GB, 3, 3309, 32768, 67.28, 38
2026/09/08 09:02:39.598, 0, Tesla V100-SXM2-32GB, 39, 3309, 32768, 67.28, 39
2026/09/08 09:02:41.685, 0, Tesla V100-SXM2-32GB, 6, 3309, 32768, 67.28, 38
2026/09/08 09:02:43.779, 0, Tesla V100-SXM2-32GB, 6, 3309, 32768, 67.28, 39
2026/09/08 09:02:45.848, 0, Tesla V100-SXM2-32GB, 6, 3309, 32768, 67.28, 38
2026/09/08 09:02:47.902, 0, Tesla V100-SXM2-32GB, 6, 3309, 32768, 67.28, 38
2026/09/08 09:02:49.972, 0, Tesla V100-SXM2-32GB, 6, 3309, 32768, 67.28, 38
2026/09/08 09:02:52.027, 0, Tesla V100-SXM2-32GB, 6, 3309, 32768, 67.28, 38
2026/09/08 09:02:54.078, 0, Tesla V100-SXM2-32GB, 6, 3309, 32768, 77.59, 38
2026/09/08 09:02:56.129, 0, Tesla V100-SXM2-32GB, 6, 3309, 32768, 67.28, 38
2026/09/08 09:02:58.182, 0, Tesla V100-SXM2-32GB, 43, 3309, 32768, 67.28, 38
2026/09/08 09:03:00.234, 0, Tesla V100-SXM2-32GB, 6, 3309, 32768, 67.28, 38
2026/09/08 09:03:02.285, 0, Tesla V100-SXM2-32GB, 16, 3309, 32768, 137.61, 38
2026/09/08 09:03:04.377, 0, Tesla V100-SXM2-32GB, 6, 3309, 32768, 67.28, 38
2026/09/08 09:03:06.469, 0, Tesla V100-SXM2-32GB, 22, 3309, 32768, 148.85, 39
2026/09/08 09:03:08.521, 0, Tesla V100-SXM2-32GB, 6, 3309, 32768, 66.78, 38
2026/09/08 09:03:10.606, 0, Tesla V100-SXM2-32GB, 6, 3309, 32768, 73.69, 39
2026/09/08 09:03:12.696, 0, Tesla V100-SXM2-32GB, 6, 3309, 32768, 66.78, 38
2026/09/08 09:03:14.784, 0, Tesla V100-SXM2-32GB, 45, 3309, 32768, 67.28, 38
2026/09/08 09:03:16.870, 0, Tesla V100-SXM2-32GB, 6, 3309, 32768, 67.28, 38
2026/09/08 09:03:18.922, 0, Tesla V100-SXM2-32GB, 6, 3309, 32768, 66.78, 38
2026/09/08 09:03:21.013, 0, Tesla V100-SXM2-32GB, 5, 3309, 32768, 66.78, 38
2026/09/08 09:03:23.061, 0, Tesla V100-SXM2-32GB, 5, 3309, 32768, 66.78, 38
2026/09/08 09:03:25.109, 0, Tesla V100-SXM2-32GB, 9, 3309, 32768, 104.17, 39
2026/09/08 09:03:27.179, 0, Tesla V100-SXM2-32GB, 55, 3309, 32768, 67.28, 38
2026/09/08 09:03:29.230, 0, Tesla V100-SXM2-32GB, 6, 3309, 32768, 66.78, 38
2026/09/08 09:03:31.301, 0, Tesla V100-SXM2-32GB, 4, 3309, 32768, 67.28, 37
2026/09/08 09:03:33.372, 0, Tesla V100-SXM2-32GB, 6, 3309, 32768, 67.28, 38
2026/09/08 09:03:35.468, 0, Tesla V100-SXM2-32GB, 58, 3309, 32768, 149.44, 39
2026/09/08 09:03:37.556, 0, Tesla V100-SXM2-32GB, 4, 3309, 32768, 66.78, 37
2026/09/08 09:03:39.628, 0, Tesla V100-SXM2-32GB, 28, 3309, 32768, 66.78, 38
2026/09/08 09:03:41.683, 0, Tesla V100-SXM2-32GB, 6, 3309, 32768, 66.78, 37
2026/09/08 09:03:43.739, 0, Tesla V100-SXM2-32GB, 6, 3309, 32768, 67.28, 38
2026/09/08 09:03:45.790, 0, Tesla V100-SXM2-32GB, 6, 3309, 32768, 66.78, 37
2026/09/08 09:03:47.880, 0, Tesla V100-SXM2-32GB, 54, 3309, 32768, 67.28, 38
2026/09/08 09:03:49.973, 0, Tesla V100-SXM2-32GB, 6, 3309, 32768, 67.28, 37
2026/09/08 09:03:52.045, 0, Tesla V100-SXM2-32GB, 6, 3309, 32768, 67.28, 38
2026/09/08 09:03:54.098, 0, Tesla V100-SXM2-32GB, 6, 3309, 32768, 66.78, 37
2026/09/08 09:03:56.188, 0, Tesla V100-SXM2-32GB, 55, 3309, 32768, 67.28, 38
2026/09/08 09:03:58.244, 0, Tesla V100-SXM2-32GB, 6, 3309, 32768, 66.78, 37
2026/09/08 09:04:00.336, 0, Tesla V100-SXM2-32GB, 6, 3309, 32768, 67.28, 37
2026/09/08 09:04:02.404, 0, Tesla V100-SXM2-32GB, 6, 3309, 32768, 66.78, 37
2026/09/08 09:04:04.458, 0, Tesla V100-SXM2-32GB, 7, 3309, 32768, 66.78, 37
2026/09/08 09:04:06.511, 0, Tesla V100-SXM2-32GB, 6, 3309, 32768, 66.78, 37
2026/09/08 09:04:08.584, 0, Tesla V100-SXM2-32GB, 6, 3309, 32768, 66.78, 37
2026/09/08 09:04:10.638, 0, Tesla V100-SXM2-32GB, 6, 3309, 32768, 67.28, 37
2026/09/08 09:04:12.690, 0, Tesla V100-SXM2-32GB, 6, 3309, 32768, 66.78, 37
2026/09/08 09:04:14.780, 0, Tesla V100-SXM2-32GB, 21, 3309, 32768, 145.90, 37
2026/09/08 09:04:16.852, 0, Tesla V100-SXM2-32GB, 6, 3309, 32768, 66.78, 37
2026/09/08 09:04:18.948, 0, Tesla V100-SXM2-32GB, 56, 3309, 32768, 66.78, 38
2026/09/08 09:04:20.998, 0, Tesla V100-SXM2-32GB, 6, 3309, 32768, 66.78, 37
2026/09/08 09:04:23.087, 0, Tesla V100-SXM2-32GB, 60, 3309, 32768, 155.65, 38
2026/09/08 09:04:25.156, 0, Tesla V100-SXM2-32GB, 6, 3309, 32768, 66.78, 37
2026/09/08 09:04:27.245, 0, Tesla V100-SXM2-32GB, 6, 3309, 32768, 66.78, 37
2026/09/08 09:04:29.298, 0, Tesla V100-SXM2-32GB, 6, 3309, 32768, 68.76, 37
2026/09/08 09:04:31.388, 0, Tesla V100-SXM2-32GB, 34, 3309, 32768, 183.70, 40
2026/09/08 09:04:33.481, 0, Tesla V100-SXM2-32GB, 45, 3309, 32768, 183.70, 41
2026/09/08 09:04:35.568, 0, Tesla V100-SXM2-32GB, 100, 3309, 32768, 182.71, 42
2026/09/08 09:04:37.657, 0, Tesla V100-SXM2-32GB, 100, 3309, 32768, 186.65, 42
2026/09/08 09:04:39.706, 0, Tesla V100-SXM2-32GB, 100, 3309, 32768, 178.78, 43
2026/09/08 09:04:41.765, 0, Tesla V100-SXM2-32GB, 100, 3309, 32768, 70.73, 42
2026/09/08 09:04:43.837, 0, Tesla V100-SXM2-32GB, 95, 3309, 32768, 68.71, 42
2026/09/08 09:04:45.912, 0, Tesla V100-SXM2-32GB, 13, 3309, 32768, 69.21, 41
2026/09/08 09:04:48.000, 0, Tesla V100-SXM2-32GB, 16, 3309, 32768, 194.89, 43
2026/09/08 09:04:50.035, 0, Tesla V100-SXM2-32GB, 28, 3309, 32768, 185.18, 44
2026/09/08 09:04:52.091, 0, Tesla V100-SXM2-32GB, 100, 3309, 32768, 176.81, 44
2026/09/08 09:04:54.180, 0, Tesla V100-SXM2-32GB, 23, 3309, 32768, 167.95, 42
2026/09/08 09:04:56.251, 0, Tesla V100-SXM2-32GB, 15, 3309, 32768, 209.51, 44
2026/09/08 09:04:58.338, 0, Tesla V100-SXM2-32GB, 100, 3309, 32768, 191.94, 45
2026/09/08 09:05:00.424, 0, Tesla V100-SXM2-32GB, 100, 3309, 32768, 193.91, 45
2026/09/08 09:05:02.523, 0, Tesla V100-SXM2-32GB, 98, 3309, 32768, 69.25, 44
2026/09/08 09:05:04.612, 0, Tesla V100-SXM2-32GB, 100, 3309, 32768, 188.62, 45
2026/09/08 09:05:06.705, 0, Tesla V100-SXM2-32GB, 80, 3309, 32768, 69.25, 44
2026/09/08 09:05:08.758, 0, Tesla V100-SXM2-32GB, 73, 3309, 32768, 70.19, 43
2026/09/08 09:05:10.811, 0, Tesla V100-SXM2-32GB, 6, 3309, 32768, 68.26, 42
2026/09/08 09:05:12.861, 0, Tesla V100-SXM2-32GB, 6, 3309, 32768, 56.91, 40
2026/09/08 09:05:14.933, 0, Tesla V100-SXM2-32GB, 77, 3309, 32768, 163.63, 42
2026/09/08 09:05:17.023, 0, Tesla V100-SXM2-32GB, 6, 3309, 32768, 67.77, 40
2026/09/08 09:05:19.074, 0, Tesla V100-SXM2-32GB, 3, 3309, 32768, 68.26, 40
2026/09/08 09:05:21.144, 0, Tesla V100-SXM2-32GB, 6, 3309, 32768, 67.72, 40
2026/09/08 09:05:23.232, 0, Tesla V100-SXM2-32GB, 4, 3309, 32768, 67.77, 40
2026/09/08 09:05:25.299, 0, Tesla V100-SXM2-32GB, 6, 3309, 32768, 67.72, 40
2026/09/08 09:05:27.369, 0, Tesla V100-SXM2-32GB, 6, 3309, 32768, 67.77, 40
2026/09/08 09:05:29.440, 0, Tesla V100-SXM2-32GB, 6, 3309, 32768, 67.77, 39
2026/09/08 09:05:31.487, 0, Tesla V100-SXM2-32GB, 6, 3309, 32768, 67.28, 39
2026/09/08 09:05:33.576, 0, Tesla V100-SXM2-32GB, 6, 3309, 32768, 67.77, 39
2026/09/08 09:05:35.643, 0, Tesla V100-SXM2-32GB, 6, 3309, 32768, 67.77, 39
2026/09/08 09:05:37.712, 0, Tesla V100-SXM2-32GB, 54, 3309, 32768, 67.77, 40
2026/09/08 09:05:39.779, 0, Tesla V100-SXM2-32GB, 6, 3309, 32768, 67.77, 39
2026/09/08 09:05:41.847, 0, Tesla V100-SXM2-32GB, 6, 3309, 32768, 67.28, 39
2026/09/08 09:05:43.917, 0, Tesla V100-SXM2-32GB, 6, 3309, 32768, 67.28, 38
2026/09/08 09:05:45.970, 0, Tesla V100-SXM2-32GB, 6, 3309, 32768, 67.28, 39
2026/09/08 09:05:48.022, 0, Tesla V100-SXM2-32GB, 6, 3309, 32768, 67.28, 38
2026/09/08 09:05:50.113, 0, Tesla V100-SXM2-32GB, 6, 3309, 32768, 67.28, 38
2026/09/08 09:05:52.181, 0, Tesla V100-SXM2-32GB, 55, 3309, 32768, 127.76, 40
2026/09/08 09:05:54.247, 0, Tesla V100-SXM2-32GB, 6, 3309, 32768, 67.23, 38
2026/09/08 09:05:56.316, 0, Tesla V100-SXM2-32GB, 6, 3309, 32768, 67.28, 38
2026/09/08 09:05:58.366, 0, Tesla V100-SXM2-32GB, 6, 3309, 32768, 67.23, 38
2026/09/08 09:06:00.436, 0, Tesla V100-SXM2-32GB, 5, 3309, 32768, 55.92, 37
2026/09/08 09:06:02.505, 0, Tesla V100-SXM2-32GB, 6, 3309, 32768, 67.28, 38
2026/09/08 09:06:04.591, 0, Tesla V100-SXM2-32GB, 6, 3309, 32768, 66.78, 38
2026/09/08 09:06:06.679, 0, Tesla V100-SXM2-32GB, 6, 3309, 32768, 67.28, 38
2026/09/08 09:06:08.747, 0, Tesla V100-SXM2-32GB, 6, 3309, 32768, 66.74, 38
2026/09/08 09:06:10.797, 0, Tesla V100-SXM2-32GB, 5, 3309, 32768, 67.28, 38
2026/09/08 09:06:12.868, 0, Tesla V100-SXM2-32GB, 23, 3309, 32768, 79.57, 39
2026/09/08 09:06:14.923, 0, Tesla V100-SXM2-32GB, 6, 3309, 32768, 67.28, 38
2026/09/08 09:06:16.974, 0, Tesla V100-SXM2-32GB, 6, 3309, 32768, 67.28, 37
2026/09/08 09:06:19.025, 0, Tesla V100-SXM2-32GB, 6, 3309, 32768, 94.31, 39
2026/09/08 09:06:21.097, 0, Tesla V100-SXM2-32GB, 6, 3309, 32768, 66.74, 38
2026/09/08 09:06:23.163, 0, Tesla V100-SXM2-32GB, 63, 3309, 32768, 68.71, 39
2026/09/08 09:06:25.256, 0, Tesla V100-SXM2-32GB, 6, 3309, 32768, 66.78, 38
2026/09/08 09:06:27.328, 0, Tesla V100-SXM2-32GB, 6, 3309, 32768, 67.28, 37
2026/09/08 09:06:29.382, 0, Tesla V100-SXM2-32GB, 6, 3309, 32768, 66.78, 37
2026/09/08 09:06:31.472, 0, Tesla V100-SXM2-32GB, 6, 3309, 32768, 67.28, 37
2026/09/08 09:06:33.560, 0, Tesla V100-SXM2-32GB, 6, 3309, 32768, 66.78, 37
2026/09/08 09:06:35.614, 0, Tesla V100-SXM2-32GB, 6, 3309, 32768, 66.78, 37
2026/09/08 09:06:37.704, 0, Tesla V100-SXM2-32GB, 6, 3309, 32768, 67.28, 37
2026/09/08 09:06:39.754, 0, Tesla V100-SXM2-32GB, 6, 3309, 32768, 66.74, 37
2026/09/08 09:06:41.824, 0, Tesla V100-SXM2-32GB, 6, 3309, 32768, 66.78, 37
2026/09/08 09:06:43.916, 0, Tesla V100-SXM2-32GB, 6, 3309, 32768, 135.64, 39
2026/09/08 09:06:45.970, 0, Tesla V100-SXM2-32GB, 6, 3309, 32768, 66.74, 37
2026/09/08 09:06:48.060, 0, Tesla V100-SXM2-32GB, 6, 3309, 32768, 56.41, 36
2026/09/08 09:06:50.132, 0, Tesla V100-SXM2-32GB, 6, 3309, 32768, 66.74, 37
2026/09/08 09:06:52.224, 0, Tesla V100-SXM2-32GB, 68, 3309, 32768, 170.90, 39
2026/09/08 09:06:54.292, 0, Tesla V100-SXM2-32GB, 6, 3309, 32768, 66.74, 37
2026/09/08 09:06:56.361, 0, Tesla V100-SXM2-32GB, 6, 3309, 32768, 66.74, 37
2026/09/08 09:06:58.392, 0, Tesla V100-SXM2-32GB, 6, 3309, 32768, 66.74, 37
2026/09/08 09:07:00.460, 0, Tesla V100-SXM2-32GB, 5, 3309, 32768, 66.78, 37
2026/09/08 09:07:02.510, 0, Tesla V100-SXM2-32GB, 6, 3309, 32768, 66.78, 37
2026/09/08 09:07:04.599, 0, Tesla V100-SXM2-32GB, 4, 3309, 32768, 66.78, 37
2026/09/08 09:07:06.650, 0, Tesla V100-SXM2-32GB, 6, 3309, 32768, 66.74, 37
2026/09/08 09:07:08.702, 0, Tesla V100-SXM2-32GB, 6, 3309, 32768, 67.23, 37
2026/09/08 09:07:10.792, 0, Tesla V100-SXM2-32GB, 6, 3309, 32768, 66.74, 37
2026/09/08 09:07:12.864, 0, Tesla V100-SXM2-32GB, 6, 3309, 32768, 67.28, 37
2026/09/08 09:07:14.952, 0, Tesla V100-SXM2-32GB, 83, 3309, 32768, 89.87, 39
2026/09/08 09:07:17.025, 0, Tesla V100-SXM2-32GB, 6, 3309, 32768, 66.78, 37
2026/09/08 09:07:19.096, 0, Tesla V100-SXM2-32GB, 6, 3309, 32768, 152.30, 38
2026/09/08 09:07:21.168, 0, Tesla V100-SXM2-32GB, 6, 3309, 32768, 66.74, 37
2026/09/08 09:07:23.237, 0, Tesla V100-SXM2-32GB, 72, 3309, 32768, 112.56, 39
2026/09/08 09:07:25.285, 0, Tesla V100-SXM2-32GB, 5, 3309, 32768, 66.74, 37
2026/09/08 09:07:27.356, 0, Tesla V100-SXM2-32GB, 6, 3309, 32768, 66.78, 37
2026/09/08 09:07:29.428, 0, Tesla V100-SXM2-32GB, 6, 3309, 32768, 67.23, 37
2026/09/08 09:07:31.519, 0, Tesla V100-SXM2-32GB, 6, 3309, 32768, 66.78, 37
2026/09/08 09:07:33.609, 0, Tesla V100-SXM2-32GB, 6, 3309, 32768, 55.92, 36
2026/09/08 09:07:35.675, 0, Tesla V100-SXM2-32GB, 6, 3309, 32768, 66.78, 37
2026/09/08 09:07:37.763, 0, Tesla V100-SXM2-32GB, 34, 3309, 32768, 67.23, 38
2026/09/08 09:07:39.832, 0, Tesla V100-SXM2-32GB, 6, 3309, 32768, 66.74, 37
2026/09/08 09:07:41.920, 0, Tesla V100-SXM2-32GB, 22, 3309, 32768, 67.23, 37
2026/09/08 09:07:43.969, 0, Tesla V100-SXM2-32GB, 55, 3309, 32768, 68.71, 38
2026/09/08 09:07:46.055, 0, Tesla V100-SXM2-32GB, 6, 3309, 32768, 66.78, 37
2026/09/08 09:07:48.124, 0, Tesla V100-SXM2-32GB, 62, 3309, 32768, 68.71, 38
2026/09/08 09:07:50.196, 0, Tesla V100-SXM2-32GB, 6, 3309, 32768, 66.74, 37
2026/09/08 09:07:52.252, 0, Tesla V100-SXM2-32GB, 54, 3309, 32768, 67.23, 38
2026/09/08 09:07:54.302, 0, Tesla V100-SXM2-32GB, 6, 3309, 32768, 66.78, 37
2026/09/08 09:07:56.353, 0, Tesla V100-SXM2-32GB, 6, 3309, 32768, 66.78, 37
2026/09/08 09:07:58.421, 0, Tesla V100-SXM2-32GB, 6, 3309, 32768, 66.78, 37
2026/09/08 09:08:00.474, 0, Tesla V100-SXM2-32GB, 6, 3309, 32768, 66.74, 37
2026/09/08 09:08:02.526, 0, Tesla V100-SXM2-32GB, 4, 3309, 32768, 66.78, 37
2026/09/08 09:08:04.616, 0, Tesla V100-SXM2-32GB, 6, 3309, 32768, 66.74, 37
2026/09/08 09:08:06.665, 0, Tesla V100-SXM2-32GB, 6, 3309, 32768, 66.74, 37
2026/09/08 09:08:08.717, 0, Tesla V100-SXM2-32GB, 5, 3309, 32768, 66.78, 37
2026/09/08 09:08:10.784, 0, Tesla V100-SXM2-32GB, 6, 3309, 32768, 66.74, 37
2026/09/08 09:08:12.851, 0, Tesla V100-SXM2-32GB, 5, 3309, 32768, 66.78, 37
2026/09/08 09:08:14.902, 0, Tesla V100-SXM2-32GB, 56, 3309, 32768, 128.66, 38
2026/09/08 09:08:16.953, 0, Tesla V100-SXM2-32GB, 6, 3309, 32768, 66.74, 37
2026/09/08 09:08:19.043, 0, Tesla V100-SXM2-32GB, 87, 3309, 32768, 149.25, 38
2026/09/08 09:08:21.111, 0, Tesla V100-SXM2-32GB, 6, 3309, 32768, 66.78, 37
2026/09/08 09:08:23.179, 0, Tesla V100-SXM2-32GB, 81, 3309, 32768, 68.22, 39
2026/09/08 09:08:25.248, 0, Tesla V100-SXM2-32GB, 6, 3309, 32768, 66.74, 37
2026/09/08 09:08:27.322, 0, Tesla V100-SXM2-32GB, 6, 3309, 32768, 66.78, 38
2026/09/08 09:08:29.392, 0, Tesla V100-SXM2-32GB, 6, 3309, 32768, 66.78, 37
2026/09/08 09:08:31.480, 0, Tesla V100-SXM2-32GB, 5, 3309, 32768, 66.74, 37
2026/09/08 09:08:33.567, 0, Tesla V100-SXM2-32GB, 6, 3309, 32768, 66.78, 37
2026/09/08 09:08:35.655, 0, Tesla V100-SXM2-32GB, 6, 3309, 32768, 66.78, 37
2026/09/08 09:08:37.724, 0, Tesla V100-SXM2-32GB, 6, 3309, 32768, 66.78, 37
2026/09/08 09:08:39.817, 0, Tesla V100-SXM2-32GB, 6, 3309, 32768, 66.78, 37
2026/09/08 09:08:41.872, 0, Tesla V100-SXM2-32GB, 72, 3309, 32768, 69.70, 39
2026/09/08 09:08:43.945, 0, Tesla V100-SXM2-32GB, 6, 3309, 32768, 66.74, 38
2026/09/08 09:08:46.016, 0, Tesla V100-SXM2-32GB, 89, 3309, 32768, 175.33, 41
2026/09/08 09:08:48.088, 0, Tesla V100-SXM2-32GB, 100, 3309, 32768, 192.92, 42
2026/09/08 09:08:50.180, 0, Tesla V100-SXM2-32GB, 100, 3309, 32768, 199.81, 43
2026/09/08 09:08:52.268, 0, Tesla V100-SXM2-32GB, 80, 3309, 32768, 71.18, 42
2026/09/08 09:08:54.321, 0, Tesla V100-SXM2-32GB, 74, 3309, 32768, 68.22, 42
2026/09/08 09:08:56.412, 0, Tesla V100-SXM2-32GB, 67, 3309, 32768, 68.71, 42
2026/09/08 09:08:58.480, 0, Tesla V100-SXM2-32GB, 37, 3309, 32768, 182.10, 43
2026/09/08 09:09:00.572, 0, Tesla V100-SXM2-32GB, 35, 3309, 32768, 189.48, 44
2026/09/08 09:09:02.626, 0, Tesla V100-SXM2-32GB, 46, 3309, 32768, 198.33, 44
2026/09/08 09:09:04.678, 0, Tesla V100-SXM2-32GB, 100, 3309, 32768, 174.35, 45
2026/09/08 09:09:06.768, 0, Tesla V100-SXM2-32GB, 100, 3309, 32768, 202.27, 45
2026/09/08 09:09:08.857, 0, Tesla V100-SXM2-32GB, 99, 3309, 32768, 75.13, 45
2026/09/08 09:09:10.914, 0, Tesla V100-SXM2-32GB, 84, 3309, 32768, 68.71, 44
2026/09/08 09:09:12.963, 0, Tesla V100-SXM2-32GB, 67, 3309, 32768, 69.70, 44
2026/09/08 09:09:15.051, 0, Tesla V100-SXM2-32GB, 55, 3309, 32768, 182.71, 45
2026/09/08 09:09:17.103, 0, Tesla V100-SXM2-32GB, 68, 3309, 32768, 178.78, 46
2026/09/08 09:09:19.193, 0, Tesla V100-SXM2-32GB, 80, 3309, 32768, 201.65, 46
2026/09/08 09:09:21.245, 0, Tesla V100-SXM2-32GB, 100, 3309, 32768, 179.27, 47
2026/09/08 09:09:23.316, 0, Tesla V100-SXM2-32GB, 100, 3309, 32768, 87.46, 46
2026/09/08 09:09:25.407, 0, Tesla V100-SXM2-32GB, 5, 3309, 32768, 68.76, 43
2026/09/08 09:09:27.496, 0, Tesla V100-SXM2-32GB, 6, 3309, 32768, 57.40, 42
2026/09/08 09:09:29.554, 0, Tesla V100-SXM2-32GB, 74, 3309, 32768, 68.71, 43
2026/09/08 09:09:31.607, 0, Tesla V100-SXM2-32GB, 6, 3309, 32768, 68.26, 42
2026/09/08 09:09:33.663, 0, Tesla V100-SXM2-32GB, 6, 3309, 32768, 68.76, 42
2026/09/08 09:09:35.714, 0, Tesla V100-SXM2-32GB, 6, 3309, 32768, 68.26, 41
2026/09/08 09:09:37.764, 0, Tesla V100-SXM2-32GB, 5, 3309, 32768, 68.22, 41
2026/09/08 09:09:39.817, 0, Tesla V100-SXM2-32GB, 6, 3309, 32768, 68.26, 41
2026/09/08 09:09:41.888, 0, Tesla V100-SXM2-32GB, 6, 3309, 32768, 68.26, 41
2026/09/08 09:09:43.962, 0, Tesla V100-SXM2-32GB, 6, 3309, 32768, 68.26, 41
2026/09/08 09:09:46.032, 0, Tesla V100-SXM2-32GB, 6, 3309, 32768, 68.26, 41
2026/09/08 09:09:48.104, 0, Tesla V100-SXM2-32GB, 6, 3309, 32768, 67.77, 40
2026/09/08 09:09:50.159, 0, Tesla V100-SXM2-32GB, 6, 3309, 32768, 68.26, 40
2026/09/08 09:09:52.215, 0, Tesla V100-SXM2-32GB, 52, 3309, 32768, 188.01, 42
2026/09/08 09:09:54.266, 0, Tesla V100-SXM2-32GB, 6, 3309, 32768, 68.22, 40
2026/09/08 09:09:56.361, 0, Tesla V100-SXM2-32GB, 9, 3309, 32768, 91.90, 42
2026/09/08 09:09:58.420, 0, Tesla V100-SXM2-32GB, 6, 3309, 32768, 67.77, 40
2026/09/08 09:10:00.488, 0, Tesla V100-SXM2-32GB, 5, 3309, 32768, 67.77, 40
2026/09/08 09:10:02.548, 0, Tesla V100-SXM2-32GB, 6, 3309, 32768, 67.77, 40
2026/09/08 09:10:04.620, 0, Tesla V100-SXM2-32GB, 6, 3309, 32768, 67.77, 40
2026/09/08 09:10:06.673, 0, Tesla V100-SXM2-32GB, 46, 3309, 32768, 69.25, 40
2026/09/08 09:10:08.727, 0, Tesla V100-SXM2-32GB, 6, 3309, 32768, 67.77, 40
2026/09/08 09:10:10.778, 0, Tesla V100-SXM2-32GB, 6, 3309, 32768, 67.77, 40
2026/09/08 09:10:12.872, 0, Tesla V100-SXM2-32GB, 6, 3309, 32768, 67.77, 40
2026/09/08 09:10:14.969, 0, Tesla V100-SXM2-32GB, 6, 3309, 32768, 67.77, 40
2026/09/08 09:10:17.023, 0, Tesla V100-SXM2-32GB, 55, 3309, 32768, 69.70, 40
2026/09/08 09:10:19.112, 0, Tesla V100-SXM2-32GB, 6, 3309, 32768, 67.77, 39
2026/09/08 09:10:21.205, 0, Tesla V100-SXM2-32GB, 6, 3309, 32768, 67.77, 40
2026/09/08 09:10:23.258, 0, Tesla V100-SXM2-32GB, 6, 3309, 32768, 67.28, 39
2026/09/08 09:10:25.348, 0, Tesla V100-SXM2-32GB, 4, 3309, 32768, 67.77, 40
2026/09/08 09:10:27.441, 0, Tesla V100-SXM2-32GB, 6, 3309, 32768, 67.77, 39
2026/09/08 09:10:29.532, 0, Tesla V100-SXM2-32GB, 7, 3309, 32768, 90.92, 39
2026/09/08 09:10:31.603, 0, Tesla V100-SXM2-32GB, 6, 3309, 32768, 67.77, 39
2026/09/08 09:10:33.693, 0, Tesla V100-SXM2-32GB, 6, 3309, 32768, 81.54, 40
2026/09/08 09:10:35.747, 0, Tesla V100-SXM2-32GB, 4, 3309, 32768, 67.77, 39
2026/09/08 09:10:37.798, 0, Tesla V100-SXM2-32GB, 47, 3309, 32768, 68.76, 40
2026/09/08 09:10:39.892, 0, Tesla V100-SXM2-32GB, 9, 3309, 32768, 158.11, 41
2026/09/08 09:10:41.964, 0, Tesla V100-SXM2-32GB, 6, 3309, 32768, 67.77, 39
2026/09/08 09:10:44.019, 0, Tesla V100-SXM2-32GB, 68, 3309, 32768, 129.24, 41
2026/09/08 09:10:46.069, 0, Tesla V100-SXM2-32GB, 5, 3309, 32768, 67.28, 39
2026/09/08 09:10:48.162, 0, Tesla V100-SXM2-32GB, 81, 3309, 32768, 112.06, 41
2026/09/08 09:10:50.257, 0, Tesla V100-SXM2-32GB, 6, 3309, 32768, 67.28, 39
2026/09/08 09:10:52.348, 0, Tesla V100-SXM2-32GB, 6, 3309, 32768, 67.77, 39
2026/09/08 09:10:54.420, 0, Tesla V100-SXM2-32GB, 6, 3309, 32768, 67.28, 39
2026/09/08 09:10:56.470, 0, Tesla V100-SXM2-32GB, 6, 3309, 32768, 67.77, 39
2026/09/08 09:10:58.565, 0, Tesla V100-SXM2-32GB, 6, 3309, 32768, 67.28, 39
2026/09/08 09:11:00.652, 0, Tesla V100-SXM2-32GB, 5, 3309, 32768, 67.77, 39
2026/09/08 09:11:02.724, 0, Tesla V100-SXM2-32GB, 6, 3309, 32768, 55.92, 38
2026/09/08 09:11:04.778, 0, Tesla V100-SXM2-32GB, 6, 3309, 32768, 67.28, 39
2026/09/08 09:11:06.830, 0, Tesla V100-SXM2-32GB, 6, 3309, 32768, 67.28, 38
2026/09/08 09:11:08.900, 0, Tesla V100-SXM2-32GB, 6, 3309, 32768, 67.28, 38
2026/09/08 09:11:10.955, 0, Tesla V100-SXM2-32GB, 46, 3309, 32768, 105.65, 40
2026/09/08 09:11:13.024, 0, Tesla V100-SXM2-32GB, 6, 3309, 32768, 67.77, 38
2026/09/08 09:11:15.093, 0, Tesla V100-SXM2-32GB, 86, 3309, 32768, 204.73, 40
2026/09/08 09:11:17.148, 0, Tesla V100-SXM2-32GB, 6, 3309, 32768, 67.28, 38
2026/09/08 09:11:19.241, 0, Tesla V100-SXM2-32GB, 42, 3309, 32768, 176.43, 40
2026/09/08 09:11:21.340, 0, Tesla V100-SXM2-32GB, 6, 3309, 32768, 67.77, 38
2026/09/08 09:11:23.391, 0, Tesla V100-SXM2-32GB, 6, 3309, 32768, 67.77, 39
2026/09/08 09:11:25.483, 0, Tesla V100-SXM2-32GB, 6, 3309, 32768, 67.28, 38
2026/09/08 09:11:27.556, 0, Tesla V100-SXM2-32GB, 6, 3309, 32768, 67.28, 38
2026/09/08 09:11:29.649, 0, Tesla V100-SXM2-32GB, 6, 3309, 32768, 67.28, 38
2026/09/08 09:11:31.720, 0, Tesla V100-SXM2-32GB, 6, 3309, 32768, 67.28, 38
2026/09/08 09:11:33.793, 0, Tesla V100-SXM2-32GB, 6, 3309, 32768, 67.28, 38
2026/09/08 09:11:35.864, 0, Tesla V100-SXM2-32GB, 6, 3309, 32768, 67.77, 38
2026/09/08 09:11:37.938, 0, Tesla V100-SXM2-32GB, 6, 3309, 32768, 151.81, 38
2026/09/08 09:11:40.033, 0, Tesla V100-SXM2-32GB, 5, 3309, 32768, 67.28, 38
2026/09/08 09:11:42.087, 0, Tesla V100-SXM2-32GB, 75, 3309, 32768, 68.26, 39
2026/09/08 09:11:44.180, 0, Tesla V100-SXM2-32GB, 6, 3309, 32768, 66.78, 38
2026/09/08 09:11:46.231, 0, Tesla V100-SXM2-32GB, 6, 3309, 32768, 67.77, 38
2026/09/08 09:11:48.301, 0, Tesla V100-SXM2-32GB, 6, 3309, 32768, 67.28, 38
2026/09/08 09:11:50.392, 0, Tesla V100-SXM2-32GB, 5, 3309, 32768, 67.28, 38
2026/09/08 09:11:52.480, 0, Tesla V100-SXM2-32GB, 6, 3309, 32768, 66.78, 38
2026/09/08 09:11:54.530, 0, Tesla V100-SXM2-32GB, 6, 3309, 32768, 67.28, 38
2026/09/08 09:11:56.604, 0, Tesla V100-SXM2-32GB, 6, 3309, 32768, 67.28, 38
2026/09/08 09:11:58.697, 0, Tesla V100-SXM2-32GB, 66, 3309, 32768, 69.70, 39
2026/09/08 09:12:00.751, 0, Tesla V100-SXM2-32GB, 6, 3309, 32768, 67.28, 38
2026/09/08 09:12:02.821, 0, Tesla V100-SXM2-32GB, 6, 3309, 32768, 66.78, 38
2026/09/08 09:12:04.892, 0, Tesla V100-SXM2-32GB, 6, 3309, 32768, 67.28, 38
2026/09/08 09:12:06.980, 0, Tesla V100-SXM2-32GB, 6, 3309, 32768, 182.10, 38
2026/09/08 09:12:09.034, 0, Tesla V100-SXM2-32GB, 6, 3309, 32768, 67.28, 38
2026/09/08 09:12:11.087, 0, Tesla V100-SXM2-32GB, 6, 3309, 32768, 87.96, 38
2026/09/08 09:12:13.138, 0, Tesla V100-SXM2-32GB, 6, 3309, 32768, 67.28, 37
2026/09/08 09:12:15.195, 0, Tesla V100-SXM2-32GB, 86, 3309, 32768, 145.50, 40
2026/09/08 09:12:17.250, 0, Tesla V100-SXM2-32GB, 6, 3309, 32768, 66.78, 37
2026/09/08 09:12:19.321, 0, Tesla V100-SXM2-32GB, 28, 3309, 32768, 161.16, 39
2026/09/08 09:12:21.369, 0, Tesla V100-SXM2-32GB, 6, 3309, 32768, 67.28, 37
2026/09/08 09:12:23.417, 0, Tesla V100-SXM2-32GB, 40, 3309, 32768, 168.06, 40
2026/09/08 09:12:25.508, 0, Tesla V100-SXM2-32GB, 6, 3309, 32768, 66.78, 37
2026/09/08 09:12:27.600, 0, Tesla V100-SXM2-32GB, 6, 3309, 32768, 67.28, 38
2026/09/08 09:12:29.635, 0, Tesla V100-SXM2-32GB, 6, 3309, 32768, 67.28, 37
2026/09/08 09:12:31.687, 0, Tesla V100-SXM2-32GB, 6, 3309, 32768, 66.78, 37
2026/09/08 09:12:33.780, 0, Tesla V100-SXM2-32GB, 6, 3309, 32768, 66.78, 37
2026/09/08 09:12:35.872, 0, Tesla V100-SXM2-32GB, 6, 3309, 32768, 66.78, 37
2026/09/08 09:12:37.968, 0, Tesla V100-SXM2-32GB, 6, 3309, 32768, 67.28, 37
2026/09/08 09:12:40.056, 0, Tesla V100-SXM2-32GB, 6, 3309, 32768, 67.28, 37
2026/09/08 09:12:42.107, 0, Tesla V100-SXM2-32GB, 55, 3309, 32768, 67.28, 38
2026/09/08 09:12:44.175, 0, Tesla V100-SXM2-32GB, 6, 3309, 32768, 66.78, 37
2026/09/08 09:12:46.227, 0, Tesla V100-SXM2-32GB, 37, 3309, 32768, 67.28, 38
2026/09/08 09:12:48.300, 0, Tesla V100-SXM2-32GB, 6, 3309, 32768, 66.78, 37
2026/09/08 09:12:50.355, 0, Tesla V100-SXM2-32GB, 47, 3309, 32768, 106.14, 39
2026/09/08 09:12:52.428, 0, Tesla V100-SXM2-32GB, 6, 3309, 32768, 66.78, 37
2026/09/08 09:12:54.500, 0, Tesla V100-SXM2-32GB, 7, 3309, 32768, 67.28, 37
2026/09/08 09:12:56.596, 0, Tesla V100-SXM2-32GB, 6, 3309, 32768, 67.28, 37
2026/09/08 09:12:58.672, 0, Tesla V100-SXM2-32GB, 13, 3309, 32768, 66.78, 38
2026/09/08 09:13:00.763, 0, Tesla V100-SXM2-32GB, 71, 3309, 32768, 193.91, 40
2026/09/08 09:13:02.815, 0, Tesla V100-SXM2-32GB, 81, 3309, 32768, 188.62, 41
2026/09/08 09:13:04.884, 0, Tesla V100-SXM2-32GB, 100, 3309, 32768, 194.40, 42
2026/09/08 09:13:06.939, 0, Tesla V100-SXM2-32GB, 100, 3309, 32768, 183.70, 42
2026/09/08 09:13:09.012, 0, Tesla V100-SXM2-32GB, 100, 3309, 32768, 69.25, 41
2026/09/08 09:13:11.067, 0, Tesla V100-SXM2-32GB, 69, 3309, 32768, 68.76, 41
2026/09/08 09:13:13.137, 0, Tesla V100-SXM2-32GB, 53, 3309, 32768, 70.19, 41
2026/09/08 09:13:15.232, 0, Tesla V100-SXM2-32GB, 63, 3309, 32768, 187.02, 43
2026/09/08 09:13:17.288, 0, Tesla V100-SXM2-32GB, 80, 3309, 32768, 202.76, 43
2026/09/08 09:13:19.376, 0, Tesla V100-SXM2-32GB, 94, 3309, 32768, 182.71, 44
2026/09/08 09:13:21.410, 0, Tesla V100-SXM2-32GB, 100, 3309, 32768, 176.32, 44
2026/09/08 09:13:23.464, 0, Tesla V100-SXM2-32GB, 100, 3309, 32768, 71.67, 43
2026/09/08 09:13:25.519, 0, Tesla V100-SXM2-32GB, 99, 3309, 32768, 69.25, 43
2026/09/08 09:13:27.609, 0, Tesla V100-SXM2-32GB, 13, 3309, 32768, 69.70, 42
2026/09/08 09:13:29.677, 0, Tesla V100-SXM2-32GB, 15, 3309, 32768, 187.51, 44
2026/09/08 09:13:31.769, 0, Tesla V100-SXM2-32GB, 100, 3309, 32768, 192.56, 45
2026/09/08 09:13:33.860, 0, Tesla V100-SXM2-32GB, 100, 3309, 32768, 193.42, 45
2026/09/08 09:13:35.910, 0, Tesla V100-SXM2-32GB, 100, 3309, 32768, 195.38, 46
2026/09/08 09:13:37.980, 0, Tesla V100-SXM2-32GB, 100, 3309, 32768, 141.56, 46
2026/09/08 09:13:40.034, 0, Tesla V100-SXM2-32GB, 84, 3309, 32768, 69.25, 44
2026/09/08 09:13:42.104, 0, Tesla V100-SXM2-32GB, 6, 3309, 32768, 68.26, 41
2026/09/08 09:13:44.157, 0, Tesla V100-SXM2-32GB, 6, 3309, 32768, 56.91, 40
2026/09/08 09:13:46.210, 0, Tesla V100-SXM2-32GB, 5, 3309, 32768, 67.77, 41
2026/09/08 09:13:48.262, 0, Tesla V100-SXM2-32GB, 6, 3309, 32768, 67.77, 40
2026/09/08 09:13:50.332, 0, Tesla V100-SXM2-32GB, 6, 3309, 32768, 68.26, 40
2026/09/08 09:13:52.404, 0, Tesla V100-SXM2-32GB, 27, 3309, 32768, 120.37, 41
2026/09/08 09:13:54.476, 0, Tesla V100-SXM2-32GB, 6, 3309, 32768, 67.77, 40
2026/09/08 09:13:56.569, 0, Tesla V100-SXM2-32GB, 81, 3309, 32768, 77.59, 41
2026/09/08 09:13:58.621, 0, Tesla V100-SXM2-32GB, 6, 3309, 32768, 67.77, 40
2026/09/08 09:14:00.691, 0, Tesla V100-SXM2-32GB, 5, 3309, 32768, 68.26, 40
2026/09/08 09:14:02.779, 0, Tesla V100-SXM2-32GB, 6, 3309, 32768, 67.23, 39
2026/09/08 09:14:04.830, 0, Tesla V100-SXM2-32GB, 9, 3309, 32768, 156.73, 41
2026/09/08 09:14:06.882, 0, Tesla V100-SXM2-32GB, 6, 3309, 32768, 67.28, 39
2026/09/08 09:14:08.974, 0, Tesla V100-SXM2-32GB, 6, 3309, 32768, 67.72, 39
2026/09/08 09:14:11.049, 0, Tesla V100-SXM2-32GB, 6, 3309, 32768, 67.28, 39
2026/09/08 09:14:13.101, 0, Tesla V100-SXM2-32GB, 6, 3309, 32768, 67.28, 39
2026/09/08 09:14:15.192, 0, Tesla V100-SXM2-32GB, 6, 3309, 32768, 67.28, 39
2026/09/08 09:14:17.245, 0, Tesla V100-SXM2-32GB, 6, 3309, 32768, 67.28, 39
2026/09/08 09:14:19.295, 0, Tesla V100-SXM2-32GB, 66, 3309, 32768, 68.22, 39
2026/09/08 09:14:21.350, 0, Tesla V100-SXM2-32GB, 6, 3309, 32768, 67.28, 38
2026/09/08 09:14:23.440, 0, Tesla V100-SXM2-32GB, 52, 3309, 32768, 67.72, 39
2026/09/08 09:14:25.532, 0, Tesla V100-SXM2-32GB, 6, 3309, 32768, 67.28, 38
2026/09/08 09:14:27.605, 0, Tesla V100-SXM2-32GB, 82, 3309, 32768, 86.97, 40
2026/09/08 09:14:29.659, 0, Tesla V100-SXM2-32GB, 6, 3309, 32768, 67.28, 38
2026/09/08 09:14:31.710, 0, Tesla V100-SXM2-32GB, 70, 3309, 32768, 62.83, 39
2026/09/08 09:14:33.761, 0, Tesla V100-SXM2-32GB, 6, 3309, 32768, 67.28, 38
2026/09/08 09:14:35.809, 0, Tesla V100-SXM2-32GB, 28, 3309, 32768, 98.75, 39
2026/09/08 09:14:37.899, 0, Tesla V100-SXM2-32GB, 6, 3309, 32768, 67.28, 38
2026/09/08 09:14:39.994, 0, Tesla V100-SXM2-32GB, 52, 3309, 32768, 67.77, 38
2026/09/08 09:14:42.063, 0, Tesla V100-SXM2-32GB, 6, 3309, 32768, 67.23, 38
2026/09/08 09:14:44.096, 0, Tesla V100-SXM2-32GB, 6, 3309, 32768, 67.23, 38
2026/09/08 09:14:46.151, 0, Tesla V100-SXM2-32GB, 6, 3309, 32768, 66.78, 38
2026/09/08 09:14:48.203, 0, Tesla V100-SXM2-32GB, 6, 3309, 32768, 138.02, 38
2026/09/08 09:14:50.272, 0, Tesla V100-SXM2-32GB, 53, 3309, 32768, 67.28, 38
2026/09/08 09:14:52.346, 0, Tesla V100-SXM2-32GB, 6, 3309, 32768, 66.78, 38
2026/09/08 09:14:54.415, 0, Tesla V100-SXM2-32GB, 55, 3309, 32768, 170.41, 39
2026/09/08 09:14:56.484, 0, Tesla V100-SXM2-32GB, 6, 3309, 32768, 66.78, 38
2026/09/08 09:14:58.572, 0, Tesla V100-SXM2-32GB, 31, 3309, 32768, 121.85, 38
2026/09/08 09:15:00.643, 0, Tesla V100-SXM2-32GB, 4, 3309, 32768, 66.78, 37
2026/09/08 09:15:02.730, 0, Tesla V100-SXM2-32GB, 54, 3309, 32768, 68.71, 38
2026/09/08 09:15:04.783, 0, Tesla V100-SXM2-32GB, 6, 3309, 32768, 66.78, 37
2026/09/08 09:15:06.843, 0, Tesla V100-SXM2-32GB, 54, 3309, 32768, 66.74, 38
2026/09/08 09:15:08.911, 0, Tesla V100-SXM2-32GB, 6, 3309, 32768, 67.28, 37
2026/09/08 09:15:10.963, 0, Tesla V100-SXM2-32GB, 5, 3309, 32768, 67.23, 37
2026/09/08 09:15:13.037, 0, Tesla V100-SXM2-32GB, 6, 3309, 32768, 66.78, 37
2026/09/08 09:15:15.110, 0, Tesla V100-SXM2-32GB, 51, 3309, 32768, 128.25, 38
2026/09/08 09:15:17.148, 0, Tesla V100-SXM2-32GB, 6, 3309, 32768, 66.78, 37
2026/09/08 09:15:19.241, 0, Tesla V100-SXM2-32GB, 53, 3309, 32768, 73.15, 37
2026/09/08 09:15:21.294, 0, Tesla V100-SXM2-32GB, 6, 3309, 32768, 67.23, 37
2026/09/08 09:15:23.365, 0, Tesla V100-SXM2-32GB, 28, 3309, 32768, 66.78, 37
2026/09/08 09:15:25.456, 0, Tesla V100-SXM2-32GB, 6, 3309, 32768, 66.78, 37
2026/09/08 09:15:27.553, 0, Tesla V100-SXM2-32GB, 6, 3309, 32768, 66.74, 37
2026/09/08 09:15:29.606, 0, Tesla V100-SXM2-32GB, 6, 3309, 32768, 66.78, 37
2026/09/08 09:15:31.659, 0, Tesla V100-SXM2-32GB, 6, 3309, 32768, 66.78, 37
2026/09/08 09:15:33.713, 0, Tesla V100-SXM2-32GB, 6, 3309, 32768, 66.78, 37
2026/09/08 09:15:35.804, 0, Tesla V100-SXM2-32GB, 6, 3309, 32768, 66.78, 37
2026/09/08 09:15:37.877, 0, Tesla V100-SXM2-32GB, 56, 3309, 32768, 68.22, 38
2026/09/08 09:15:39.932, 0, Tesla V100-SXM2-32GB, 6, 3309, 32768, 67.28, 37
2026/09/08 09:15:42.024, 0, Tesla V100-SXM2-32GB, 5, 3309, 32768, 66.74, 37
2026/09/08 09:15:44.078, 0, Tesla V100-SXM2-32GB, 6, 3309, 32768, 66.78, 37
2026/09/08 09:15:46.131, 0, Tesla V100-SXM2-32GB, 6, 3309, 32768, 88.94, 37
2026/09/08 09:15:48.183, 0, Tesla V100-SXM2-32GB, 6, 3309, 32768, 66.78, 37
2026/09/08 09:15:50.233, 0, Tesla V100-SXM2-32GB, 56, 3309, 32768, 73.15, 38
2026/09/08 09:15:52.286, 0, Tesla V100-SXM2-32GB, 6, 3309, 32768, 66.74, 37
2026/09/08 09:15:54.376, 0, Tesla V100-SXM2-32GB, 6, 3309, 32768, 66.74, 37
2026/09/08 09:15:56.448, 0, Tesla V100-SXM2-32GB, 6, 3309, 32768, 66.78, 37
2026/09/08 09:15:58.540, 0, Tesla V100-SXM2-32GB, 6, 3309, 32768, 66.74, 37
2026/09/08 09:16:00.642, 0, Tesla V100-SXM2-32GB, 6, 3309, 32768, 66.78, 37
2026/09/08 09:16:02.675, 0, Tesla V100-SXM2-32GB, 5, 3309, 32768, 66.74, 37
2026/09/08 09:16:04.764, 0, Tesla V100-SXM2-32GB, 6, 3309, 32768, 114.53, 37
2026/09/08 09:16:06.836, 0, Tesla V100-SXM2-32GB, 6, 3309, 32768, 66.78, 37
2026/09/08 09:16:08.928, 0, Tesla V100-SXM2-32GB, 6, 3309, 32768, 138.02, 38
2026/09/08 09:16:10.996, 0, Tesla V100-SXM2-32GB, 6, 3309, 32768, 66.74, 37
2026/09/08 09:16:13.052, 0, Tesla V100-SXM2-32GB, 54, 3309, 32768, 67.23, 37
2026/09/08 09:16:15.125, 0, Tesla V100-SXM2-32GB, 25, 3309, 32768, 77.59, 38
2026/09/08 09:16:17.197, 0, Tesla V100-SXM2-32GB, 6, 3309, 32768, 66.74, 37
2026/09/08 09:16:19.251, 0, Tesla V100-SXM2-32GB, 82, 3309, 32768, 115.44, 38
2026/09/08 09:16:21.306, 0, Tesla V100-SXM2-32GB, 6, 3309, 32768, 66.74, 37
2026/09/08 09:16:23.359, 0, Tesla V100-SXM2-32GB, 55, 3309, 32768, 67.23, 38
2026/09/08 09:16:25.432, 0, Tesla V100-SXM2-32GB, 5, 3309, 32768, 66.78, 37
2026/09/08 09:16:27.484, 0, Tesla V100-SXM2-32GB, 6, 3309, 32768, 66.74, 37
2026/09/08 09:16:29.556, 0, Tesla V100-SXM2-32GB, 6, 3309, 32768, 66.78, 37
2026/09/08 09:16:31.612, 0, Tesla V100-SXM2-32GB, 6, 3309, 32768, 66.74, 37
2026/09/08 09:16:33.704, 0, Tesla V100-SXM2-32GB, 6, 3309, 32768, 66.78, 36
2026/09/08 09:16:35.777, 0, Tesla V100-SXM2-32GB, 56, 3309, 32768, 66.74, 37
2026/09/08 09:16:37.848, 0, Tesla V100-SXM2-32GB, 6, 3309, 32768, 66.24, 36
2026/09/08 09:16:39.903, 0, Tesla V100-SXM2-32GB, 6, 3309, 32768, 66.74, 37
2026/09/08 09:16:41.959, 0, Tesla V100-SXM2-32GB, 6, 3309, 32768, 66.74, 36
2026/09/08 09:16:44.028, 0, Tesla V100-SXM2-32GB, 6, 3309, 32768, 66.78, 37
2026/09/08 09:16:46.101, 0, Tesla V100-SXM2-32GB, 8, 3309, 32768, 66.74, 36
2026/09/08 09:16:48.154, 0, Tesla V100-SXM2-32GB, 6, 3309, 32768, 66.29, 37
2026/09/08 09:16:50.228, 0, Tesla V100-SXM2-32GB, 6, 3309, 32768, 57.89, 36
2026/09/08 09:16:52.262, 0, Tesla V100-SXM2-32GB, 6, 3309, 32768, 66.78, 37
2026/09/08 09:16:54.352, 0, Tesla V100-SXM2-32GB, 71, 3309, 32768, 104.17, 38
2026/09/08 09:16:56.406, 0, Tesla V100-SXM2-32GB, 6, 3309, 32768, 66.74, 36
2026/09/08 09:16:58.459, 0, Tesla V100-SXM2-32GB, 6, 3309, 32768, 66.74, 37
2026/09/08 09:17:00.491, 0, Tesla V100-SXM2-32GB, 5, 3309, 32768, 66.78, 36
2026/09/08 09:17:02.580, 0, Tesla V100-SXM2-32GB, 6, 3309, 32768, 66.74, 37
2026/09/08 09:17:04.635, 0, Tesla V100-SXM2-32GB, 6, 3309, 32768, 66.74, 37
2026/09/08 09:17:06.670, 0, Tesla V100-SXM2-32GB, 5, 3309, 32768, 66.74, 37
2026/09/08 09:17:08.760, 0, Tesla V100-SXM2-32GB, 6, 3309, 32768, 66.74, 37
2026/09/08 09:17:10.852, 0, Tesla V100-SXM2-32GB, 6, 3309, 32768, 66.78, 37
2026/09/08 09:17:12.887, 0, Tesla V100-SXM2-32GB, 6, 3309, 32768, 67.23, 37
2026/09/08 09:17:14.937, 0, Tesla V100-SXM2-32GB, 5, 3309, 32768, 66.74, 37
2026/09/08 09:17:16.991, 0, Tesla V100-SXM2-32GB, 100, 3309, 32768, 181.73, 41
2026/09/08 09:17:19.064, 0, Tesla V100-SXM2-32GB, 100, 3309, 32768, 171.89, 41
2026/09/08 09:17:21.119, 0, Tesla V100-SXM2-32GB, 100, 3309, 32768, 188.50, 42
2026/09/08 09:17:23.210, 0, Tesla V100-SXM2-32GB, 71, 3309, 32768, 68.71, 41
2026/09/08 09:17:25.305, 0, Tesla V100-SXM2-32GB, 88, 3309, 32768, 68.22, 41
2026/09/08 09:17:27.377, 0, Tesla V100-SXM2-32GB, 62, 3309, 32768, 68.71, 41
2026/09/08 09:17:29.464, 0, Tesla V100-SXM2-32GB, 44, 3309, 32768, 196.37, 42
2026/09/08 09:17:31.498, 0, Tesla V100-SXM2-32GB, 49, 3309, 32768, 194.40, 43
2026/09/08 09:17:33.553, 0, Tesla V100-SXM2-32GB, 53, 3309, 32768, 201.29, 43
2026/09/08 09:17:35.644, 0, Tesla V100-SXM2-32GB, 60, 3309, 32768, 189.48, 44
2026/09/08 09:17:37.732, 0, Tesla V100-SXM2-32GB, 100, 3309, 32768, 185.55, 44
2026/09/08 09:17:39.820, 0, Tesla V100-SXM2-32GB, 100, 3309, 32768, 181.73, 45
2026/09/08 09:17:41.918, 0, Tesla V100-SXM2-32GB, 100, 3309, 32768, 69.21, 43
2026/09/08 09:17:44.009, 0, Tesla V100-SXM2-32GB, 99, 3309, 32768, 70.68, 43
2026/09/08 09:17:46.058, 0, Tesla V100-SXM2-32GB, 14, 3309, 32768, 112.48, 43
2026/09/08 09:17:48.148, 0, Tesla V100-SXM2-32GB, 21, 3309, 32768, 178.66, 45
2026/09/08 09:17:50.236, 0, Tesla V100-SXM2-32GB, 100, 3309, 32768, 196.37, 46
2026/09/08 09:17:52.285, 0, Tesla V100-SXM2-32GB, 100, 3309, 32768, 179.76, 46
2026/09/08 09:17:54.389, 0, Tesla V100-SXM2-32GB, 100, 3309, 32768, 81.54, 46
2026/09/08 09:17:56.465, 0, Tesla V100-SXM2-32GB, 4, 3309, 32768, 68.71, 43
2026/09/08 09:17:58.518, 0, Tesla V100-SXM2-32GB, 6, 3309, 32768, 57.40, 42
2026/09/08 09:18:00.589, 0, Tesla V100-SXM2-32GB, 5, 3309, 32768, 56.91, 41
2026/09/08 09:18:02.642, 0, Tesla V100-SXM2-32GB, 5, 3309, 32768, 68.26, 41
2026/09/08 09:18:04.732, 0, Tesla V100-SXM2-32GB, 56, 3309, 32768, 69.70, 42
2026/09/08 09:18:06.782, 0, Tesla V100-SXM2-32GB, 6, 3309, 32768, 67.72, 41
2026/09/08 09:18:08.835, 0, Tesla V100-SXM2-32GB, 27, 3309, 32768, 68.22, 41
2026/09/08 09:18:10.890, 0, Tesla V100-SXM2-32GB, 6, 3309, 32768, 68.26, 40
2026/09/08 09:18:12.959, 0, Tesla V100-SXM2-32GB, 6, 3309, 32768, 68.26, 41
2026/09/08 09:18:15.037, 0, Tesla V100-SXM2-32GB, 6, 3309, 32768, 67.72, 40
2026/09/08 09:18:17.132, 0, Tesla V100-SXM2-32GB, 6, 3309, 32768, 67.77, 40
2026/09/08 09:18:19.208, 0, Tesla V100-SXM2-32GB, 6, 3309, 32768, 67.77, 40
2026/09/08 09:18:21.280, 0, Tesla V100-SXM2-32GB, 6, 3309, 32768, 67.77, 40
2026/09/08 09:18:23.329, 0, Tesla V100-SXM2-32GB, 6, 3309, 32768, 67.72, 40
2026/09/08 09:18:25.416, 0, Tesla V100-SXM2-32GB, 6, 3309, 32768, 67.77, 40
2026/09/08 09:18:27.471, 0, Tesla V100-SXM2-32GB, 69, 3309, 32768, 75.13, 42
2026/09/08 09:18:29.526, 0, Tesla V100-SXM2-32GB, 6, 3309, 32768, 67.72, 40
2026/09/08 09:18:31.597, 0, Tesla V100-SXM2-32GB, 6, 3309, 32768, 68.22, 40
2026/09/08 09:18:33.688, 0, Tesla V100-SXM2-32GB, 6, 3309, 32768, 67.77, 39
2026/09/08 09:18:35.768, 0, Tesla V100-SXM2-32GB, 5, 3309, 32768, 67.77, 40
2026/09/08 09:18:37.857, 0, Tesla V100-SXM2-32GB, 7, 3309, 32768, 67.72, 39
2026/09/08 09:18:39.912, 0, Tesla V100-SXM2-32GB, 17, 3309, 32768, 67.72, 40
2026/09/08 09:18:42.005, 0, Tesla V100-SXM2-32GB, 6, 3309, 32768, 67.77, 39
2026/09/08 09:18:44.058, 0, Tesla V100-SXM2-32GB, 6, 3309, 32768, 67.72, 40
2026/09/08 09:18:46.127, 0, Tesla V100-SXM2-32GB, 4, 3309, 32768, 67.72, 39
2026/09/08 09:18:48.196, 0, Tesla V100-SXM2-32GB, 6, 3309, 32768, 67.72, 39
2026/09/08 09:18:50.269, 0, Tesla V100-SXM2-32GB, 6, 3309, 32768, 67.28, 39
2026/09/08 09:18:52.318, 0, Tesla V100-SXM2-32GB, 6, 3309, 32768, 67.28, 40
2026/09/08 09:18:54.408, 0, Tesla V100-SXM2-32GB, 6, 3309, 32768, 67.28, 39
2026/09/08 09:18:56.463, 0, Tesla V100-SXM2-32GB, 4, 3309, 32768, 67.77, 39
2026/09/08 09:18:58.515, 0, Tesla V100-SXM2-32GB, 6, 3309, 32768, 67.28, 39
2026/09/08 09:19:00.565, 0, Tesla V100-SXM2-32GB, 72, 3309, 32768, 112.56, 41
2026/09/08 09:19:02.655, 0, Tesla V100-SXM2-32GB, 6, 3309, 32768, 67.28, 39
2026/09/08 09:19:04.753, 0, Tesla V100-SXM2-32GB, 10, 3309, 32768, 68.26, 40
2026/09/08 09:19:06.825, 0, Tesla V100-SXM2-32GB, 6, 3309, 32768, 67.77, 39
2026/09/08 09:19:08.864, 0, Tesla V100-SXM2-32GB, 6, 3309, 32768, 67.28, 39
2026/09/08 09:19:10.919, 0, Tesla V100-SXM2-32GB, 51, 3309, 32768, 67.77, 40
2026/09/08 09:19:12.975, 0, Tesla V100-SXM2-32GB, 6, 3309, 32768, 67.28, 39
2026/09/08 09:19:15.069, 0, Tesla V100-SXM2-32GB, 6, 3309, 32768, 67.72, 39
2026/09/08 09:19:17.122, 0, Tesla V100-SXM2-32GB, 6, 3309, 32768, 67.77, 39
2026/09/08 09:19:19.193, 0, Tesla V100-SXM2-32GB, 70, 3309, 32768, 182.22, 41
2026/09/08 09:19:21.246, 0, Tesla V100-SXM2-32GB, 6, 3309, 32768, 67.28, 39
2026/09/08 09:19:23.316, 0, Tesla V100-SXM2-32GB, 6, 3309, 32768, 67.72, 39
2026/09/08 09:19:25.408, 0, Tesla V100-SXM2-32GB, 6, 3309, 32768, 67.28, 39
2026/09/08 09:19:27.500, 0, Tesla V100-SXM2-32GB, 6, 3309, 32768, 67.77, 39
2026/09/08 09:19:29.556, 0, Tesla V100-SXM2-32GB, 6, 3309, 32768, 67.28, 39
2026/09/08 09:19:31.628, 0, Tesla V100-SXM2-32GB, 6, 3309, 32768, 67.77, 39
2026/09/08 09:19:33.716, 0, Tesla V100-SXM2-32GB, 6, 3309, 32768, 55.92, 38
2026/09/08 09:19:35.770, 0, Tesla V100-SXM2-32GB, 6, 3309, 32768, 67.28, 39
2026/09/08 09:19:37.840, 0, Tesla V100-SXM2-32GB, 6, 3309, 32768, 67.28, 38
2026/09/08 09:19:39.931, 0, Tesla V100-SXM2-32GB, 6, 3309, 32768, 67.28, 39
2026/09/08 09:19:42.004, 0, Tesla V100-SXM2-32GB, 7, 3309, 32768, 67.28, 38
2026/09/08 09:19:44.037, 0, Tesla V100-SXM2-32GB, 6, 3309, 32768, 67.28, 39
2026/09/08 09:19:46.110, 0, Tesla V100-SXM2-32GB, 6, 3309, 32768, 133.67, 39
2026/09/08 09:19:48.201, 0, Tesla V100-SXM2-32GB, 6, 3309, 32768, 67.28, 38
2026/09/08 09:19:50.236, 0, Tesla V100-SXM2-32GB, 7, 3309, 32768, 134.66, 40
2026/09/08 09:19:52.291, 0, Tesla V100-SXM2-32GB, 6, 3309, 32768, 67.28, 38
2026/09/08 09:19:54.385, 0, Tesla V100-SXM2-32GB, 72, 3309, 32768, 120.86, 41
2026/09/08 09:19:56.439, 0, Tesla V100-SXM2-32GB, 6, 3309, 32768, 67.28, 38
2026/09/08 09:19:58.512, 0, Tesla V100-SXM2-32GB, 6, 3309, 32768, 67.28, 39
2026/09/08 09:20:00.562, 0, Tesla V100-SXM2-32GB, 5, 3309, 32768, 67.28, 38
2026/09/08 09:20:02.614, 0, Tesla V100-SXM2-32GB, 6, 3309, 32768, 67.28, 38
2026/09/08 09:20:04.708, 0, Tesla V100-SXM2-32GB, 6, 3309, 32768, 67.28, 38
2026/09/08 09:20:06.780, 0, Tesla V100-SXM2-32GB, 6, 3309, 32768, 67.28, 39
2026/09/08 09:20:08.849, 0, Tesla V100-SXM2-32GB, 6, 3309, 32768, 67.28, 38
2026/09/08 09:20:10.897, 0, Tesla V100-SXM2-32GB, 6, 3309, 32768, 67.28, 38
2026/09/08 09:20:12.968, 0, Tesla V100-SXM2-32GB, 4, 3309, 32768, 67.28, 38
2026/09/08 09:20:15.064, 0, Tesla V100-SXM2-32GB, 6, 3309, 32768, 67.28, 38
2026/09/08 09:20:17.156, 0, Tesla V100-SXM2-32GB, 11, 3309, 32768, 130.80, 39
2026/09/08 09:20:19.224, 0, Tesla V100-SXM2-32GB, 6, 3309, 32768, 67.28, 38
2026/09/08 09:20:21.296, 0, Tesla V100-SXM2-32GB, 74, 3309, 32768, 170.90, 40
2026/09/08 09:20:23.328, 0, Tesla V100-SXM2-32GB, 6, 3309, 32768, 67.28, 38
2026/09/08 09:20:25.378, 0, Tesla V100-SXM2-32GB, 6, 3309, 32768, 67.28, 38
2026/09/08 09:20:27.469, 0, Tesla V100-SXM2-32GB, 6, 3309, 32768, 67.28, 38
2026/09/08 09:20:29.556, 0, Tesla V100-SXM2-32GB, 6, 3309, 32768, 67.28, 38
2026/09/08 09:20:31.624, 0, Tesla V100-SXM2-32GB, 73, 3309, 32768, 67.77, 39
2026/09/08 09:20:33.721, 0, Tesla V100-SXM2-32GB, 6, 3309, 32768, 67.28, 38
2026/09/08 09:20:35.792, 0, Tesla V100-SXM2-32GB, 69, 3309, 32768, 67.77, 39
2026/09/08 09:20:37.884, 0, Tesla V100-SXM2-32GB, 6, 3309, 32768, 66.78, 38
2026/09/08 09:20:39.956, 0, Tesla V100-SXM2-32GB, 4, 3309, 32768, 67.28, 38
2026/09/08 09:20:42.049, 0, Tesla V100-SXM2-32GB, 6, 3309, 32768, 66.78, 38
2026/09/08 09:20:44.140, 0, Tesla V100-SXM2-32GB, 5, 3309, 32768, 67.28, 38
2026/09/08 09:20:46.195, 0, Tesla V100-SXM2-32GB, 6, 3309, 32768, 67.28, 38
2026/09/08 09:20:48.250, 0, Tesla V100-SXM2-32GB, 6, 3309, 32768, 66.78, 38
2026/09/08 09:20:50.324, 0, Tesla V100-SXM2-32GB, 6, 3309, 32768, 67.28, 38
2026/09/08 09:20:52.358, 0, Tesla V100-SXM2-32GB, 6, 3309, 32768, 67.28, 38
2026/09/08 09:20:54.428, 0, Tesla V100-SXM2-32GB, 6, 3309, 32768, 67.28, 38
2026/09/08 09:20:56.481, 0, Tesla V100-SXM2-32GB, 6, 3309, 32768, 66.78, 38
2026/09/08 09:20:58.573, 0, Tesla V100-SXM2-32GB, 37, 3309, 32768, 138.60, 39
2026/09/08 09:21:00.628, 0, Tesla V100-SXM2-32GB, 5, 3309, 32768, 67.28, 38
2026/09/08 09:21:02.678, 0, Tesla V100-SXM2-32GB, 59, 3309, 32768, 67.77, 39
2026/09/08 09:21:04.730, 0, Tesla V100-SXM2-32GB, 6, 3309, 32768, 67.28, 37
2026/09/08 09:21:06.801, 0, Tesla V100-SXM2-32GB, 79, 3309, 32768, 67.28, 38
2026/09/08 09:21:08.893, 0, Tesla V100-SXM2-32GB, 5, 3309, 32768, 66.78, 37
2026/09/08 09:21:10.946, 0, Tesla V100-SXM2-32GB, 6, 3309, 32768, 66.78, 38
2026/09/08 09:21:13.016, 0, Tesla V100-SXM2-32GB, 6, 3309, 32768, 66.78, 37
2026/09/08 09:21:15.088, 0, Tesla V100-SXM2-32GB, 6, 3309, 32768, 67.28, 38
2026/09/08 09:21:17.139, 0, Tesla V100-SXM2-32GB, 6, 3309, 32768, 66.78, 37
2026/09/08 09:21:19.212, 0, Tesla V100-SXM2-32GB, 6, 3309, 32768, 66.78, 37
2026/09/08 09:21:21.304, 0, Tesla V100-SXM2-32GB, 6, 3309, 32768, 66.78, 37
2026/09/08 09:21:23.354, 0, Tesla V100-SXM2-32GB, 6, 3309, 32768, 67.28, 37
2026/09/08 09:21:25.407, 0, Tesla V100-SXM2-32GB, 62, 3309, 32768, 125.29, 38
2026/09/08 09:21:27.481, 0, Tesla V100-SXM2-32GB, 6, 3309, 32768, 66.78, 37
2026/09/08 09:21:29.572, 0, Tesla V100-SXM2-32GB, 61, 3309, 32768, 67.23, 38
2026/09/08 09:21:31.622, 0, Tesla V100-SXM2-32GB, 6, 3309, 32768, 67.28, 37
2026/09/08 09:21:33.692, 0, Tesla V100-SXM2-32GB, 100, 3309, 32768, 193.91, 41
2026/09/08 09:21:35.747, 0, Tesla V100-SXM2-32GB, 100, 3309, 32768, 193.05, 42
2026/09/08 09:21:37.821, 0, Tesla V100-SXM2-32GB, 100, 3309, 32768, 178.29, 42
2026/09/08 09:21:39.900, 0, Tesla V100-SXM2-32GB, 100, 3309, 32768, 68.26, 41
2026/09/08 09:21:41.972, 0, Tesla V100-SXM2-32GB, 21, 3309, 32768, 70.19, 41
2026/09/08 09:21:44.060, 0, Tesla V100-SXM2-32GB, 15, 3309, 32768, 200.30, 42
2026/09/08 09:21:46.115, 0, Tesla V100-SXM2-32GB, 17, 3309, 32768, 182.71, 43
2026/09/08 09:21:48.188, 0, Tesla V100-SXM2-32GB, 100, 3309, 32768, 183.70, 44
2026/09/08 09:21:50.280, 0, Tesla V100-SXM2-32GB, 100, 3309, 32768, 194.89, 44
2026/09/08 09:21:52.348, 0, Tesla V100-SXM2-32GB, 100, 3309, 32768, 179.27, 44
2026/09/08 09:21:54.421, 0, Tesla V100-SXM2-32GB, 85, 3309, 32768, 68.76, 43
2026/09/08 09:21:56.493, 0, Tesla V100-SXM2-32GB, 49, 3309, 32768, 70.19, 43
2026/09/08 09:21:58.555, 0, Tesla V100-SXM2-32GB, 40, 3309, 32768, 139.09, 42
2026/09/08 09:22:00.612, 0, Tesla V100-SXM2-32GB, 60, 3309, 32768, 195.38, 44
2026/09/08 09:22:02.647, 0, Tesla V100-SXM2-32GB, 72, 3309, 32768, 185.18, 45
2026/09/08 09:22:04.740, 0, Tesla V100-SXM2-32GB, 62, 3309, 32768, 188.99, 45
2026/09/08 09:22:06.831, 0, Tesla V100-SXM2-32GB, 100, 3309, 32768, 186.53, 45
2026/09/08 09:22:08.920, 0, Tesla V100-SXM2-32GB, 100, 3309, 32768, 173.36, 46
2026/09/08 09:22:11.014, 0, Tesla V100-SXM2-32GB, 54, 3309, 32768, 69.21, 44
2026/09/08 09:22:13.067, 0, Tesla V100-SXM2-32GB, 6, 3309, 32768, 68.26, 42
2026/09/08 09:22:15.117, 0, Tesla V100-SXM2-32GB, 6, 3309, 32768, 56.91, 40
2026/09/08 09:22:17.171, 0, Tesla V100-SXM2-32GB, 72, 3309, 32768, 150.23, 42
2026/09/08 09:22:19.268, 0, Tesla V100-SXM2-32GB, 6, 3309, 32768, 67.77, 40
2026/09/08 09:22:21.322, 0, Tesla V100-SXM2-32GB, 82, 3309, 32768, 68.26, 41
2026/09/08 09:22:23.392, 0, Tesla V100-SXM2-32GB, 6, 3309, 32768, 68.26, 40
2026/09/08 09:22:25.447, 0, Tesla V100-SXM2-32GB, 56, 3309, 32768, 67.72, 41
2026/09/08 09:22:27.516, 0, Tesla V100-SXM2-32GB, 6, 3309, 32768, 67.77, 40
2026/09/08 09:22:29.608, 0, Tesla V100-SXM2-32GB, 6, 3309, 32768, 67.72, 40
2026/09/08 09:22:31.696, 0, Tesla V100-SXM2-32GB, 6, 3309, 32768, 67.77, 39
2026/09/08 09:22:33.764, 0, Tesla V100-SXM2-32GB, 6, 3309, 32768, 67.77, 39
2026/09/08 09:22:35.832, 0, Tesla V100-SXM2-32GB, 6, 3309, 32768, 67.77, 39
2026/09/08 09:22:37.904, 0, Tesla V100-SXM2-32GB, 6, 3309, 32768, 67.28, 39
2026/09/08 09:22:39.996, 0, Tesla V100-SXM2-32GB, 6, 3309, 32768, 67.28, 39
2026/09/08 09:22:42.050, 0, Tesla V100-SXM2-32GB, 5, 3309, 32768, 67.28, 39
2026/09/08 09:22:44.121, 0, Tesla V100-SXM2-32GB, 6, 3309, 32768, 67.28, 39
2026/09/08 09:22:46.192, 0, Tesla V100-SXM2-32GB, 6, 3309, 32768, 67.28, 39
2026/09/08 09:22:48.264, 0, Tesla V100-SXM2-32GB, 51, 3309, 32768, 89.93, 40
2026/09/08 09:22:50.314, 0, Tesla V100-SXM2-32GB, 6, 3309, 32768, 67.28, 38
2026/09/08 09:22:52.404, 0, Tesla V100-SXM2-32GB, 6, 3309, 32768, 67.28, 39
2026/09/08 09:22:54.458, 0, Tesla V100-SXM2-32GB, 6, 3309, 32768, 67.28, 38
2026/09/08 09:22:56.533, 0, Tesla V100-SXM2-32GB, 72, 3309, 32768, 170.90, 40
2026/09/08 09:22:58.587, 0, Tesla V100-SXM2-32GB, 6, 3309, 32768, 67.23, 38
2026/09/08 09:23:00.661, 0, Tesla V100-SXM2-32GB, 52, 3309, 32768, 67.23, 39
2026/09/08 09:23:02.732, 0, Tesla V100-SXM2-32GB, 6, 3309, 32768, 67.28, 38
2026/09/08 09:23:04.827, 0, Tesla V100-SXM2-32GB, 80, 3309, 32768, 67.77, 39
2026/09/08 09:23:06.878, 0, Tesla V100-SXM2-32GB, 6, 3309, 32768, 66.74, 38
2026/09/08 09:23:08.935, 0, Tesla V100-SXM2-32GB, 77, 3309, 32768, 201.29, 40
2026/09/08 09:23:10.990, 0, Tesla V100-SXM2-32GB, 6, 3309, 32768, 66.74, 38
2026/09/08 09:23:13.080, 0, Tesla V100-SXM2-32GB, 83, 3309, 32768, 182.60, 39
2026/09/08 09:23:15.136, 0, Tesla V100-SXM2-32GB, 6, 3309, 32768, 67.23, 37
2026/09/08 09:23:17.228, 0, Tesla V100-SXM2-32GB, 6, 3309, 32768, 67.28, 38
2026/09/08 09:23:19.284, 0, Tesla V100-SXM2-32GB, 6, 3309, 32768, 66.78, 38
2026/09/08 09:23:21.353, 0, Tesla V100-SXM2-32GB, 6, 3309, 32768, 66.78, 37
2026/09/08 09:23:23.424, 0, Tesla V100-SXM2-32GB, 6, 3309, 32768, 67.28, 38
2026/09/08 09:23:25.517, 0, Tesla V100-SXM2-32GB, 7, 3309, 32768, 66.74, 37
2026/09/08 09:23:27.573, 0, Tesla V100-SXM2-32GB, 35, 3309, 32768, 86.97, 39
2026/09/08 09:23:29.646, 0, Tesla V100-SXM2-32GB, 6, 3309, 32768, 66.78, 37
2026/09/08 09:23:31.742, 0, Tesla V100-SXM2-32GB, 73, 3309, 32768, 188.01, 39
2026/09/08 09:23:33.832, 0, Tesla V100-SXM2-32GB, 6, 3309, 32768, 66.74, 37
2026/09/08 09:23:35.924, 0, Tesla V100-SXM2-32GB, 73, 3309, 32768, 156.14, 39
2026/09/08 09:23:38.011, 0, Tesla V100-SXM2-32GB, 6, 3309, 32768, 66.74, 37
2026/09/08 09:23:40.081, 0, Tesla V100-SXM2-32GB, 82, 3309, 32768, 170.52, 39
2026/09/08 09:23:42.172, 0, Tesla V100-SXM2-32GB, 6, 3309, 32768, 66.74, 37
2026/09/08 09:23:44.240, 0, Tesla V100-SXM2-32GB, 67, 3309, 32768, 67.23, 38
2026/09/08 09:23:46.333, 0, Tesla V100-SXM2-32GB, 6, 3309, 32768, 66.74, 37
2026/09/08 09:23:48.386, 0, Tesla V100-SXM2-32GB, 6, 3309, 32768, 66.74, 37
2026/09/08 09:23:50.438, 0, Tesla V100-SXM2-32GB, 6, 3309, 32768, 66.74, 37
2026/09/08 09:23:52.528, 0, Tesla V100-SXM2-32GB, 5, 3309, 32768, 66.78, 37
2026/09/08 09:23:54.621, 0, Tesla V100-SXM2-32GB, 6, 3309, 32768, 66.78, 37
2026/09/08 09:23:56.692, 0, Tesla V100-SXM2-32GB, 6, 3309, 32768, 66.74, 37
2026/09/08 09:23:58.765, 0, Tesla V100-SXM2-32GB, 6, 3309, 32768, 66.74, 37
2026/09/08 09:24:00.818, 0, Tesla V100-SXM2-32GB, 6, 3309, 32768, 66.74, 37
2026/09/08 09:24:02.889, 0, Tesla V100-SXM2-32GB, 4, 3309, 32768, 66.78, 37
2026/09/08 09:24:04.942, 0, Tesla V100-SXM2-32GB, 6, 3309, 32768, 66.78, 37
2026/09/08 09:24:06.995, 0, Tesla V100-SXM2-32GB, 6, 3309, 32768, 66.74, 37
2026/09/08 09:24:09.050, 0, Tesla V100-SXM2-32GB, 6, 3309, 32768, 66.74, 37
2026/09/08 09:24:11.120, 0, Tesla V100-SXM2-32GB, 6, 3309, 32768, 66.74, 37
2026/09/08 09:24:13.213, 0, Tesla V100-SXM2-32GB, 4, 3309, 32768, 66.78, 37
2026/09/08 09:24:15.266, 0, Tesla V100-SXM2-32GB, 6, 3309, 32768, 87.46, 38
2026/09/08 09:24:17.318, 0, Tesla V100-SXM2-32GB, 5, 3309, 32768, 66.74, 37
2026/09/08 09:24:19.408, 0, Tesla V100-SXM2-32GB, 81, 3309, 32768, 67.23, 38
2026/09/08 09:24:21.501, 0, Tesla V100-SXM2-32GB, 6, 3309, 32768, 66.78, 37
2026/09/08 09:24:23.555, 0, Tesla V100-SXM2-32GB, 84, 3309, 32768, 151.31, 39
2026/09/08 09:24:25.606, 0, Tesla V100-SXM2-32GB, 6, 3309, 32768, 66.78, 37
2026/09/08 09:24:27.677, 0, Tesla V100-SXM2-32GB, 6, 3309, 32768, 66.74, 38
2026/09/08 09:24:29.768, 0, Tesla V100-SXM2-32GB, 6, 3309, 32768, 66.78, 37
2026/09/08 09:24:31.860, 0, Tesla V100-SXM2-32GB, 6, 3309, 32768, 67.28, 38
2026/09/08 09:24:33.948, 0, Tesla V100-SXM2-32GB, 6, 3309, 32768, 55.92, 37
2026/09/08 09:24:36.003, 0, Tesla V100-SXM2-32GB, 6, 3309, 32768, 67.28, 37
2026/09/08 09:24:38.059, 0, Tesla V100-SXM2-32GB, 6, 3309, 32768, 66.78, 37
2026/09/08 09:24:40.114, 0, Tesla V100-SXM2-32GB, 6, 3309, 32768, 66.74, 37
2026/09/08 09:24:42.171, 0, Tesla V100-SXM2-32GB, 6, 3309, 32768, 131.70, 38
2026/09/08 09:24:44.258, 0, Tesla V100-SXM2-32GB, 5, 3309, 32768, 66.74, 37
2026/09/08 09:24:46.328, 0, Tesla V100-SXM2-32GB, 7, 3309, 32768, 108.61, 39
2026/09/08 09:24:48.383, 0, Tesla V100-SXM2-32GB, 6, 3309, 32768, 67.28, 38
2026/09/08 09:24:50.452, 0, Tesla V100-SXM2-32GB, 6, 3309, 32768, 67.28, 38
2026/09/08 09:24:52.525, 0, Tesla V100-SXM2-32GB, 6, 3309, 32768, 67.28, 38
2026/09/08 09:24:54.578, 0, Tesla V100-SXM2-32GB, 5, 3309, 32768, 66.74, 38
2026/09/08 09:24:56.668, 0, Tesla V100-SXM2-32GB, 56, 3309, 32768, 163.63, 39
2026/09/08 09:24:58.760, 0, Tesla V100-SXM2-32GB, 6, 3309, 32768, 67.23, 38
2026/09/08 09:25:00.795, 0, Tesla V100-SXM2-32GB, 40, 3309, 32768, 67.23, 39
2026/09/08 09:25:02.866, 0, Tesla V100-SXM2-32GB, 6, 3309, 32768, 66.74, 38
2026/09/08 09:25:04.919, 0, Tesla V100-SXM2-32GB, 5, 3309, 32768, 67.28, 38
2026/09/08 09:25:06.992, 0, Tesla V100-SXM2-32GB, 6, 3309, 32768, 67.28, 38
2026/09/08 09:25:09.084, 0, Tesla V100-SXM2-32GB, 41, 3309, 32768, 67.23, 38
2026/09/08 09:25:11.138, 0, Tesla V100-SXM2-32GB, 6, 3309, 32768, 66.78, 38
2026/09/08 09:25:13.228, 0, Tesla V100-SXM2-32GB, 6, 3309, 32768, 67.23, 38
2026/09/08 09:25:15.321, 0, Tesla V100-SXM2-32GB, 6, 3309, 32768, 67.28, 38
2026/09/08 09:25:17.393, 0, Tesla V100-SXM2-32GB, 6, 3309, 32768, 67.28, 38
2026/09/08 09:25:19.460, 0, Tesla V100-SXM2-32GB, 6, 3309, 32768, 55.92, 37
2026/09/08 09:25:21.513, 0, Tesla V100-SXM2-32GB, 6, 3309, 32768, 66.78, 38
2026/09/08 09:25:23.580, 0, Tesla V100-SXM2-32GB, 6, 3309, 32768, 85.00, 39
2026/09/08 09:25:25.667, 0, Tesla V100-SXM2-32GB, 6, 3309, 32768, 66.78, 38
2026/09/08 09:25:27.737, 0, Tesla V100-SXM2-32GB, 74, 3309, 32768, 67.23, 39
2026/09/08 09:25:29.829, 0, Tesla V100-SXM2-32GB, 6, 3309, 32768, 67.28, 38
2026/09/08 09:25:31.920, 0, Tesla V100-SXM2-32GB, 6, 3309, 32768, 67.23, 38
2026/09/08 09:25:34.012, 0, Tesla V100-SXM2-32GB, 6, 3309, 32768, 66.78, 38
2026/09/08 09:25:36.104, 0, Tesla V100-SXM2-32GB, 6, 3309, 32768, 66.78, 38
2026/09/08 09:25:38.200, 0, Tesla V100-SXM2-32GB, 6, 3309, 32768, 67.28, 38
2026/09/08 09:25:40.254, 0, Tesla V100-SXM2-32GB, 6, 3309, 32768, 67.28, 38
2026/09/08 09:25:42.348, 0, Tesla V100-SXM2-32GB, 54, 3309, 32768, 67.77, 38
2026/09/08 09:25:44.420, 0, Tesla V100-SXM2-32GB, 6, 3309, 32768, 67.28, 38
2026/09/08 09:25:46.517, 0, Tesla V100-SXM2-32GB, 78, 3309, 32768, 102.20, 39
2026/09/08 09:25:48.592, 0, Tesla V100-SXM2-32GB, 6, 3309, 32768, 67.28, 38
2026/09/08 09:25:50.665, 0, Tesla V100-SXM2-32GB, 80, 3309, 32768, 67.72, 40
2026/09/08 09:25:52.719, 0, Tesla V100-SXM2-32GB, 35, 3309, 32768, 67.72, 41
2026/09/08 09:25:54.813, 0, Tesla V100-SXM2-32GB, 39, 3309, 32768, 69.21, 41
2026/09/08 09:25:56.885, 0, Tesla V100-SXM2-32GB, 34, 3309, 32768, 193.54, 42
2026/09/08 09:25:58.938, 0, Tesla V100-SXM2-32GB, 67, 3309, 32768, 182.71, 43
2026/09/08 09:26:00.990, 0, Tesla V100-SXM2-32GB, 83, 3309, 32768, 198.33, 44
2026/09/08 09:26:03.042, 0, Tesla V100-SXM2-32GB, 85, 3309, 32768, 188.01, 44
2026/09/08 09:26:05.093, 0, Tesla V100-SXM2-32GB, 100, 3309, 32768, 173.86, 45
2026/09/08 09:26:07.147, 0, Tesla V100-SXM2-32GB, 100, 3309, 32768, 192.92, 45
2026/09/08 09:26:09.198, 0, Tesla V100-SXM2-32GB, 100, 3309, 32768, 176.81, 46
2026/09/08 09:26:11.290, 0, Tesla V100-SXM2-32GB, 90, 3309, 32768, 75.62, 45
2026/09/08 09:26:13.364, 0, Tesla V100-SXM2-32GB, 74, 3309, 32768, 69.25, 44
2026/09/08 09:26:15.451, 0, Tesla V100-SXM2-32GB, 61, 3309, 32768, 69.70, 43
2026/09/08 09:26:17.501, 0, Tesla V100-SXM2-32GB, 19, 3309, 32768, 180.25, 44
2026/09/08 09:26:19.592, 0, Tesla V100-SXM2-32GB, 45, 3309, 32768, 194.40, 46
2026/09/08 09:26:21.647, 0, Tesla V100-SXM2-32GB, 81, 3309, 32768, 196.49, 46
2026/09/08 09:26:23.699, 0, Tesla V100-SXM2-32GB, 100, 3309, 32768, 190.96, 46
2026/09/08 09:26:25.796, 0, Tesla V100-SXM2-32GB, 100, 3309, 32768, 124.31, 47
2026/09/08 09:26:27.872, 0, Tesla V100-SXM2-32GB, 100, 3309, 32768, 69.74, 45
2026/09/08 09:26:29.926, 0, Tesla V100-SXM2-32GB, 5, 3309, 32768, 69.25, 44
2026/09/08 09:26:31.995, 0, Tesla V100-SXM2-32GB, 5, 3309, 32768, 57.89, 42
2026/09/08 09:26:34.064, 0, Tesla V100-SXM2-32GB, 5, 3309, 32768, 106.14, 42
2026/09/08 09:26:36.118, 0, Tesla V100-SXM2-32GB, 4, 3309, 32768, 68.26, 42
2026/09/08 09:26:38.185, 0, Tesla V100-SXM2-32GB, 54, 3309, 32768, 68.76, 43
2026/09/08 09:26:40.238, 0, Tesla V100-SXM2-32GB, 6, 3309, 32768, 68.26, 42
2026/09/08 09:26:42.309, 0, Tesla V100-SXM2-32GB, 6, 3309, 32768, 68.26, 42
2026/09/08 09:26:44.400, 0, Tesla V100-SXM2-32GB, 6, 3309, 32768, 68.76, 41
2026/09/08 09:26:46.493, 0, Tesla V100-SXM2-32GB, 3, 3309, 32768, 68.26, 41
2026/09/08 09:26:48.553, 0, Tesla V100-SXM2-32GB, 6, 3309, 32768, 68.26, 41
2026/09/08 09:26:50.644, 0, Tesla V100-SXM2-32GB, 6, 3309, 32768, 68.26, 41
2026/09/08 09:26:52.713, 0, Tesla V100-SXM2-32GB, 6, 3309, 32768, 67.77, 41
2026/09/08 09:26:54.784, 0, Tesla V100-SXM2-32GB, 6, 3309, 32768, 68.26, 41
2026/09/08 09:26:56.839, 0, Tesla V100-SXM2-32GB, 41, 3309, 32768, 87.96, 42
2026/09/08 09:26:58.907, 0, Tesla V100-SXM2-32GB, 6, 3309, 32768, 67.77, 40
2026/09/08 09:27:01.001, 0, Tesla V100-SXM2-32GB, 55, 3309, 32768, 68.26, 41
2026/09/08 09:27:03.092, 0, Tesla V100-SXM2-32GB, 6, 3309, 32768, 67.77, 40
2026/09/08 09:27:05.143, 0, Tesla V100-SXM2-32GB, 6, 3309, 32768, 67.77, 40
2026/09/08 09:27:07.198, 0, Tesla V100-SXM2-32GB, 6, 3309, 32768, 67.77, 40
2026/09/08 09:27:09.231, 0, Tesla V100-SXM2-32GB, 6, 3309, 32768, 67.77, 40
2026/09/08 09:27:11.320, 0, Tesla V100-SXM2-32GB, 63, 3309, 32768, 124.80, 42
2026/09/08 09:27:13.376, 0, Tesla V100-SXM2-32GB, 6, 3309, 32768, 67.77, 40
2026/09/08 09:27:15.409, 0, Tesla V100-SXM2-32GB, 6, 3309, 32768, 67.77, 40
2026/09/08 09:27:17.500, 0, Tesla V100-SXM2-32GB, 6, 3309, 32768, 67.77, 40
2026/09/08 09:27:19.588, 0, Tesla V100-SXM2-32GB, 6, 3309, 32768, 67.77, 40
2026/09/08 09:27:21.642, 0, Tesla V100-SXM2-32GB, 6, 3309, 32768, 67.77, 40
2026/09/08 09:27:23.716, 0, Tesla V100-SXM2-32GB, 6, 3309, 32768, 67.77, 39
2026/09/08 09:27:25.767, 0, Tesla V100-SXM2-32GB, 6, 3309, 32768, 67.77, 40
2026/09/08 09:27:27.818, 0, Tesla V100-SXM2-32GB, 6, 3309, 32768, 67.77, 39
2026/09/08 09:27:29.870, 0, Tesla V100-SXM2-32GB, 6, 3309, 32768, 67.28, 39
2026/09/08 09:27:31.961, 0, Tesla V100-SXM2-32GB, 46, 3309, 32768, 161.55, 40
2026/09/08 09:27:34.015, 0, Tesla V100-SXM2-32GB, 6, 3309, 32768, 67.77, 40
2026/09/08 09:27:36.084, 0, Tesla V100-SXM2-32GB, 6, 3309, 32768, 67.28, 39
2026/09/08 09:27:38.157, 0, Tesla V100-SXM2-32GB, 83, 3309, 32768, 152.79, 40
2026/09/08 09:27:40.210, 0, Tesla V100-SXM2-32GB, 6, 3309, 32768, 67.28, 39
2026/09/08 09:27:42.281, 0, Tesla V100-SXM2-32GB, 6, 3309, 32768, 67.77, 40
2026/09/08 09:27:44.372, 0, Tesla V100-SXM2-32GB, 6, 3309, 32768, 67.28, 39
2026/09/08 09:27:46.446, 0, Tesla V100-SXM2-32GB, 6, 3309, 32768, 67.28, 39
2026/09/08 09:27:48.517, 0, Tesla V100-SXM2-32GB, 6, 3309, 32768, 67.77, 39
2026/09/08 09:27:50.570, 0, Tesla V100-SXM2-32GB, 6, 3309, 32768, 67.28, 39
2026/09/08 09:27:52.641, 0, Tesla V100-SXM2-32GB, 6, 3309, 32768, 67.28, 39
2026/09/08 09:27:54.740, 0, Tesla V100-SXM2-32GB, 29, 3309, 32768, 151.81, 40
2026/09/08 09:27:56.832, 0, Tesla V100-SXM2-32GB, 6, 3309, 32768, 67.28, 39
2026/09/08 09:27:58.905, 0, Tesla V100-SXM2-32GB, 83, 3309, 32768, 69.25, 40
2026/09/08 09:28:00.996, 0, Tesla V100-SXM2-32GB, 6, 3309, 32768, 67.28, 38
2026/09/08 09:28:03.069, 0, Tesla V100-SXM2-32GB, 7, 3309, 32768, 67.28, 39
2026/09/08 09:28:05.122, 0, Tesla V100-SXM2-32GB, 6, 3309, 32768, 67.28, 38
2026/09/08 09:28:07.174, 0, Tesla V100-SXM2-32GB, 59, 3309, 32768, 67.28, 39
2026/09/08 09:28:09.206, 0, Tesla V100-SXM2-32GB, 6, 3309, 32768, 67.28, 38
2026/09/08 09:28:11.291, 0, Tesla V100-SXM2-32GB, 6, 3309, 32768, 67.28, 39
2026/09/08 09:28:13.360, 0, Tesla V100-SXM2-32GB, 6, 3309, 32768, 67.28, 38
2026/09/08 09:28:15.414, 0, Tesla V100-SXM2-32GB, 6, 3309, 32768, 67.77, 38
2026/09/08 09:28:17.484, 0, Tesla V100-SXM2-32GB, 6, 3309, 32768, 67.28, 38
2026/09/08 09:28:19.576, 0, Tesla V100-SXM2-32GB, 6, 3309, 32768, 67.28, 38
2026/09/08 09:28:21.648, 0, Tesla V100-SXM2-32GB, 6, 3309, 32768, 66.78, 38
2026/09/08 09:28:23.702, 0, Tesla V100-SXM2-32GB, 6, 3309, 32768, 67.28, 38
2026/09/08 09:28:25.773, 0, Tesla V100-SXM2-32GB, 48, 3309, 32768, 67.28, 39
2026/09/08 09:28:27.844, 0, Tesla V100-SXM2-32GB, 6, 3309, 32768, 66.78, 38
2026/09/08 09:28:29.899, 0, Tesla V100-SXM2-32GB, 8, 3309, 32768, 67.28, 38
2026/09/08 09:28:31.987, 0, Tesla V100-SXM2-32GB, 6, 3309, 32768, 67.28, 38
2026/09/08 09:28:34.076, 0, Tesla V100-SXM2-32GB, 6, 3309, 32768, 66.78, 38
2026/09/08 09:28:36.168, 0, Tesla V100-SXM2-32GB, 6, 3309, 32768, 66.78, 38
2026/09/08 09:28:38.255, 0, Tesla V100-SXM2-32GB, 6, 3309, 32768, 67.28, 38
2026/09/08 09:28:40.324, 0, Tesla V100-SXM2-32GB, 6, 3309, 32768, 67.28, 37
2026/09/08 09:28:42.396, 0, Tesla V100-SXM2-32GB, 6, 3309, 32768, 66.78, 38
2026/09/08 09:28:44.484, 0, Tesla V100-SXM2-32GB, 6, 3309, 32768, 66.78, 37
2026/09/08 09:28:46.554, 0, Tesla V100-SXM2-32GB, 6, 3309, 32768, 67.28, 38
2026/09/08 09:28:48.645, 0, Tesla V100-SXM2-32GB, 75, 3309, 32768, 132.19, 40
2026/09/08 09:28:50.717, 0, Tesla V100-SXM2-32GB, 6, 3309, 32768, 67.28, 38
2026/09/08 09:28:52.789, 0, Tesla V100-SXM2-32GB, 6, 3309, 32768, 67.28, 38
2026/09/08 09:28:54.880, 0, Tesla V100-SXM2-32GB, 5, 3309, 32768, 66.78, 37
2026/09/08 09:28:56.930, 0, Tesla V100-SXM2-32GB, 6, 3309, 32768, 66.78, 38
2026/09/08 09:28:59.020, 0, Tesla V100-SXM2-32GB, 6, 3309, 32768, 66.78, 37
2026/09/08 09:29:01.115, 0, Tesla V100-SXM2-32GB, 80, 3309, 32768, 74.63, 39
2026/09/08 09:29:03.170, 0, Tesla V100-SXM2-32GB, 6, 3309, 32768, 66.78, 38
2026/09/08 09:29:05.227, 0, Tesla V100-SXM2-32GB, 6, 3309, 32768, 66.78, 37
2026/09/08 09:29:07.278, 0, Tesla V100-SXM2-32GB, 6, 3309, 32768, 66.78, 37
2026/09/08 09:29:09.372, 0, Tesla V100-SXM2-32GB, 4, 3309, 32768, 66.78, 37
2026/09/08 09:29:11.426, 0, Tesla V100-SXM2-32GB, 6, 3309, 32768, 66.78, 37
2026/09/08 09:29:13.497, 0, Tesla V100-SXM2-32GB, 82, 3309, 32768, 74.14, 39
2026/09/08 09:29:15.553, 0, Tesla V100-SXM2-32GB, 6, 3309, 32768, 66.78, 37
2026/09/08 09:29:17.606, 0, Tesla V100-SXM2-32GB, 6, 3309, 32768, 66.78, 38
2026/09/08 09:29:19.658, 0, Tesla V100-SXM2-32GB, 4, 3309, 32768, 66.78, 37
2026/09/08 09:29:21.711, 0, Tesla V100-SXM2-32GB, 62, 3309, 32768, 67.28, 38
2026/09/08 09:29:23.780, 0, Tesla V100-SXM2-32GB, 6, 3309, 32768, 66.78, 37
2026/09/08 09:29:25.852, 0, Tesla V100-SXM2-32GB, 6, 3309, 32768, 67.28, 37
2026/09/08 09:29:27.906, 0, Tesla V100-SXM2-32GB, 6, 3309, 32768, 66.78, 37
2026/09/08 09:29:29.959, 0, Tesla V100-SXM2-32GB, 4, 3309, 32768, 67.28, 37
2026/09/08 09:29:32.032, 0, Tesla V100-SXM2-32GB, 6, 3309, 32768, 66.78, 37
2026/09/08 09:29:34.120, 0, Tesla V100-SXM2-32GB, 6, 3309, 32768, 66.78, 37
2026/09/08 09:29:36.212, 0, Tesla V100-SXM2-32GB, 6, 3309, 32768, 56.41, 36
2026/09/08 09:29:38.284, 0, Tesla V100-SXM2-32GB, 6, 3309, 32768, 66.78, 37
2026/09/08 09:29:40.340, 0, Tesla V100-SXM2-32GB, 47, 3309, 32768, 97.33, 38
2026/09/08 09:29:42.412, 0, Tesla V100-SXM2-32GB, 7, 3309, 32768, 66.78, 37
2026/09/08 09:29:44.465, 0, Tesla V100-SXM2-32GB, 54, 3309, 32768, 66.78, 38
2026/09/08 09:29:46.536, 0, Tesla V100-SXM2-32GB, 6, 3309, 32768, 66.78, 37
2026/09/08 09:29:48.633, 0, Tesla V100-SXM2-32GB, 4, 3309, 32768, 66.78, 37
2026/09/08 09:29:50.724, 0, Tesla V100-SXM2-32GB, 5, 3309, 32768, 66.78, 37
2026/09/08 09:29:52.816, 0, Tesla V100-SXM2-32GB, 6, 3309, 32768, 66.78, 37
2026/09/08 09:29:54.870, 0, Tesla V100-SXM2-32GB, 5, 3309, 32768, 66.78, 37
2026/09/08 09:29:56.940, 0, Tesla V100-SXM2-32GB, 6, 3309, 32768, 66.78, 37
2026/09/08 09:29:58.973, 0, Tesla V100-SXM2-32GB, 6, 3309, 32768, 66.78, 37
2026/09/08 09:30:01.064, 0, Tesla V100-SXM2-32GB, 36, 3309, 32768, 173.86, 38
2026/09/08 09:30:03.118, 0, Tesla V100-SXM2-32GB, 60, 3309, 32768, 67.28, 38
2026/09/08 09:30:05.168, 0, Tesla V100-SXM2-32GB, 18, 3309, 32768, 68.26, 39
2026/09/08 09:30:07.202, 0, Tesla V100-SXM2-32GB, 17, 3309, 32768, 175.33, 40
2026/09/08 09:30:09.253, 0, Tesla V100-SXM2-32GB, 15, 3309, 32768, 181.24, 41
2026/09/08 09:30:11.324, 0, Tesla V100-SXM2-32GB, 100, 3309, 32768, 188.01, 42
2026/09/08 09:30:13.391, 0, Tesla V100-SXM2-32GB, 90, 3309, 32768, 181.73, 42
2026/09/08 09:30:15.460, 0, Tesla V100-SXM2-32GB, 94, 3309, 32768, 170.90, 43
2026/09/08 09:30:17.494, 0, Tesla V100-SXM2-32GB, 100, 3309, 32768, 206.20, 43
2026/09/08 09:30:19.564, 0, Tesla V100-SXM2-32GB, 55, 3309, 32768, 68.22, 41
2026/09/08 09:30:21.656, 0, Tesla V100-SXM2-32GB, 57, 3309, 32768, 68.71, 41
2026/09/08 09:30:23.728, 0, Tesla V100-SXM2-32GB, 21, 3309, 32768, 187.64, 43
2026/09/08 09:30:25.783, 0, Tesla V100-SXM2-32GB, 13, 3309, 32768, 196.37, 43
2026/09/08 09:30:27.856, 0, Tesla V100-SXM2-32GB, 13, 3309, 32768, 193.42, 44
2026/09/08 09:30:29.894, 0, Tesla V100-SXM2-32GB, 97, 3309, 32768, 200.79, 44
2026/09/08 09:30:31.966, 0, Tesla V100-SXM2-32GB, 100, 3309, 32768, 190.46, 44
2026/09/08 09:30:34.037, 0, Tesla V100-SXM2-32GB, 100, 3309, 32768, 191.45, 45
2026/09/08 09:30:36.128, 0, Tesla V100-SXM2-32GB, 100, 3309, 32768, 183.70, 45
2026/09/08 09:30:38.176, 0, Tesla V100-SXM2-32GB, 100, 3309, 32768, 118.89, 45
2026/09/08 09:30:40.248, 0, Tesla V100-SXM2-32GB, 66, 3309, 32768, 69.21, 44
2026/09/08 09:30:42.298, 0, Tesla V100-SXM2-32GB, 52, 3309, 32768, 69.21, 43
2026/09/08 09:30:44.350, 0, Tesla V100-SXM2-32GB, 6, 3309, 32768, 68.26, 41
2026/09/08 09:30:46.444, 0, Tesla V100-SXM2-32GB, 6, 3309, 32768, 56.91, 40
2026/09/08 09:30:48.516, 0, Tesla V100-SXM2-32GB, 6, 3309, 32768, 67.77, 40
2026/09/08 09:30:50.604, 0, Tesla V100-SXM2-32GB, 6, 3309, 32768, 67.77, 40
2026/09/08 09:30:52.672, 0, Tesla V100-SXM2-32GB, 6, 3309, 32768, 67.77, 40
2026/09/08 09:30:54.764, 0, Tesla V100-SXM2-32GB, 6, 3309, 32768, 67.72, 40
2026/09/08 09:30:56.852, 0, Tesla V100-SXM2-32GB, 6, 3309, 32768, 67.77, 40
2026/09/08 09:30:58.923, 0, Tesla V100-SXM2-32GB, 62, 3309, 32768, 167.57, 41
2026/09/08 09:31:01.013, 0, Tesla V100-SXM2-32GB, 6, 3309, 32768, 67.72, 39
2026/09/08 09:31:03.104, 0, Tesla V100-SXM2-32GB, 45, 3309, 32768, 67.77, 40
2026/09/08 09:31:05.158, 0, Tesla V100-SXM2-32GB, 6, 3309, 32768, 67.77, 39
2026/09/08 09:31:07.248, 0, Tesla V100-SXM2-32GB, 20, 3309, 32768, 67.72, 40
2026/09/08 09:31:09.302, 0, Tesla V100-SXM2-32GB, 6, 3309, 32768, 67.23, 39
2026/09/08 09:31:11.355, 0, Tesla V100-SXM2-32GB, 5, 3309, 32768, 67.72, 39
2026/09/08 09:31:13.410, 0, Tesla V100-SXM2-32GB, 4, 3309, 32768, 67.23, 39
2026/09/08 09:31:15.481, 0, Tesla V100-SXM2-32GB, 6, 3309, 32768, 67.77, 39
2026/09/08 09:31:17.573, 0, Tesla V100-SXM2-32GB, 6, 3309, 32768, 67.23, 38
2026/09/08 09:31:19.665, 0, Tesla V100-SXM2-32GB, 6, 3309, 32768, 67.28, 38
2026/09/08 09:31:21.700, 0, Tesla V100-SXM2-32GB, 80, 3309, 32768, 127.18, 39
2026/09/08 09:31:23.772, 0, Tesla V100-SXM2-32GB, 6, 3309, 32768, 67.28, 38
2026/09/08 09:31:25.844, 0, Tesla V100-SXM2-32GB, 6, 3309, 32768, 67.28, 39
2026/09/08 09:31:27.916, 0, Tesla V100-SXM2-32GB, 6, 3309, 32768, 67.23, 38
2026/09/08 09:31:29.985, 0, Tesla V100-SXM2-32GB, 6, 3309, 32768, 67.72, 38
2026/09/08 09:31:32.076, 0, Tesla V100-SXM2-32GB, 6, 3309, 32768, 67.23, 38
2026/09/08 09:31:34.163, 0, Tesla V100-SXM2-32GB, 6, 3309, 32768, 55.92, 37
2026/09/08 09:31:36.219, 0, Tesla V100-SXM2-32GB, 6, 3309, 32768, 67.28, 38
2026/09/08 09:31:38.296, 0, Tesla V100-SXM2-32GB, 6, 3309, 32768, 67.28, 38
2026/09/08 09:31:40.352, 0, Tesla V100-SXM2-32GB, 6, 3309, 32768, 67.28, 38
2026/09/08 09:31:42.424, 0, Tesla V100-SXM2-32GB, 6, 3309, 32768, 67.28, 38
2026/09/08 09:31:44.478, 0, Tesla V100-SXM2-32GB, 6, 3309, 32768, 66.78, 38
2026/09/08 09:31:46.535, 0, Tesla V100-SXM2-32GB, 47, 3309, 32768, 87.96, 39
2026/09/08 09:31:48.627, 0, Tesla V100-SXM2-32GB, 6, 3309, 32768, 67.28, 38
2026/09/08 09:31:50.716, 0, Tesla V100-SXM2-32GB, 6, 3309, 32768, 67.28, 38
2026/09/08 09:31:52.812, 0, Tesla V100-SXM2-32GB, 76, 3309, 32768, 67.72, 39
2026/09/08 09:31:54.884, 0, Tesla V100-SXM2-32GB, 6, 3309, 32768, 67.28, 38
2026/09/08 09:31:56.956, 0, Tesla V100-SXM2-32GB, 6, 3309, 32768, 67.23, 38
2026/09/08 09:31:59.012, 0, Tesla V100-SXM2-32GB, 7, 3309, 32768, 66.78, 38
2026/09/08 09:32:01.062, 0, Tesla V100-SXM2-32GB, 6, 3309, 32768, 67.72, 37
2026/09/08 09:32:03.152, 0, Tesla V100-SXM2-32GB, 6, 3309, 32768, 66.78, 37
2026/09/08 09:32:05.206, 0, Tesla V100-SXM2-32GB, 6, 3309, 32768, 66.74, 37
2026/09/08 09:32:07.258, 0, Tesla V100-SXM2-32GB, 6, 3309, 32768, 66.78, 37
2026/09/08 09:32:09.310, 0, Tesla V100-SXM2-32GB, 28, 3309, 32768, 120.94, 38
2026/09/08 09:32:11.385, 0, Tesla V100-SXM2-32GB, 6, 3309, 32768, 66.78, 37
2026/09/08 09:32:13.463, 0, Tesla V100-SXM2-32GB, 80, 3309, 32768, 97.76, 39
2026/09/08 09:32:15.554, 0, Tesla V100-SXM2-32GB, 6, 3309, 32768, 66.78, 37
2026/09/08 09:32:17.587, 0, Tesla V100-SXM2-32GB, 34, 3309, 32768, 67.23, 38
2026/09/08 09:32:19.642, 0, Tesla V100-SXM2-32GB, 6, 3309, 32768, 66.78, 37
2026/09/08 09:32:21.712, 0, Tesla V100-SXM2-32GB, 6, 3309, 32768, 66.78, 37
2026/09/08 09:32:23.785, 0, Tesla V100-SXM2-32GB, 6, 3309, 32768, 66.74, 37
2026/09/08 09:32:25.872, 0, Tesla V100-SXM2-32GB, 6, 3309, 32768, 66.74, 37
2026/09/08 09:32:27.944, 0, Tesla V100-SXM2-32GB, 6, 3309, 32768, 66.74, 37
2026/09/08 09:32:29.997, 0, Tesla V100-SXM2-32GB, 6, 3309, 32768, 66.74, 37
2026/09/08 09:32:32.088, 0, Tesla V100-SXM2-32GB, 5, 3309, 32768, 147.38, 38
2026/09/08 09:32:34.181, 0, Tesla V100-SXM2-32GB, 6, 3309, 32768, 66.74, 37
2026/09/08 09:32:36.273, 0, Tesla V100-SXM2-32GB, 5, 3309, 32768, 168.44, 38
2026/09/08 09:32:38.344, 0, Tesla V100-SXM2-32GB, 5, 3309, 32768, 66.78, 37
2026/09/08 09:32:40.432, 0, Tesla V100-SXM2-32GB, 54, 3309, 32768, 66.74, 38
2026/09/08 09:32:42.482, 0, Tesla V100-SXM2-32GB, 6, 3309, 32768, 66.74, 37
2026/09/08 09:32:44.554, 0, Tesla V100-SXM2-32GB, 5, 3309, 32768, 66.74, 37
2026/09/08 09:32:46.644, 0, Tesla V100-SXM2-32GB, 6, 3309, 32768, 66.24, 37
2026/09/08 09:32:48.695, 0, Tesla V100-SXM2-32GB, 6, 3309, 32768, 66.78, 37
2026/09/08 09:32:50.746, 0, Tesla V100-SXM2-32GB, 6, 3309, 32768, 66.74, 37
2026/09/08 09:32:52.779, 0, Tesla V100-SXM2-32GB, 6, 3309, 32768, 67.77, 37
2026/09/08 09:32:54.830, 0, Tesla V100-SXM2-32GB, 6, 3309, 32768, 66.78, 37
2026/09/08 09:32:56.896, 0, Tesla V100-SXM2-32GB, 6, 3309, 32768, 66.74, 37
2026/09/08 09:32:58.988, 0, Tesla V100-SXM2-32GB, 6, 3309, 32768, 66.74, 36
2026/09/08 09:33:01.076, 0, Tesla V100-SXM2-32GB, 6, 3309, 32768, 66.29, 37
2026/09/08 09:33:03.168, 0, Tesla V100-SXM2-32GB, 54, 3309, 32768, 134.08, 38
2026/09/08 09:33:05.240, 0, Tesla V100-SXM2-32GB, 6, 3309, 32768, 66.78, 37
2026/09/08 09:33:07.313, 0, Tesla V100-SXM2-32GB, 52, 3309, 32768, 66.78, 37
2026/09/08 09:33:09.400, 0, Tesla V100-SXM2-32GB, 6, 3309, 32768, 66.78, 36
2026/09/08 09:33:11.468, 0, Tesla V100-SXM2-32GB, 5, 3309, 32768, 66.74, 37
2026/09/08 09:33:13.560, 0, Tesla V100-SXM2-32GB, 5, 3309, 32768, 66.78, 36
2026/09/08 09:33:15.611, 0, Tesla V100-SXM2-32GB, 6, 3309, 32768, 66.74, 37
2026/09/08 09:33:17.702, 0, Tesla V100-SXM2-32GB, 71, 3309, 32768, 67.23, 38
2026/09/08 09:33:19.754, 0, Tesla V100-SXM2-32GB, 6, 3309, 32768, 66.74, 37
2026/09/08 09:33:21.829, 0, Tesla V100-SXM2-32GB, 83, 3309, 32768, 68.71, 38
2026/09/08 09:33:23.880, 0, Tesla V100-SXM2-32GB, 5, 3309, 32768, 66.74, 36
2026/09/08 09:33:25.972, 0, Tesla V100-SXM2-32GB, 6, 3309, 32768, 66.74, 37
2026/09/08 09:33:28.022, 0, Tesla V100-SXM2-32GB, 6, 3309, 32768, 66.74, 36
2026/09/08 09:33:30.074, 0, Tesla V100-SXM2-32GB, 6, 3309, 32768, 66.74, 37
2026/09/08 09:33:32.130, 0, Tesla V100-SXM2-32GB, 6, 3309, 32768, 66.74, 36
2026/09/08 09:33:34.201, 0, Tesla V100-SXM2-32GB, 6, 3309, 32768, 66.74, 37
2026/09/08 09:33:36.254, 0, Tesla V100-SXM2-32GB, 6, 3309, 32768, 66.74, 36
2026/09/08 09:33:38.325, 0, Tesla V100-SXM2-32GB, 6, 3309, 32768, 66.74, 37
2026/09/08 09:33:40.395, 0, Tesla V100-SXM2-32GB, 6, 3309, 32768, 66.74, 36
2026/09/08 09:33:42.484, 0, Tesla V100-SXM2-32GB, 6, 3309, 32768, 66.74, 37
2026/09/08 09:33:44.534, 0, Tesla V100-SXM2-32GB, 62, 3309, 32768, 143.93, 37
2026/09/08 09:33:46.616, 0, Tesla V100-SXM2-32GB, 6, 3309, 32768, 66.78, 36
2026/09/08 09:33:48.684, 0, Tesla V100-SXM2-32GB, 6, 3309, 32768, 66.74, 37
2026/09/08 09:33:50.772, 0, Tesla V100-SXM2-32GB, 6, 3309, 32768, 66.24, 36
2026/09/08 09:33:52.864, 0, Tesla V100-SXM2-32GB, 6, 3309, 32768, 64.27, 36
2026/09/08 09:33:54.914, 0, Tesla V100-SXM2-32GB, 6, 3309, 32768, 66.78, 36
2026/09/08 09:33:56.985, 0, Tesla V100-SXM2-32GB, 6, 3309, 32768, 66.74, 36
2026/09/08 09:33:59.071, 0, Tesla V100-SXM2-32GB, 6, 3309, 32768, 66.29, 36
2026/09/08 09:34:01.122, 0, Tesla V100-SXM2-32GB, 6, 3309, 32768, 66.74, 36
2026/09/08 09:34:03.176, 0, Tesla V100-SXM2-32GB, 6, 3309, 32768, 66.24, 36
2026/09/08 09:34:05.226, 0, Tesla V100-SXM2-32GB, 42, 3309, 32768, 103.68, 38
2026/09/08 09:34:07.276, 0, Tesla V100-SXM2-32GB, 6, 3309, 32768, 66.24, 36
2026/09/08 09:34:09.330, 0, Tesla V100-SXM2-32GB, 6, 3309, 32768, 66.74, 36
2026/09/08 09:34:11.424, 0, Tesla V100-SXM2-32GB, 6, 3309, 32768, 179.65, 37
2026/09/08 09:34:13.474, 0, Tesla V100-SXM2-32GB, 5, 3309, 32768, 66.74, 36
2026/09/08 09:34:15.564, 0, Tesla V100-SXM2-32GB, 6, 3309, 32768, 66.24, 37
2026/09/08 09:34:17.618, 0, Tesla V100-SXM2-32GB, 54, 3309, 32768, 180.37, 38
2026/09/08 09:34:19.709, 0, Tesla V100-SXM2-32GB, 51, 3309, 32768, 67.28, 38
2026/09/08 09:34:21.764, 0, Tesla V100-SXM2-32GB, 36, 3309, 32768, 67.23, 39
2026/09/08 09:34:23.837, 0, Tesla V100-SXM2-32GB, 57, 3309, 32768, 68.22, 39
2026/09/08 09:34:25.904, 0, Tesla V100-SXM2-32GB, 54, 3309, 32768, 196.86, 41
2026/09/08 09:34:27.996, 0, Tesla V100-SXM2-32GB, 65, 3309, 32768, 182.10, 42
2026/09/08 09:34:30.088, 0, Tesla V100-SXM2-32GB, 100, 3309, 32768, 194.40, 42
2026/09/08 09:34:32.139, 0, Tesla V100-SXM2-32GB, 100, 3309, 32768, 194.40, 43
2026/09/08 09:34:34.208, 0, Tesla V100-SXM2-32GB, 100, 3309, 32768, 185.05, 43
2026/09/08 09:34:36.267, 0, Tesla V100-SXM2-32GB, 100, 3309, 32768, 73.65, 42
2026/09/08 09:34:38.340, 0, Tesla V100-SXM2-32GB, 69, 3309, 32768, 68.22, 42
2026/09/08 09:34:40.395, 0, Tesla V100-SXM2-32GB, 62, 3309, 32768, 69.70, 42
2026/09/08 09:34:42.446, 0, Tesla V100-SXM2-32GB, 51, 3309, 32768, 165.49, 43
2026/09/08 09:34:44.521, 0, Tesla V100-SXM2-32GB, 58, 3309, 32768, 172.98, 44
2026/09/08 09:34:46.616, 0, Tesla V100-SXM2-32GB, 81, 3309, 32768, 195.38, 44
2026/09/08 09:34:48.669, 0, Tesla V100-SXM2-32GB, 100, 3309, 32768, 201.29, 45
2026/09/08 09:34:50.745, 0, Tesla V100-SXM2-32GB, 100, 3309, 32768, 178.29, 45
2026/09/08 09:34:52.798, 0, Tesla V100-SXM2-32GB, 100, 3309, 32768, 187.02, 45
2026/09/08 09:34:54.850, 0, Tesla V100-SXM2-32GB, 84, 3309, 32768, 70.68, 44
2026/09/08 09:34:56.937, 0, Tesla V100-SXM2-32GB, 56, 3309, 32768, 70.19, 43
2026/09/08 09:34:59.021, 0, Tesla V100-SXM2-32GB, 7, 3309, 32768, 69.21, 43
2026/09/08 09:35:01.073, 0, Tesla V100-SXM2-32GB, 6, 3309, 32768, 68.26, 41
2026/09/08 09:35:03.147, 0, Tesla V100-SXM2-32GB, 6, 3309, 32768, 56.91, 40
2026/09/08 09:35:05.220, 0, Tesla V100-SXM2-32GB, 6, 3309, 32768, 68.22, 41
2026/09/08 09:35:07.290, 0, Tesla V100-SXM2-32GB, 18, 3309, 32768, 128.25, 42
2026/09/08 09:35:09.342, 0, Tesla V100-SXM2-32GB, 6, 3309, 32768, 67.72, 40
2026/09/08 09:35:11.395, 0, Tesla V100-SXM2-32GB, 49, 3309, 32768, 153.28, 41
2026/09/08 09:35:13.446, 0, Tesla V100-SXM2-32GB, 5, 3309, 32768, 67.72, 40
2026/09/08 09:35:15.536, 0, Tesla V100-SXM2-32GB, 75, 3309, 32768, 144.91, 42
2026/09/08 09:35:17.632, 0, Tesla V100-SXM2-32GB, 6, 3309, 32768, 67.72, 40
2026/09/08 09:35:19.706, 0, Tesla V100-SXM2-32GB, 5, 3309, 32768, 67.72, 40
2026/09/08 09:35:21.796, 0, Tesla V100-SXM2-32GB, 6, 3309, 32768, 67.77, 39
2026/09/08 09:35:23.888, 0, Tesla V100-SXM2-32GB, 6, 3309, 32768, 67.72, 40
2026/09/08 09:35:25.938, 0, Tesla V100-SXM2-32GB, 5, 3309, 32768, 67.23, 39
2026/09/08 09:35:28.014, 0, Tesla V100-SXM2-32GB, 6, 3309, 32768, 67.72, 39
2026/09/08 09:35:30.054, 0, Tesla V100-SXM2-32GB, 6, 3309, 32768, 67.72, 39
2026/09/08 09:35:32.110, 0, Tesla V100-SXM2-32GB, 6, 3309, 32768, 67.72, 39
2026/09/08 09:35:34.181, 0, Tesla V100-SXM2-32GB, 49, 3309, 32768, 67.72, 39
2026/09/08 09:35:36.247, 0, Tesla V100-SXM2-32GB, 4, 3309, 32768, 67.72, 39
2026/09/08 09:35:38.336, 0, Tesla V100-SXM2-32GB, 6, 3309, 32768, 174.35, 40
2026/09/08 09:35:40.409, 0, Tesla V100-SXM2-32GB, 6, 3309, 32768, 67.23, 39
2026/09/08 09:35:42.500, 0, Tesla V100-SXM2-32GB, 44, 3309, 32768, 68.71, 40
2026/09/08 09:35:44.554, 0, Tesla V100-SXM2-32GB, 5, 3309, 32768, 67.72, 39
2026/09/08 09:35:46.624, 0, Tesla V100-SXM2-32GB, 5, 3309, 32768, 67.23, 39
2026/09/08 09:35:48.678, 0, Tesla V100-SXM2-32GB, 5, 3309, 32768, 67.23, 39
2026/09/08 09:35:50.731, 0, Tesla V100-SXM2-32GB, 5, 3309, 32768, 57.89, 38
2026/09/08 09:35:52.800, 0, Tesla V100-SXM2-32GB, 6, 3309, 32768, 67.28, 39
2026/09/08 09:35:54.874, 0, Tesla V100-SXM2-32GB, 47, 3309, 32768, 67.72, 39
2026/09/08 09:35:56.946, 0, Tesla V100-SXM2-32GB, 6, 3309, 32768, 67.23, 39
2026/09/08 09:35:58.999, 0, Tesla V100-SXM2-32GB, 6, 3309, 32768, 67.23, 39
2026/09/08 09:36:01.073, 0, Tesla V100-SXM2-32GB, 6, 3309, 32768, 67.28, 39
2026/09/08 09:36:03.148, 0, Tesla V100-SXM2-32GB, 6, 3309, 32768, 137.52, 39
2026/09/08 09:36:05.220, 0, Tesla V100-SXM2-32GB, 6, 3309, 32768, 67.28, 39
2026/09/08 09:36:07.274, 0, Tesla V100-SXM2-32GB, 53, 3309, 32768, 67.72, 39
2026/09/08 09:36:09.343, 0, Tesla V100-SXM2-32GB, 64, 3309, 32768, 172.87, 40
2026/09/08 09:36:11.417, 0, Tesla V100-SXM2-32GB, 6, 3309, 32768, 67.28, 39
2026/09/08 09:36:13.488, 0, Tesla V100-SXM2-32GB, 54, 3309, 32768, 67.77, 39
2026/09/08 09:36:15.537, 0, Tesla V100-SXM2-32GB, 6, 3309, 32768, 67.28, 39
2026/09/08 09:36:17.613, 0, Tesla V100-SXM2-32GB, 6, 3309, 32768, 67.23, 39
2026/09/08 09:36:19.684, 0, Tesla V100-SXM2-32GB, 6, 3309, 32768, 67.28, 39
2026/09/08 09:36:21.753, 0, Tesla V100-SXM2-32GB, 5, 3309, 32768, 67.23, 39
2026/09/08 09:36:23.821, 0, Tesla V100-SXM2-32GB, 6, 3309, 32768, 67.28, 38
2026/09/08 09:36:25.877, 0, Tesla V100-SXM2-32GB, 6, 3309, 32768, 67.23, 38
2026/09/08 09:36:27.948, 0, Tesla V100-SXM2-32GB, 6, 3309, 32768, 67.77, 38
2026/09/08 09:36:30.003, 0, Tesla V100-SXM2-32GB, 6, 3309, 32768, 67.28, 38
2026/09/08 09:36:32.074, 0, Tesla V100-SXM2-32GB, 6, 3309, 32768, 67.28, 38
2026/09/08 09:36:34.141, 0, Tesla V100-SXM2-32GB, 32, 3309, 32768, 147.87, 40
2026/09/08 09:36:36.213, 0, Tesla V100-SXM2-32GB, 6, 3309, 32768, 67.28, 38
2026/09/08 09:36:38.290, 0, Tesla V100-SXM2-32GB, 83, 3309, 32768, 151.31, 40
2026/09/08 09:36:40.385, 0, Tesla V100-SXM2-32GB, 6, 3309, 32768, 67.28, 38
2026/09/08 09:36:42.444, 0, Tesla V100-SXM2-32GB, 6, 3309, 32768, 67.28, 39
2026/09/08 09:36:44.498, 0, Tesla V100-SXM2-32GB, 6, 3309, 32768, 67.28, 38
2026/09/08 09:36:46.572, 0, Tesla V100-SXM2-32GB, 6, 3309, 32768, 67.28, 38
2026/09/08 09:36:48.659, 0, Tesla V100-SXM2-32GB, 5, 3309, 32768, 67.28, 38
2026/09/08 09:36:50.710, 0, Tesla V100-SXM2-32GB, 6, 3309, 32768, 67.77, 38
2026/09/08 09:36:52.780, 0, Tesla V100-SXM2-32GB, 6, 3309, 32768, 67.28, 38
2026/09/08 09:36:54.834, 0, Tesla V100-SXM2-32GB, 6, 3309, 32768, 67.28, 38
2026/09/08 09:36:56.925, 0, Tesla V100-SXM2-32GB, 19, 3309, 32768, 67.28, 38
2026/09/08 09:36:58.978, 0, Tesla V100-SXM2-32GB, 6, 3309, 32768, 67.28, 38
2026/09/08 09:37:01.068, 0, Tesla V100-SXM2-32GB, 6, 3309, 32768, 115.51, 40
2026/09/08 09:37:03.155, 0, Tesla V100-SXM2-32GB, 6, 3309, 32768, 67.28, 38
2026/09/08 09:37:05.207, 0, Tesla V100-SXM2-32GB, 30, 3309, 32768, 67.23, 39
2026/09/08 09:37:07.262, 0, Tesla V100-SXM2-32GB, 6, 3309, 32768, 67.28, 38
2026/09/08 09:37:09.356, 0, Tesla V100-SXM2-32GB, 56, 3309, 32768, 67.77, 39
2026/09/08 09:37:11.448, 0, Tesla V100-SXM2-32GB, 6, 3309, 32768, 67.28, 38
2026/09/08 09:37:13.499, 0, Tesla V100-SXM2-32GB, 5, 3309, 32768, 67.28, 39
2026/09/08 09:37:15.572, 0, Tesla V100-SXM2-32GB, 6, 3309, 32768, 67.28, 38
2026/09/08 09:37:17.664, 0, Tesla V100-SXM2-32GB, 6, 3309, 32768, 67.28, 38
2026/09/08 09:37:19.719, 0, Tesla V100-SXM2-32GB, 52, 3309, 32768, 67.23, 39
2026/09/08 09:37:21.770, 0, Tesla V100-SXM2-32GB, 6, 3309, 32768, 67.28, 38
2026/09/08 09:37:23.861, 0, Tesla V100-SXM2-32GB, 6, 3309, 32768, 104.17, 39
2026/09/08 09:37:25.914, 0, Tesla V100-SXM2-32GB, 6, 3309, 32768, 67.28, 38
2026/09/08 09:37:28.004, 0, Tesla V100-SXM2-32GB, 6, 3309, 32768, 67.28, 38
2026/09/08 09:37:30.080, 0, Tesla V100-SXM2-32GB, 6, 3309, 32768, 67.28, 38
2026/09/08 09:37:32.154, 0, Tesla V100-SXM2-32GB, 33, 3309, 32768, 146.88, 40
2026/09/08 09:37:34.212, 0, Tesla V100-SXM2-32GB, 7, 3309, 32768, 67.28, 39
2026/09/08 09:37:36.285, 0, Tesla V100-SXM2-32GB, 6, 3309, 32768, 67.28, 38
2026/09/08 09:37:38.358, 0, Tesla V100-SXM2-32GB, 5, 3309, 32768, 67.28, 38
2026/09/08 09:37:40.410, 0, Tesla V100-SXM2-32GB, 6, 3309, 32768, 67.28, 38
2026/09/08 09:37:42.485, 0, Tesla V100-SXM2-32GB, 6, 3309, 32768, 67.28, 38
2026/09/08 09:37:44.539, 0, Tesla V100-SXM2-32GB, 6, 3309, 32768, 67.28, 38
2026/09/08 09:37:46.599, 0, Tesla V100-SXM2-32GB, 6, 3309, 32768, 67.28, 38
2026/09/08 09:37:48.668, 0, Tesla V100-SXM2-32GB, 5, 3309, 32768, 67.28, 38
2026/09/08 09:37:50.722, 0, Tesla V100-SXM2-32GB, 6, 3309, 32768, 67.28, 38
2026/09/08 09:37:52.812, 0, Tesla V100-SXM2-32GB, 6, 3309, 32768, 66.78, 38
2026/09/08 09:37:54.864, 0, Tesla V100-SXM2-32GB, 6, 3309, 32768, 67.28, 38
2026/09/08 09:37:56.942, 0, Tesla V100-SXM2-32GB, 7, 3309, 32768, 67.28, 38
2026/09/08 09:37:59.000, 0, Tesla V100-SXM2-32GB, 6, 3309, 32768, 66.78, 38
2026/09/08 09:38:01.094, 0, Tesla V100-SXM2-32GB, 5, 3309, 32768, 67.28, 38
2026/09/08 09:38:03.170, 0, Tesla V100-SXM2-32GB, 6, 3309, 32768, 67.28, 38
2026/09/08 09:38:05.227, 0, Tesla V100-SXM2-32GB, 6, 3309, 32768, 67.28, 38
2026/09/08 09:38:07.320, 0, Tesla V100-SXM2-32GB, 6, 3309, 32768, 67.28, 38
2026/09/08 09:38:09.355, 0, Tesla V100-SXM2-32GB, 54, 3309, 32768, 129.73, 38
2026/09/08 09:38:11.429, 0, Tesla V100-SXM2-32GB, 5, 3309, 32768, 66.78, 38
2026/09/08 09:38:13.520, 0, Tesla V100-SXM2-32GB, 52, 3309, 32768, 67.77, 39
2026/09/08 09:38:15.554, 0, Tesla V100-SXM2-32GB, 6, 3309, 32768, 67.28, 38
2026/09/08 09:38:17.644, 0, Tesla V100-SXM2-32GB, 6, 3309, 32768, 67.77, 38
2026/09/08 09:38:19.733, 0, Tesla V100-SXM2-32GB, 6, 3309, 32768, 66.78, 38
2026/09/08 09:38:21.789, 0, Tesla V100-SXM2-32GB, 4, 3309, 32768, 67.28, 38
2026/09/08 09:38:23.861, 0, Tesla V100-SXM2-32GB, 6, 3309, 32768, 67.28, 38
2026/09/08 09:38:25.952, 0, Tesla V100-SXM2-32GB, 6, 3309, 32768, 67.28, 38
2026/09/08 09:38:28.025, 0, Tesla V100-SXM2-32GB, 52, 3309, 32768, 158.70, 39
2026/09/08 09:38:30.078, 0, Tesla V100-SXM2-32GB, 6, 3309, 32768, 67.28, 38
2026/09/08 09:38:32.170, 0, Tesla V100-SXM2-32GB, 69, 3309, 32768, 67.72, 39
2026/09/08 09:38:34.225, 0, Tesla V100-SXM2-32GB, 6, 3309, 32768, 67.28, 38
2026/09/08 09:38:36.257, 0, Tesla V100-SXM2-32GB, 91, 3309, 32768, 191.94, 41
2026/09/08 09:38:38.325, 0, Tesla V100-SXM2-32GB, 100, 3309, 32768, 184.56, 42
2026/09/08 09:38:40.396, 0, Tesla V100-SXM2-32GB, 100, 3309, 32768, 192.56, 43
2026/09/08 09:38:42.488, 0, Tesla V100-SXM2-32GB, 100, 3309, 32768, 175.82, 43
2026/09/08 09:38:44.578, 0, Tesla V100-SXM2-32GB, 100, 3309, 32768, 68.76, 42
2026/09/08 09:38:46.634, 0, Tesla V100-SXM2-32GB, 100, 3309, 32768, 68.26, 42
2026/09/08 09:38:48.724, 0, Tesla V100-SXM2-32GB, 46, 3309, 32768, 69.25, 42
2026/09/08 09:38:50.779, 0, Tesla V100-SXM2-32GB, 33, 3309, 32768, 69.70, 42
2026/09/08 09:38:52.856, 0, Tesla V100-SXM2-32GB, 39, 3309, 32768, 189.97, 43
2026/09/08 09:38:54.931, 0, Tesla V100-SXM2-32GB, 50, 3309, 32768, 201.78, 44
2026/09/08 09:38:57.019, 0, Tesla V100-SXM2-32GB, 57, 3309, 32768, 180.25, 44
2026/09/08 09:38:59.070, 0, Tesla V100-SXM2-32GB, 100, 3309, 32768, 196.86, 45
2026/09/08 09:39:01.122, 0, Tesla V100-SXM2-32GB, 100, 3309, 32768, 199.45, 45
2026/09/08 09:39:03.212, 0, Tesla V100-SXM2-32GB, 100, 3309, 32768, 168.06, 45
2026/09/08 09:39:05.264, 0, Tesla V100-SXM2-32GB, 90, 3309, 32768, 70.19, 44
2026/09/08 09:39:07.356, 0, Tesla V100-SXM2-32GB, 87, 3309, 32768, 70.24, 44
2026/09/08 09:39:09.444, 0, Tesla V100-SXM2-32GB, 15, 3309, 32768, 167.46, 44
2026/09/08 09:39:11.493, 0, Tesla V100-SXM2-32GB, 18, 3309, 32768, 178.29, 45
2026/09/08 09:39:13.552, 0, Tesla V100-SXM2-32GB, 21, 3309, 32768, 199.32, 45
2026/09/08 09:39:15.643, 0, Tesla V100-SXM2-32GB, 6, 3309, 32768, 68.76, 42
2026/09/08 09:39:17.716, 0, Tesla V100-SXM2-32GB, 6, 3309, 32768, 56.91, 41
2026/09/08 09:39:19.789, 0, Tesla V100-SXM2-32GB, 30, 3309, 32768, 151.31, 42
2026/09/08 09:39:21.842, 0, Tesla V100-SXM2-32GB, 6, 3309, 32768, 67.72, 41
2026/09/08 09:39:23.908, 0, Tesla V100-SXM2-32GB, 6, 3309, 32768, 67.72, 41
2026/09/08 09:39:25.962, 0, Tesla V100-SXM2-32GB, 6, 3309, 32768, 67.77, 40
2026/09/08 09:39:28.015, 0, Tesla V100-SXM2-32GB, 6, 3309, 32768, 68.26, 41
2026/09/08 09:39:30.070, 0, Tesla V100-SXM2-32GB, 6, 3309, 32768, 67.77, 40
2026/09/08 09:39:32.141, 0, Tesla V100-SXM2-32GB, 6, 3309, 32768, 67.77, 40
2026/09/08 09:39:34.240, 0, Tesla V100-SXM2-32GB, 37, 3309, 32768, 74.14, 40
2026/09/08 09:39:36.308, 0, Tesla V100-SXM2-32GB, 6, 3309, 32768, 67.77, 40
2026/09/08 09:39:38.381, 0, Tesla V100-SXM2-32GB, 6, 3309, 32768, 67.77, 39
2026/09/08 09:39:40.432, 0, Tesla V100-SXM2-32GB, 6, 3309, 32768, 67.77, 39
2026/09/08 09:39:42.487, 0, Tesla V100-SXM2-32GB, 29, 3309, 32768, 138.11, 40
2026/09/08 09:39:44.539, 0, Tesla V100-SXM2-32GB, 3, 3309, 32768, 67.28, 39
2026/09/08 09:39:46.617, 0, Tesla V100-SXM2-32GB, 49, 3309, 32768, 150.82, 40
2026/09/08 09:39:48.688, 0, Tesla V100-SXM2-32GB, 4, 3309, 32768, 67.28, 39
2026/09/08 09:39:50.742, 0, Tesla V100-SXM2-32GB, 4, 3309, 32768, 67.23, 39
2026/09/08 09:39:52.816, 0, Tesla V100-SXM2-32GB, 4, 3309, 32768, 67.28, 39
2026/09/08 09:39:54.871, 0, Tesla V100-SXM2-32GB, 4, 3309, 32768, 67.28, 38
2026/09/08 09:39:56.940, 0, Tesla V100-SXM2-32GB, 5, 3309, 32768, 67.28, 38
2026/09/08 09:39:59.013, 0, Tesla V100-SXM2-32GB, 4, 3309, 32768, 67.28, 39
2026/09/08 09:40:01.084, 0, Tesla V100-SXM2-32GB, 4, 3309, 32768, 67.28, 38
2026/09/08 09:40:03.134, 0, Tesla V100-SXM2-32GB, 4, 3309, 32768, 67.28, 38
2026/09/08 09:40:05.204, 0, Tesla V100-SXM2-32GB, 6, 3309, 32768, 67.28, 38
2026/09/08 09:40:07.259, 0, Tesla V100-SXM2-32GB, 6, 3309, 32768, 67.28, 38
2026/09/08 09:40:09.310, 0, Tesla V100-SXM2-32GB, 6, 3309, 32768, 67.28, 38
2026/09/08 09:40:11.362, 0, Tesla V100-SXM2-32GB, 4, 3309, 32768, 67.28, 38
2026/09/08 09:40:13.452, 0, Tesla V100-SXM2-32GB, 5, 3309, 32768, 67.28, 38
2026/09/08 09:40:15.554, 0, Tesla V100-SXM2-32GB, 45, 3309, 32768, 67.28, 38
2026/09/08 09:40:17.606, 0, Tesla V100-SXM2-32GB, 55, 3309, 32768, 108.54, 38
2026/09/08 09:40:19.676, 0, Tesla V100-SXM2-32GB, 6, 3309, 32768, 66.78, 38
2026/09/08 09:40:21.773, 0, Tesla V100-SXM2-32GB, 5, 3309, 32768, 67.28, 38
2026/09/08 09:40:23.864, 0, Tesla V100-SXM2-32GB, 43, 3309, 32768, 67.23, 38
2026/09/08 09:40:25.918, 0, Tesla V100-SXM2-32GB, 5, 3309, 32768, 67.28, 38
2026/09/08 09:40:27.970, 0, Tesla V100-SXM2-32GB, 5, 3309, 32768, 67.28, 38
2026/09/08 09:40:30.040, 0, Tesla V100-SXM2-32GB, 5, 3309, 32768, 67.28, 38
2026/09/08 09:40:32.112, 0, Tesla V100-SXM2-32GB, 5, 3309, 32768, 180.14, 38
2026/09/08 09:40:34.162, 0, Tesla V100-SXM2-32GB, 6, 3309, 32768, 66.78, 38
2026/09/08 09:40:36.233, 0, Tesla V100-SXM2-32GB, 55, 3309, 32768, 145.40, 38
2026/09/08 09:40:38.324, 0, Tesla V100-SXM2-32GB, 6, 3309, 32768, 66.78, 37
2026/09/08 09:40:40.417, 0, Tesla V100-SXM2-32GB, 53, 3309, 32768, 67.23, 38
2026/09/08 09:40:42.488, 0, Tesla V100-SXM2-32GB, 6, 3309, 32768, 67.28, 37
2026/09/08 09:40:44.581, 0, Tesla V100-SXM2-32GB, 6, 3309, 32768, 106.64, 38
2026/09/08 09:40:46.634, 0, Tesla V100-SXM2-32GB, 3, 3309, 32768, 66.78, 37
2026/09/08 09:40:48.705, 0, Tesla V100-SXM2-32GB, 25, 3309, 32768, 66.78, 38
2026/09/08 09:40:50.776, 0, Tesla V100-SXM2-32GB, 4, 3309, 32768, 67.28, 37
2026/09/08 09:40:52.848, 0, Tesla V100-SXM2-32GB, 4, 3309, 32768, 67.28, 37
2026/09/08 09:40:54.902, 0, Tesla V100-SXM2-32GB, 4, 3309, 32768, 66.74, 37
2026/09/08 09:40:56.953, 0, Tesla V100-SXM2-32GB, 5, 3309, 32768, 67.23, 37
2026/09/08 09:40:59.025, 0, Tesla V100-SXM2-32GB, 15, 3309, 32768, 195.88, 38
2026/09/08 09:41:01.078, 0, Tesla V100-SXM2-32GB, 5, 3309, 32768, 66.74, 37
2026/09/08 09:41:03.169, 0, Tesla V100-SXM2-32GB, 51, 3309, 32768, 129.24, 38
2026/09/08 09:41:05.222, 0, Tesla V100-SXM2-32GB, 4, 3309, 32768, 66.78, 37
2026/09/08 09:41:07.273, 0, Tesla V100-SXM2-32GB, 6, 3309, 32768, 185.18, 38
2026/09/08 09:41:09.343, 0, Tesla V100-SXM2-32GB, 5, 3309, 32768, 66.74, 37
2026/09/08 09:41:11.412, 0, Tesla V100-SXM2-32GB, 6, 3309, 32768, 67.28, 38
2026/09/08 09:41:13.484, 0, Tesla V100-SXM2-32GB, 6, 3309, 32768, 67.28, 37
2026/09/08 09:41:15.533, 0, Tesla V100-SXM2-32GB, 4, 3309, 32768, 66.78, 37
2026/09/08 09:41:17.604, 0, Tesla V100-SXM2-32GB, 5, 3309, 32768, 66.74, 37
2026/09/08 09:41:19.635, 0, Tesla V100-SXM2-32GB, 6, 3309, 32768, 66.74, 37
2026/09/08 09:41:21.703, 0, Tesla V100-SXM2-32GB, 6, 3309, 32768, 66.78, 37
2026/09/08 09:41:23.772, 0, Tesla V100-SXM2-32GB, 5, 3309, 32768, 67.28, 37
2026/09/08 09:41:25.827, 0, Tesla V100-SXM2-32GB, 4, 3309, 32768, 66.78, 37
2026/09/08 09:41:27.900, 0, Tesla V100-SXM2-32GB, 6, 3309, 32768, 66.74, 37
2026/09/08 09:41:29.996, 0, Tesla V100-SXM2-32GB, 6, 3309, 32768, 55.42, 36
2026/09/08 09:41:32.084, 0, Tesla V100-SXM2-32GB, 6, 3309, 32768, 66.78, 37
2026/09/08 09:41:34.119, 0, Tesla V100-SXM2-32GB, 73, 3309, 32768, 157.22, 38
2026/09/08 09:41:36.170, 0, Tesla V100-SXM2-32GB, 6, 3309, 32768, 67.28, 37
2026/09/08 09:41:38.241, 0, Tesla V100-SXM2-32GB, 6, 3309, 32768, 66.74, 37
2026/09/08 09:41:40.313, 0, Tesla V100-SXM2-32GB, 6, 3309, 32768, 66.78, 37
2026/09/08 09:41:42.404, 0, Tesla V100-SXM2-32GB, 6, 3309, 32768, 66.78, 37
2026/09/08 09:41:44.492, 0, Tesla V100-SXM2-32GB, 6, 3309, 32768, 66.78, 37
2026/09/08 09:41:46.585, 0, Tesla V100-SXM2-32GB, 11, 3309, 32768, 67.23, 37
2026/09/08 09:41:48.656, 0, Tesla V100-SXM2-32GB, 5, 3309, 32768, 66.78, 37
2026/09/08 09:41:50.710, 0, Tesla V100-SXM2-32GB, 6, 3309, 32768, 66.78, 37
2026/09/08 09:41:52.780, 0, Tesla V100-SXM2-32GB, 6, 3309, 32768, 66.78, 37
2026/09/08 09:41:54.873, 0, Tesla V100-SXM2-32GB, 6, 3309, 32768, 66.78, 37
2026/09/08 09:41:56.926, 0, Tesla V100-SXM2-32GB, 47, 3309, 32768, 66.74, 37
2026/09/08 09:41:59.017, 0, Tesla V100-SXM2-32GB, 60, 3309, 32768, 70.68, 38
2026/09/08 09:42:01.092, 0, Tesla V100-SXM2-32GB, 39, 3309, 32768, 66.74, 37
2026/09/08 09:42:03.184, 0, Tesla V100-SXM2-32GB, 5, 3309, 32768, 66.74, 37
2026/09/08 09:42:05.239, 0, Tesla V100-SXM2-32GB, 55, 3309, 32768, 66.74, 37
2026/09/08 09:42:07.313, 0, Tesla V100-SXM2-32GB, 6, 3309, 32768, 66.74, 37
2026/09/08 09:42:09.372, 0, Tesla V100-SXM2-32GB, 6, 3309, 32768, 66.78, 37
2026/09/08 09:42:11.444, 0, Tesla V100-SXM2-32GB, 6, 3309, 32768, 66.74, 37
2026/09/08 09:42:13.512, 0, Tesla V100-SXM2-32GB, 6, 3309, 32768, 66.78, 37
2026/09/08 09:42:15.570, 0, Tesla V100-SXM2-32GB, 6, 3309, 32768, 66.74, 37
2026/09/08 09:42:17.660, 0, Tesla V100-SXM2-32GB, 6, 3309, 32768, 66.29, 37
2026/09/08 09:42:19.715, 0, Tesla V100-SXM2-32GB, 6, 3309, 32768, 66.74, 37
2026/09/08 09:42:21.784, 0, Tesla V100-SXM2-32GB, 6, 3309, 32768, 55.92, 36
2026/09/08 09:42:23.838, 0, Tesla V100-SXM2-32GB, 27, 3309, 32768, 66.74, 37
2026/09/08 09:42:25.896, 0, Tesla V100-SXM2-32GB, 7, 3309, 32768, 66.74, 37
2026/09/08 09:42:27.988, 0, Tesla V100-SXM2-32GB, 6, 3309, 32768, 66.74, 37
2026/09/08 09:42:30.041, 0, Tesla V100-SXM2-32GB, 36, 3309, 32768, 66.74, 37
2026/09/08 09:42:32.112, 0, Tesla V100-SXM2-32GB, 6, 3309, 32768, 66.74, 37
2026/09/08 09:42:34.167, 0, Tesla V100-SXM2-32GB, 6, 3309, 32768, 66.74, 37
2026/09/08 09:42:36.219, 0, Tesla V100-SXM2-32GB, 6, 3309, 32768, 66.78, 36
2026/09/08 09:42:38.270, 0, Tesla V100-SXM2-32GB, 5, 3309, 32768, 66.74, 37
2026/09/08 09:42:40.360, 0, Tesla V100-SXM2-32GB, 5, 3309, 32768, 66.74, 36
2026/09/08 09:42:42.453, 0, Tesla V100-SXM2-32GB, 5, 3309, 32768, 66.74, 37
2026/09/08 09:42:44.540, 0, Tesla V100-SXM2-32GB, 12, 3309, 32768, 89.87, 37
2026/09/08 09:42:46.638, 0, Tesla V100-SXM2-32GB, 5, 3309, 32768, 66.74, 37
2026/09/08 09:42:48.728, 0, Tesla V100-SXM2-32GB, 71, 3309, 32768, 178.78, 40
2026/09/08 09:42:50.816, 0, Tesla V100-SXM2-32GB, 100, 3309, 32768, 210.00, 41
2026/09/08 09:42:52.870, 0, Tesla V100-SXM2-32GB, 100, 3309, 32768, 204.73, 41
2026/09/08 09:42:54.960, 0, Tesla V100-SXM2-32GB, 100, 3309, 32768, 184.56, 42
2026/09/08 09:42:57.009, 0, Tesla V100-SXM2-32GB, 100, 3309, 32768, 128.25, 43
2026/09/08 09:42:59.099, 0, Tesla V100-SXM2-32GB, 100, 3309, 32768, 68.22, 41
2026/09/08 09:43:01.150, 0, Tesla V100-SXM2-32GB, 100, 3309, 32768, 68.22, 41
2026/09/08 09:43:03.224, 0, Tesla V100-SXM2-32GB, 11, 3309, 32768, 70.19, 41
2026/09/08 09:43:05.279, 0, Tesla V100-SXM2-32GB, 15, 3309, 32768, 166.96, 42
2026/09/08 09:43:07.348, 0, Tesla V100-SXM2-32GB, 25, 3309, 32768, 198.83, 43
2026/09/08 09:43:09.402, 0, Tesla V100-SXM2-32GB, 48, 3309, 32768, 185.55, 44
2026/09/08 09:43:11.454, 0, Tesla V100-SXM2-32GB, 100, 3309, 32768, 199.81, 44
2026/09/08 09:43:13.524, 0, Tesla V100-SXM2-32GB, 100, 3309, 32768, 190.59, 45
2026/09/08 09:43:15.592, 0, Tesla V100-SXM2-32GB, 100, 3309, 32768, 174.35, 45
2026/09/08 09:43:17.663, 0, Tesla V100-SXM2-32GB, 98, 3309, 32768, 77.59, 45
2026/09/08 09:43:19.717, 0, Tesla V100-SXM2-32GB, 90, 3309, 32768, 69.21, 44
2026/09/08 09:43:21.770, 0, Tesla V100-SXM2-32GB, 70, 3309, 32768, 70.19, 43
2026/09/08 09:43:23.821, 0, Tesla V100-SXM2-32GB, 59, 3309, 32768, 158.11, 43
2026/09/08 09:43:25.873, 0, Tesla V100-SXM2-32GB, 50, 3309, 32768, 191.57, 45
2026/09/08 09:43:27.923, 0, Tesla V100-SXM2-32GB, 6, 3309, 32768, 68.71, 43
2026/09/08 09:43:29.973, 0, Tesla V100-SXM2-32GB, 4, 3309, 32768, 68.22, 42
2026/09/08 09:43:32.028, 0, Tesla V100-SXM2-32GB, 6, 3309, 32768, 56.91, 40
2026/09/08 09:43:34.100, 0, Tesla V100-SXM2-32GB, 6, 3309, 32768, 67.77, 41
2026/09/08 09:43:36.192, 0, Tesla V100-SXM2-32GB, 57, 3309, 32768, 136.54, 42
2026/09/08 09:43:38.284, 0, Tesla V100-SXM2-32GB, 6, 3309, 32768, 68.22, 40
2026/09/08 09:43:40.375, 0, Tesla V100-SXM2-32GB, 55, 3309, 32768, 75.13, 42
2026/09/08 09:43:42.444, 0, Tesla V100-SXM2-32GB, 6, 3309, 32768, 67.72, 40
2026/09/08 09:43:44.516, 0, Tesla V100-SXM2-32GB, 6, 3309, 32768, 68.22, 40
2026/09/08 09:43:46.608, 0, Tesla V100-SXM2-32GB, 6, 3309, 32768, 67.72, 40
2026/09/08 09:43:48.700, 0, Tesla V100-SXM2-32GB, 5, 3309, 32768, 67.72, 40
2026/09/08 09:43:50.772, 0, Tesla V100-SXM2-32GB, 6, 3309, 32768, 67.23, 40
2026/09/08 09:43:52.844, 0, Tesla V100-SXM2-32GB, 6, 3309, 32768, 67.72, 40
2026/09/08 09:43:54.936, 0, Tesla V100-SXM2-32GB, 52, 3309, 32768, 68.22, 40
2026/09/08 09:43:57.028, 0, Tesla V100-SXM2-32GB, 6, 3309, 32768, 67.77, 39
2026/09/08 09:43:59.101, 0, Tesla V100-SXM2-32GB, 10, 3309, 32768, 145.40, 41
2026/09/08 09:44:01.192, 0, Tesla V100-SXM2-32GB, 6, 3309, 32768, 67.28, 39
2026/09/08 09:44:03.247, 0, Tesla V100-SXM2-32GB, 6, 3309, 32768, 68.22, 40
2026/09/08 09:44:05.302, 0, Tesla V100-SXM2-32GB, 6, 3309, 32768, 67.28, 39
2026/09/08 09:44:07.354, 0, Tesla V100-SXM2-32GB, 6, 3309, 32768, 67.77, 39
2026/09/08 09:44:09.425, 0, Tesla V100-SXM2-32GB, 7, 3309, 32768, 67.23, 39
2026/09/08 09:44:11.479, 0, Tesla V100-SXM2-32GB, 59, 3309, 32768, 69.21, 40
2026/09/08 09:44:13.555, 0, Tesla V100-SXM2-32GB, 6, 3309, 32768, 67.28, 39
2026/09/08 09:44:15.645, 0, Tesla V100-SXM2-32GB, 4, 3309, 32768, 67.72, 39
2026/09/08 09:44:17.717, 0, Tesla V100-SXM2-32GB, 6, 3309, 32768, 164.01, 39
2026/09/08 09:44:19.788, 0, Tesla V100-SXM2-32GB, 6, 3309, 32768, 67.72, 39
2026/09/08 09:44:21.880, 0, Tesla V100-SXM2-32GB, 6, 3309, 32768, 67.72, 39
2026/09/08 09:44:23.930, 0, Tesla V100-SXM2-32GB, 6, 3309, 32768, 67.23, 39
2026/09/08 09:44:25.982, 0, Tesla V100-SXM2-32GB, 6, 3309, 32768, 67.23, 39
2026/09/08 09:44:28.015, 0, Tesla V100-SXM2-32GB, 6, 3309, 32768, 67.28, 39
2026/09/08 09:44:30.070, 0, Tesla V100-SXM2-32GB, 6, 3309, 32768, 67.23, 39
2026/09/08 09:44:32.123, 0, Tesla V100-SXM2-32GB, 82, 3309, 32768, 153.78, 40
2026/09/08 09:44:34.216, 0, Tesla V100-SXM2-32GB, 11, 3309, 32768, 67.77, 39
2026/09/08 09:44:36.284, 0, Tesla V100-SXM2-32GB, 5, 3309, 32768, 67.23, 39
2026/09/08 09:44:38.338, 0, Tesla V100-SXM2-32GB, 6, 3309, 32768, 67.77, 39
2026/09/08 09:44:40.428, 0, Tesla V100-SXM2-32GB, 6, 3309, 32768, 151.81, 39
2026/09/08 09:44:42.521, 0, Tesla V100-SXM2-32GB, 6, 3309, 32768, 67.28, 39
2026/09/08 09:44:44.592, 0, Tesla V100-SXM2-32GB, 6, 3309, 32768, 67.28, 39
2026/09/08 09:44:46.625, 0, Tesla V100-SXM2-32GB, 6, 3309, 32768, 67.28, 39
2026/09/08 09:44:48.716, 0, Tesla V100-SXM2-32GB, 6, 3309, 32768, 67.28, 39
2026/09/08 09:44:50.787, 0, Tesla V100-SXM2-32GB, 6, 3309, 32768, 67.28, 39
2026/09/08 09:44:52.842, 0, Tesla V100-SXM2-32GB, 6, 3309, 32768, 67.28, 39
2026/09/08 09:44:54.913, 0, Tesla V100-SXM2-32GB, 6, 3309, 32768, 67.28, 39
2026/09/08 09:44:57.004, 0, Tesla V100-SXM2-32GB, 6, 3309, 32768, 67.28, 38
2026/09/08 09:44:59.076, 0, Tesla V100-SXM2-32GB, 6, 3309, 32768, 67.28, 39
2026/09/08 09:45:01.148, 0, Tesla V100-SXM2-32GB, 6, 3309, 32768, 67.28, 38
2026/09/08 09:45:03.202, 0, Tesla V100-SXM2-32GB, 6, 3309, 32768, 67.28, 39
2026/09/08 09:45:05.273, 0, Tesla V100-SXM2-32GB, 6, 3309, 32768, 105.16, 40
2026/09/08 09:45:07.344, 0, Tesla V100-SXM2-32GB, 6, 3309, 32768, 67.28, 39
2026/09/08 09:45:09.398, 0, Tesla V100-SXM2-32GB, 79, 3309, 32768, 69.25, 40
2026/09/08 09:45:11.450, 0, Tesla V100-SXM2-32GB, 6, 3309, 32768, 67.28, 38
2026/09/08 09:45:13.541, 0, Tesla V100-SXM2-32GB, 6, 3309, 32768, 67.28, 39
2026/09/08 09:45:15.636, 0, Tesla V100-SXM2-32GB, 6, 3309, 32768, 67.28, 38
2026/09/08 09:45:17.704, 0, Tesla V100-SXM2-32GB, 47, 3309, 32768, 67.77, 39
2026/09/08 09:45:19.796, 0, Tesla V100-SXM2-32GB, 6, 3309, 32768, 67.28, 38
2026/09/08 09:45:21.851, 0, Tesla V100-SXM2-32GB, 5, 3309, 32768, 67.28, 38
2026/09/08 09:45:23.907, 0, Tesla V100-SXM2-32GB, 6, 3309, 32768, 67.28, 38
2026/09/08 09:45:25.963, 0, Tesla V100-SXM2-32GB, 6, 3309, 32768, 67.28, 38
2026/09/08 09:45:28.015, 0, Tesla V100-SXM2-32GB, 64, 3309, 32768, 67.23, 39
2026/09/08 09:45:30.108, 0, Tesla V100-SXM2-32GB, 6, 3309, 32768, 67.77, 38
2026/09/08 09:45:32.199, 0, Tesla V100-SXM2-32GB, 6, 3309, 32768, 67.28, 39
2026/09/08 09:45:34.250, 0, Tesla V100-SXM2-32GB, 6, 3309, 32768, 67.28, 38
2026/09/08 09:45:36.303, 0, Tesla V100-SXM2-32GB, 54, 3309, 32768, 67.72, 39
2026/09/08 09:45:38.354, 0, Tesla V100-SXM2-32GB, 6, 3309, 32768, 67.28, 38
2026/09/08 09:45:40.444, 0, Tesla V100-SXM2-32GB, 23, 3309, 32768, 67.77, 39
2026/09/08 09:45:42.536, 0, Tesla V100-SXM2-32GB, 6, 3309, 32768, 67.28, 38
2026/09/08 09:45:44.632, 0, Tesla V100-SXM2-32GB, 6, 3309, 32768, 67.77, 38
2026/09/08 09:45:46.704, 0, Tesla V100-SXM2-32GB, 39, 3309, 32768, 182.71, 39
2026/09/08 09:45:48.758, 0, Tesla V100-SXM2-32GB, 6, 3309, 32768, 67.28, 38
2026/09/08 09:45:50.852, 0, Tesla V100-SXM2-32GB, 53, 3309, 32768, 67.28, 39
2026/09/08 09:45:52.940, 0, Tesla V100-SXM2-32GB, 5, 3309, 32768, 67.28, 38
2026/09/08 09:45:55.013, 0, Tesla V100-SXM2-32GB, 6, 3309, 32768, 67.77, 39
2026/09/08 09:45:57.101, 0, Tesla V100-SXM2-32GB, 6, 3309, 32768, 67.28, 38
2026/09/08 09:45:59.172, 0, Tesla V100-SXM2-32GB, 57, 3309, 32768, 87.96, 40
2026/09/08 09:46:01.244, 0, Tesla V100-SXM2-32GB, 5, 3309, 32768, 67.28, 39
2026/09/08 09:46:03.299, 0, Tesla V100-SXM2-32GB, 6, 3309, 32768, 67.28, 38
2026/09/08 09:46:05.355, 0, Tesla V100-SXM2-32GB, 6, 3309, 32768, 67.28, 38
2026/09/08 09:46:07.444, 0, Tesla V100-SXM2-32GB, 6, 3309, 32768, 67.28, 38
2026/09/08 09:46:09.516, 0, Tesla V100-SXM2-32GB, 6, 3309, 32768, 67.28, 38
2026/09/08 09:46:11.609, 0, Tesla V100-SXM2-32GB, 6, 3309, 32768, 81.05, 39
2026/09/08 09:46:13.700, 0, Tesla V100-SXM2-32GB, 6, 3309, 32768, 67.77, 39
2026/09/08 09:46:15.751, 0, Tesla V100-SXM2-32GB, 40, 3309, 32768, 172.87, 40
2026/09/08 09:46:17.802, 0, Tesla V100-SXM2-32GB, 35, 3309, 32768, 67.28, 39
2026/09/08 09:46:19.855, 0, Tesla V100-SXM2-32GB, 55, 3309, 32768, 146.98, 39
2026/09/08 09:46:21.948, 0, Tesla V100-SXM2-32GB, 5, 3309, 32768, 67.28, 38
2026/09/08 09:46:24.040, 0, Tesla V100-SXM2-32GB, 5, 3309, 32768, 138.11, 39
2026/09/08 09:46:26.112, 0, Tesla V100-SXM2-32GB, 6, 3309, 32768, 67.77, 38
2026/09/08 09:46:28.162, 0, Tesla V100-SXM2-32GB, 6, 3309, 32768, 67.28, 38
2026/09/08 09:46:30.232, 0, Tesla V100-SXM2-32GB, 6, 3309, 32768, 67.28, 38
2026/09/08 09:46:32.324, 0, Tesla V100-SXM2-32GB, 5, 3309, 32768, 67.28, 38
2026/09/08 09:46:34.416, 0, Tesla V100-SXM2-32GB, 6, 3309, 32768, 67.28, 38
2026/09/08 09:46:36.484, 0, Tesla V100-SXM2-32GB, 6, 3309, 32768, 67.28, 38
2026/09/08 09:46:38.556, 0, Tesla V100-SXM2-32GB, 6, 3309, 32768, 67.28, 38
2026/09/08 09:46:40.606, 0, Tesla V100-SXM2-32GB, 6, 3309, 32768, 67.28, 38
2026/09/08 09:46:42.659, 0, Tesla V100-SXM2-32GB, 4, 3309, 32768, 67.28, 38
2026/09/08 09:46:44.714, 0, Tesla V100-SXM2-32GB, 6, 3309, 32768, 67.28, 38
2026/09/08 09:46:46.804, 0, Tesla V100-SXM2-32GB, 54, 3309, 32768, 67.28, 38
2026/09/08 09:46:48.858, 0, Tesla V100-SXM2-32GB, 5, 3309, 32768, 66.78, 38
2026/09/08 09:46:50.948, 0, Tesla V100-SXM2-32GB, 22, 3309, 32768, 67.28, 38
2026/09/08 09:46:53.003, 0, Tesla V100-SXM2-32GB, 4, 3309, 32768, 66.78, 38
2026/09/08 09:46:55.077, 0, Tesla V100-SXM2-32GB, 6, 3309, 32768, 67.28, 38
2026/09/08 09:46:57.144, 0, Tesla V100-SXM2-32GB, 37, 3309, 32768, 164.50, 39
2026/09/08 09:46:59.240, 0, Tesla V100-SXM2-32GB, 5, 3309, 32768, 67.28, 38
2026/09/08 09:47:01.309, 0, Tesla V100-SXM2-32GB, 76, 3309, 32768, 186.65, 41
2026/09/08 09:47:03.361, 0, Tesla V100-SXM2-32GB, 34, 3309, 32768, 199.81, 42
2026/09/08 09:47:05.451, 0, Tesla V100-SXM2-32GB, 100, 3309, 32768, 187.14, 43
2026/09/08 09:47:07.506, 0, Tesla V100-SXM2-32GB, 100, 3309, 32768, 193.91, 43
2026/09/08 09:47:09.596, 0, Tesla V100-SXM2-32GB, 100, 3309, 32768, 192.92, 44
2026/09/08 09:47:11.649, 0, Tesla V100-SXM2-32GB, 100, 3309, 32768, 197.35, 44
2026/09/08 09:47:13.724, 0, Tesla V100-SXM2-32GB, 100, 3309, 32768, 164.12, 44
2026/09/08 09:47:15.774, 0, Tesla V100-SXM2-32GB, 100, 3309, 32768, 114.53, 45
2026/09/08 09:47:17.831, 0, Tesla V100-SXM2-32GB, 97, 3309, 32768, 69.25, 43
2026/09/08 09:47:19.888, 0, Tesla V100-SXM2-32GB, 87, 3309, 32768, 68.71, 43
2026/09/08 09:47:21.943, 0, Tesla V100-SXM2-32GB, 11, 3309, 32768, 69.74, 43
2026/09/08 09:47:24.012, 0, Tesla V100-SXM2-32GB, 12, 3309, 32768, 167.46, 43
2026/09/08 09:47:26.067, 0, Tesla V100-SXM2-32GB, 10, 3309, 32768, 111.57, 43
2026/09/08 09:47:28.122, 0, Tesla V100-SXM2-32GB, 29, 3309, 32768, 187.51, 44
2026/09/08 09:47:30.174, 0, Tesla V100-SXM2-32GB, 65, 3309, 32768, 199.81, 45
2026/09/08 09:47:32.264, 0, Tesla V100-SXM2-32GB, 71, 3309, 32768, 179.76, 45
2026/09/08 09:47:34.318, 0, Tesla V100-SXM2-32GB, 90, 3309, 32768, 196.37, 46
2026/09/08 09:47:36.371, 0, Tesla V100-SXM2-32GB, 93, 3309, 32768, 191.94, 46
2026/09/08 09:47:38.422, 0, Tesla V100-SXM2-32GB, 100, 3309, 32768, 186.16, 46
2026/09/08 09:47:40.481, 0, Tesla V100-SXM2-32GB, 100, 3309, 32768, 78.58, 46
2026/09/08 09:47:42.552, 0, Tesla V100-SXM2-32GB, 6, 3309, 32768, 68.76, 42
2026/09/08 09:47:44.603, 0, Tesla V100-SXM2-32GB, 6, 3309, 32768, 59.38, 41
2026/09/08 09:47:46.655, 0, Tesla V100-SXM2-32GB, 6, 3309, 32768, 68.26, 41
2026/09/08 09:47:48.725, 0, Tesla V100-SXM2-32GB, 6, 3309, 32768, 143.04, 41
2026/09/08 09:47:50.796, 0, Tesla V100-SXM2-32GB, 6, 3309, 32768, 67.77, 41
2026/09/08 09:47:52.890, 0, Tesla V100-SXM2-32GB, 6, 3309, 32768, 67.77, 40
2026/09/08 09:47:54.942, 0, Tesla V100-SXM2-32GB, 6, 3309, 32768, 67.77, 40
2026/09/08 09:47:57.012, 0, Tesla V100-SXM2-32GB, 71, 3309, 32768, 157.72, 42
2026/09/08 09:47:59.071, 0, Tesla V100-SXM2-32GB, 6, 3309, 32768, 67.77, 40
2026/09/08 09:48:01.164, 0, Tesla V100-SXM2-32GB, 83, 3309, 32768, 115.51, 42
2026/09/08 09:48:03.237, 0, Tesla V100-SXM2-32GB, 6, 3309, 32768, 67.77, 40
2026/09/08 09:48:05.291, 0, Tesla V100-SXM2-32GB, 44, 3309, 32768, 67.77, 40
2026/09/08 09:48:07.343, 0, Tesla V100-SXM2-32GB, 6, 3309, 32768, 67.77, 39
2026/09/08 09:48:09.398, 0, Tesla V100-SXM2-32GB, 6, 3309, 32768, 67.77, 39
2026/09/08 09:48:11.450, 0, Tesla V100-SXM2-32GB, 6, 3309, 32768, 67.28, 39
2026/09/08 09:48:13.502, 0, Tesla V100-SXM2-32GB, 6, 3309, 32768, 67.77, 39
2026/09/08 09:48:15.593, 0, Tesla V100-SXM2-32GB, 6, 3309, 32768, 67.28, 39
2026/09/08 09:48:17.684, 0, Tesla V100-SXM2-32GB, 6, 3309, 32768, 67.28, 39
2026/09/08 09:48:19.756, 0, Tesla V100-SXM2-32GB, 80, 3309, 32768, 176.81, 41
2026/09/08 09:48:21.810, 0, Tesla V100-SXM2-32GB, 6, 3309, 32768, 67.77, 39
2026/09/08 09:48:23.866, 0, Tesla V100-SXM2-32GB, 6, 3309, 32768, 67.28, 39
2026/09/08 09:48:25.936, 0, Tesla V100-SXM2-32GB, 6, 3309, 32768, 67.28, 39
2026/09/08 09:48:28.028, 0, Tesla V100-SXM2-32GB, 79, 3309, 32768, 201.29, 41
2026/09/08 09:48:30.121, 0, Tesla V100-SXM2-32GB, 6, 3309, 32768, 67.28, 38
2026/09/08 09:48:32.175, 0, Tesla V100-SXM2-32GB, 6, 3309, 32768, 67.77, 39
2026/09/08 09:48:34.264, 0, Tesla V100-SXM2-32GB, 6, 3309, 32768, 66.78, 38
2026/09/08 09:48:36.336, 0, Tesla V100-SXM2-32GB, 6, 3309, 32768, 67.28, 39
2026/09/08 09:48:38.427, 0, Tesla V100-SXM2-32GB, 6, 3309, 32768, 67.28, 38
2026/09/08 09:48:40.496, 0, Tesla V100-SXM2-32GB, 6, 3309, 32768, 67.28, 38
2026/09/08 09:48:42.553, 0, Tesla V100-SXM2-32GB, 6, 3309, 32768, 67.28, 38
2026/09/08 09:48:44.607, 0, Tesla V100-SXM2-32GB, 62, 3309, 32768, 151.81, 39
2026/09/08 09:48:46.659, 0, Tesla V100-SXM2-32GB, 6, 3309, 32768, 66.78, 38
2026/09/08 09:48:48.712, 0, Tesla V100-SXM2-32GB, 7, 3309, 32768, 70.73, 39
2026/09/08 09:48:50.780, 0, Tesla V100-SXM2-32GB, 6, 3309, 32768, 67.28, 38
2026/09/08 09:48:52.872, 0, Tesla V100-SXM2-32GB, 43, 3309, 32768, 67.77, 38
2026/09/08 09:48:54.927, 0, Tesla V100-SXM2-32GB, 6, 3309, 32768, 67.28, 38
2026/09/08 09:48:56.983, 0, Tesla V100-SXM2-32GB, 6, 3309, 32768, 67.28, 38
2026/09/08 09:48:59.038, 0, Tesla V100-SXM2-32GB, 6, 3309, 32768, 67.28, 38
2026/09/08 09:49:01.108, 0, Tesla V100-SXM2-32GB, 6, 3309, 32768, 128.74, 38
2026/09/08 09:49:03.162, 0, Tesla V100-SXM2-32GB, 6, 3309, 32768, 66.78, 38
2026/09/08 09:49:05.219, 0, Tesla V100-SXM2-32GB, 6, 3309, 32768, 66.78, 37
2026/09/08 09:49:07.312, 0, Tesla V100-SXM2-32GB, 6, 3309, 32768, 67.28, 37
2026/09/08 09:49:09.404, 0, Tesla V100-SXM2-32GB, 6, 3309, 32768, 66.78, 37
2026/09/08 09:49:11.454, 0, Tesla V100-SXM2-32GB, 6, 3309, 32768, 66.78, 37
2026/09/08 09:49:13.525, 0, Tesla V100-SXM2-32GB, 8, 3309, 32768, 66.78, 38
2026/09/08 09:49:15.578, 0, Tesla V100-SXM2-32GB, 6, 3309, 32768, 67.28, 37
2026/09/08 09:49:17.649, 0, Tesla V100-SXM2-32GB, 23, 3309, 32768, 138.11, 38
2026/09/08 09:49:19.702, 0, Tesla V100-SXM2-32GB, 6, 3309, 32768, 66.78, 37
2026/09/08 09:49:21.792, 0, Tesla V100-SXM2-32GB, 32, 3309, 32768, 66.78, 37
2026/09/08 09:49:23.880, 0, Tesla V100-SXM2-32GB, 40, 3309, 32768, 66.78, 37
2026/09/08 09:49:25.971, 0, Tesla V100-SXM2-32GB, 55, 3309, 32768, 67.28, 38
2026/09/08 09:49:28.044, 0, Tesla V100-SXM2-32GB, 6, 3309, 32768, 66.74, 37
2026/09/08 09:49:30.099, 0, Tesla V100-SXM2-32GB, 6, 3309, 32768, 66.78, 37
2026/09/08 09:49:32.154, 0, Tesla V100-SXM2-32GB, 6, 3309, 32768, 66.78, 37
2026/09/08 09:49:34.230, 0, Tesla V100-SXM2-32GB, 6, 3309, 32768, 66.78, 37
2026/09/08 09:49:36.300, 0, Tesla V100-SXM2-32GB, 4, 3309, 32768, 66.78, 37
2026/09/08 09:49:38.357, 0, Tesla V100-SXM2-32GB, 6, 3309, 32768, 67.72, 37
2026/09/08 09:49:40.443, 0, Tesla V100-SXM2-32GB, 17, 3309, 32768, 67.23, 37
2026/09/08 09:49:42.537, 0, Tesla V100-SXM2-32GB, 6, 3309, 32768, 66.78, 37
2026/09/08 09:49:44.612, 0, Tesla V100-SXM2-32GB, 6, 3309, 32768, 180.63, 38
2026/09/08 09:49:46.684, 0, Tesla V100-SXM2-32GB, 4, 3309, 32768, 66.78, 37
2026/09/08 09:49:48.739, 0, Tesla V100-SXM2-32GB, 6, 3309, 32768, 67.28, 37
2026/09/08 09:49:50.798, 0, Tesla V100-SXM2-32GB, 6, 3309, 32768, 66.78, 37
2026/09/08 09:49:52.851, 0, Tesla V100-SXM2-32GB, 54, 3309, 32768, 138.11, 38
2026/09/08 09:49:54.924, 0, Tesla V100-SXM2-32GB, 6, 3309, 32768, 66.74, 37
2026/09/08 09:49:56.975, 0, Tesla V100-SXM2-32GB, 51, 3309, 32768, 67.28, 37
2026/09/08 09:49:59.043, 0, Tesla V100-SXM2-32GB, 6, 3309, 32768, 66.78, 37
2026/09/08 09:50:01.078, 0, Tesla V100-SXM2-32GB, 6, 3309, 32768, 66.74, 37
2026/09/08 09:50:03.148, 0, Tesla V100-SXM2-32GB, 44, 3309, 32768, 86.47, 38
2026/09/08 09:50:05.198, 0, Tesla V100-SXM2-32GB, 6, 3309, 32768, 66.78, 37
2026/09/08 09:50:07.251, 0, Tesla V100-SXM2-32GB, 54, 3309, 32768, 87.46, 39
2026/09/08 09:50:09.303, 0, Tesla V100-SXM2-32GB, 6, 3309, 32768, 66.78, 37
2026/09/08 09:50:11.373, 0, Tesla V100-SXM2-32GB, 80, 3309, 32768, 67.23, 38
2026/09/08 09:50:13.445, 0, Tesla V100-SXM2-32GB, 8, 3309, 32768, 132.69, 38
2026/09/08 09:50:15.499, 0, Tesla V100-SXM2-32GB, 54, 3309, 32768, 68.71, 37
2026/09/08 09:50:17.572, 0, Tesla V100-SXM2-32GB, 83, 3309, 32768, 67.72, 38
2026/09/08 09:50:19.644, 0, Tesla V100-SXM2-32GB, 6, 3309, 32768, 66.74, 37
2026/09/08 09:50:21.699, 0, Tesla V100-SXM2-32GB, 6, 3309, 32768, 66.74, 37
2026/09/08 09:50:23.769, 0, Tesla V100-SXM2-32GB, 6, 3309, 32768, 67.28, 37
2026/09/08 09:50:25.823, 0, Tesla V100-SXM2-32GB, 6, 3309, 32768, 66.78, 37
2026/09/08 09:50:27.896, 0, Tesla V100-SXM2-32GB, 6, 3309, 32768, 66.78, 37
2026/09/08 09:50:29.968, 0, Tesla V100-SXM2-32GB, 6, 3309, 32768, 66.78, 37
2026/09/08 09:50:32.023, 0, Tesla V100-SXM2-32GB, 6, 3309, 32768, 66.78, 37
2026/09/08 09:50:34.112, 0, Tesla V100-SXM2-32GB, 6, 3309, 32768, 66.78, 37
2026/09/08 09:50:36.204, 0, Tesla V100-SXM2-32GB, 6, 3309, 32768, 66.78, 37
2026/09/08 09:50:38.296, 0, Tesla V100-SXM2-32GB, 6, 3309, 32768, 66.74, 37
2026/09/08 09:50:40.368, 0, Tesla V100-SXM2-32GB, 6, 3309, 32768, 66.74, 37
2026/09/08 09:50:42.403, 0, Tesla V100-SXM2-32GB, 6, 3309, 32768, 67.28, 37
2026/09/08 09:50:44.454, 0, Tesla V100-SXM2-32GB, 6, 3309, 32768, 66.74, 37
2026/09/08 09:50:46.553, 0, Tesla V100-SXM2-32GB, 6, 3309, 32768, 66.78, 37
2026/09/08 09:50:48.611, 0, Tesla V100-SXM2-32GB, 37, 3309, 32768, 115.44, 37
2026/09/08 09:50:50.666, 0, Tesla V100-SXM2-32GB, 6, 3309, 32768, 66.78, 37
2026/09/08 09:50:52.736, 0, Tesla V100-SXM2-32GB, 6, 3309, 32768, 67.28, 37
2026/09/08 09:50:54.805, 0, Tesla V100-SXM2-32GB, 6, 3309, 32768, 66.74, 36
2026/09/08 09:50:56.875, 0, Tesla V100-SXM2-32GB, 6, 3309, 32768, 66.74, 37
2026/09/08 09:50:58.968, 0, Tesla V100-SXM2-32GB, 6, 3309, 32768, 66.74, 37
2026/09/08 09:51:01.064, 0, Tesla V100-SXM2-32GB, 6, 3309, 32768, 66.78, 37
2026/09/08 09:51:03.156, 0, Tesla V100-SXM2-32GB, 6, 3309, 32768, 122.34, 37
2026/09/08 09:51:05.248, 0, Tesla V100-SXM2-32GB, 6, 3309, 32768, 66.74, 36
2026/09/08 09:51:07.302, 0, Tesla V100-SXM2-32GB, 59, 3309, 32768, 142.45, 38
2026/09/08 09:51:09.338, 0, Tesla V100-SXM2-32GB, 6, 3309, 32768, 66.74, 37
2026/09/08 09:51:11.390, 0, Tesla V100-SXM2-32GB, 50, 3309, 32768, 66.74, 37
2026/09/08 09:51:13.460, 0, Tesla V100-SXM2-32GB, 6, 3309, 32768, 66.78, 37
2026/09/08 09:51:15.514, 0, Tesla V100-SXM2-32GB, 87, 3309, 32768, 67.23, 39
2026/09/08 09:51:17.584, 0, Tesla V100-SXM2-32GB, 98, 3309, 32768, 67.72, 39
2026/09/08 09:51:19.640, 0, Tesla V100-SXM2-32GB, 46, 3309, 32768, 67.72, 40
2026/09/08 09:51:21.707, 0, Tesla V100-SXM2-32GB, 29, 3309, 32768, 68.71, 40
2026/09/08 09:51:23.800, 0, Tesla V100-SXM2-32GB, 13, 3309, 32768, 185.67, 42
2026/09/08 09:51:25.868, 0, Tesla V100-SXM2-32GB, 43, 3309, 32768, 213.58, 42
2026/09/08 09:51:27.956, 0, Tesla V100-SXM2-32GB, 43, 3309, 32768, 175.82, 43
2026/09/08 09:51:30.006, 0, Tesla V100-SXM2-32GB, 100, 3309, 32768, 173.36, 43
2026/09/08 09:51:32.076, 0, Tesla V100-SXM2-32GB, 100, 3309, 32768, 194.89, 43
2026/09/08 09:51:34.125, 0, Tesla V100-SXM2-32GB, 100, 3309, 32768, 185.67, 44
2026/09/08 09:51:36.174, 0, Tesla V100-SXM2-32GB, 100, 3309, 32768, 197.84, 44
2026/09/08 09:51:38.233, 0, Tesla V100-SXM2-32GB, 92, 3309, 32768, 70.68, 43
2026/09/08 09:51:40.292, 0, Tesla V100-SXM2-32GB, 73, 3309, 32768, 68.71, 42
2026/09/08 09:51:42.364, 0, Tesla V100-SXM2-32GB, 78, 3309, 32768, 69.21, 42
2026/09/08 09:51:44.413, 0, Tesla V100-SXM2-32GB, 54, 3309, 32768, 207.68, 44
2026/09/08 09:51:46.466, 0, Tesla V100-SXM2-32GB, 48, 3309, 32768, 183.70, 44
2026/09/08 09:51:48.518, 0, Tesla V100-SXM2-32GB, 49, 3309, 32768, 192.43, 44
2026/09/08 09:51:50.588, 0, Tesla V100-SXM2-32GB, 100, 3309, 32768, 177.30, 45
2026/09/08 09:51:52.680, 0, Tesla V100-SXM2-32GB, 100, 3309, 32768, 177.30, 45
2026/09/08 09:51:54.748, 0, Tesla V100-SXM2-32GB, 6, 3309, 32768, 68.22, 41
2026/09/08 09:51:56.816, 0, Tesla V100-SXM2-32GB, 6, 3309, 32768, 57.40, 40
2026/09/08 09:51:58.909, 0, Tesla V100-SXM2-32GB, 75, 3309, 32768, 85.49, 42
2026/09/08 09:52:01.008, 0, Tesla V100-SXM2-32GB, 6, 3309, 32768, 67.72, 40
2026/09/08 09:52:03.063, 0, Tesla V100-SXM2-32GB, 6, 3309, 32768, 67.72, 40
2026/09/08 09:52:05.136, 0, Tesla V100-SXM2-32GB, 6, 3309, 32768, 67.72, 40
2026/09/08 09:52:07.228, 0, Tesla V100-SXM2-32GB, 6, 3309, 32768, 67.23, 40
2026/09/08 09:52:09.297, 0, Tesla V100-SXM2-32GB, 6, 3309, 32768, 67.23, 39
2026/09/08 09:52:11.368, 0, Tesla V100-SXM2-32GB, 6, 3309, 32768, 67.77, 39
2026/09/08 09:52:13.441, 0, Tesla V100-SXM2-32GB, 54, 3309, 32768, 68.71, 40
2026/09/08 09:52:15.494, 0, Tesla V100-SXM2-32GB, 6, 3309, 32768, 67.23, 39
2026/09/08 09:52:17.584, 0, Tesla V100-SXM2-32GB, 6, 3309, 32768, 67.23, 39
2026/09/08 09:52:19.676, 0, Tesla V100-SXM2-32GB, 6, 3309, 32768, 67.23, 39
2026/09/08 09:52:21.731, 0, Tesla V100-SXM2-32GB, 57, 3309, 32768, 67.23, 39
2026/09/08 09:52:23.804, 0, Tesla V100-SXM2-32GB, 6, 3309, 32768, 67.23, 38
2026/09/08 09:52:25.854, 0, Tesla V100-SXM2-32GB, 6, 3309, 32768, 67.28, 39
2026/09/08 09:52:27.944, 0, Tesla V100-SXM2-32GB, 6, 3309, 32768, 67.23, 38
2026/09/08 09:52:30.016, 0, Tesla V100-SXM2-32GB, 5, 3309, 32768, 67.28, 38
2026/09/08 09:52:32.088, 0, Tesla V100-SXM2-32GB, 6, 3309, 32768, 66.74, 38
2026/09/08 09:52:34.142, 0, Tesla V100-SXM2-32GB, 6, 3309, 32768, 67.23, 38
2026/09/08 09:52:36.195, 0, Tesla V100-SXM2-32GB, 43, 3309, 32768, 67.23, 39
2026/09/08 09:52:38.250, 0, Tesla V100-SXM2-32GB, 6, 3309, 32768, 67.28, 38
2026/09/08 09:52:40.320, 0, Tesla V100-SXM2-32GB, 5, 3309, 32768, 66.74, 38
2026/09/08 09:52:42.392, 0, Tesla V100-SXM2-32GB, 6, 3309, 32768, 66.74, 38
2026/09/08 09:52:44.465, 0, Tesla V100-SXM2-32GB, 6, 3309, 32768, 56.41, 37
2026/09/08 09:52:46.518, 0, Tesla V100-SXM2-32GB, 6, 3309, 32768, 66.74, 38
2026/09/08 09:52:48.588, 0, Tesla V100-SXM2-32GB, 6, 3309, 32768, 66.74, 37
2026/09/08 09:52:50.660, 0, Tesla V100-SXM2-32GB, 4, 3309, 32768, 66.78, 37
2026/09/08 09:52:52.728, 0, Tesla V100-SXM2-32GB, 71, 3309, 32768, 143.83, 39
2026/09/08 09:52:54.801, 0, Tesla V100-SXM2-32GB, 6, 3309, 32768, 66.74, 37
2026/09/08 09:52:56.892, 0, Tesla V100-SXM2-32GB, 6, 3309, 32768, 66.74, 38
2026/09/08 09:52:58.984, 0, Tesla V100-SXM2-32GB, 6, 3309, 32768, 66.78, 38
2026/09/08 09:53:01.080, 0, Tesla V100-SXM2-32GB, 5, 3309, 32768, 67.23, 37
2026/09/08 09:53:03.138, 0, Tesla V100-SXM2-32GB, 6, 3309, 32768, 67.23, 38
2026/09/08 09:53:05.228, 0, Tesla V100-SXM2-32GB, 6, 3309, 32768, 67.23, 37
2026/09/08 09:53:07.283, 0, Tesla V100-SXM2-32GB, 70, 3309, 32768, 145.90, 39
2026/09/08 09:53:09.352, 0, Tesla V100-SXM2-32GB, 6, 3309, 32768, 66.74, 37
2026/09/08 09:53:11.446, 0, Tesla V100-SXM2-32GB, 33, 3309, 32768, 67.23, 38
2026/09/08 09:53:13.498, 0, Tesla V100-SXM2-32GB, 6, 3309, 32768, 66.78, 37
2026/09/08 09:53:15.568, 0, Tesla V100-SXM2-32GB, 6, 3309, 32768, 67.23, 38
2026/09/08 09:53:17.660, 0, Tesla V100-SXM2-32GB, 6, 3309, 32768, 66.74, 37
2026/09/08 09:53:19.732, 0, Tesla V100-SXM2-32GB, 6, 3309, 32768, 66.74, 38
2026/09/08 09:53:21.824, 0, Tesla V100-SXM2-32GB, 6, 3309, 32768, 66.74, 37
2026/09/08 09:53:23.878, 0, Tesla V100-SXM2-32GB, 6, 3309, 32768, 67.28, 37
2026/09/08 09:53:25.949, 0, Tesla V100-SXM2-32GB, 6, 3309, 32768, 66.74, 37
2026/09/08 09:53:28.040, 0, Tesla V100-SXM2-32GB, 6, 3309, 32768, 66.74, 37
2026/09/08 09:53:30.107, 0, Tesla V100-SXM2-32GB, 6, 3309, 32768, 114.53, 37
2026/09/08 09:53:32.142, 0, Tesla V100-SXM2-32GB, 5, 3309, 32768, 67.28, 37
2026/09/08 09:53:34.212, 0, Tesla V100-SXM2-32GB, 6, 3309, 32768, 144.42, 38
2026/09/08 09:53:36.281, 0, Tesla V100-SXM2-32GB, 6, 3309, 32768, 66.74, 37
2026/09/08 09:53:38.372, 0, Tesla V100-SXM2-32GB, 21, 3309, 32768, 67.23, 38
2026/09/08 09:53:40.444, 0, Tesla V100-SXM2-32GB, 6, 3309, 32768, 66.74, 37
2026/09/08 09:53:42.494, 0, Tesla V100-SXM2-32GB, 6, 3309, 32768, 67.23, 38
2026/09/08 09:53:44.565, 0, Tesla V100-SXM2-32GB, 6, 3309, 32768, 66.78, 37
2026/09/08 09:53:46.656, 0, Tesla V100-SXM2-32GB, 6, 3309, 32768, 66.74, 38
2026/09/08 09:53:48.745, 0, Tesla V100-SXM2-32GB, 6, 3309, 32768, 66.74, 37
2026/09/08 09:53:50.798, 0, Tesla V100-SXM2-32GB, 6, 3309, 32768, 66.78, 38
2026/09/08 09:53:52.892, 0, Tesla V100-SXM2-32GB, 6, 3309, 32768, 66.78, 37
2026/09/08 09:53:54.965, 0, Tesla V100-SXM2-32GB, 6, 3309, 32768, 66.78, 37
2026/09/08 09:53:57.019, 0, Tesla V100-SXM2-32GB, 81, 3309, 32768, 130.71, 39
2026/09/08 09:53:59.112, 0, Tesla V100-SXM2-32GB, 6, 3309, 32768, 66.74, 37
2026/09/08 09:54:01.184, 0, Tesla V100-SXM2-32GB, 64, 3309, 32768, 139.09, 39
2026/09/08 09:54:03.276, 0, Tesla V100-SXM2-32GB, 6, 3309, 32768, 66.74, 37
2026/09/08 09:54:05.348, 0, Tesla V100-SXM2-32GB, 37, 3309, 32768, 67.23, 38
2026/09/08 09:54:07.399, 0, Tesla V100-SXM2-32GB, 6, 3309, 32768, 66.74, 37
2026/09/08 09:54:09.487, 0, Tesla V100-SXM2-32GB, 6, 3309, 32768, 66.74, 38
2026/09/08 09:54:11.540, 0, Tesla V100-SXM2-32GB, 7, 3309, 32768, 66.78, 37
2026/09/08 09:54:13.616, 0, Tesla V100-SXM2-32GB, 5, 3309, 32768, 66.78, 37
2026/09/08 09:54:15.670, 0, Tesla V100-SXM2-32GB, 56, 3309, 32768, 117.98, 38
2026/09/08 09:54:17.740, 0, Tesla V100-SXM2-32GB, 6, 3309, 32768, 67.28, 37
2026/09/08 09:54:19.795, 0, Tesla V100-SXM2-32GB, 6, 3309, 32768, 67.23, 38
2026/09/08 09:54:21.885, 0, Tesla V100-SXM2-32GB, 6, 3309, 32768, 66.74, 37
2026/09/08 09:54:23.957, 0, Tesla V100-SXM2-32GB, 6, 3309, 32768, 118.89, 38
2026/09/08 09:54:26.011, 0, Tesla V100-SXM2-32GB, 6, 3309, 32768, 67.28, 38
2026/09/08 09:54:28.065, 0, Tesla V100-SXM2-32GB, 6, 3309, 32768, 66.74, 38
2026/09/08 09:54:30.137, 0, Tesla V100-SXM2-32GB, 6, 3309, 32768, 67.23, 38
2026/09/08 09:54:32.209, 0, Tesla V100-SXM2-32GB, 6, 3309, 32768, 67.28, 38
2026/09/08 09:54:34.280, 0, Tesla V100-SXM2-32GB, 6, 3309, 32768, 67.28, 38
2026/09/08 09:54:36.352, 0, Tesla V100-SXM2-32GB, 6, 3309, 32768, 66.74, 37
2026/09/08 09:54:38.424, 0, Tesla V100-SXM2-32GB, 6, 3309, 32768, 66.78, 38
2026/09/08 09:54:40.479, 0, Tesla V100-SXM2-32GB, 10, 3309, 32768, 82.53, 38
2026/09/08 09:54:42.568, 0, Tesla V100-SXM2-32GB, 6, 3309, 32768, 66.78, 38
2026/09/08 09:54:44.623, 0, Tesla V100-SXM2-32GB, 26, 3309, 32768, 111.07, 39
2026/09/08 09:54:46.717, 0, Tesla V100-SXM2-32GB, 6, 3309, 32768, 66.78, 38
2026/09/08 09:54:48.808, 0, Tesla V100-SXM2-32GB, 60, 3309, 32768, 67.23, 39
2026/09/08 09:54:50.863, 0, Tesla V100-SXM2-32GB, 6, 3309, 32768, 66.78, 38
2026/09/08 09:54:52.918, 0, Tesla V100-SXM2-32GB, 6, 3309, 32768, 66.74, 38
2026/09/08 09:54:55.008, 0, Tesla V100-SXM2-32GB, 6, 3309, 32768, 67.28, 38
2026/09/08 09:54:57.062, 0, Tesla V100-SXM2-32GB, 6, 3309, 32768, 67.28, 38
2026/09/08 09:54:59.152, 0, Tesla V100-SXM2-32GB, 6, 3309, 32768, 66.78, 38
2026/09/08 09:55:01.206, 0, Tesla V100-SXM2-32GB, 6, 3309, 32768, 67.28, 38
2026/09/08 09:55:03.297, 0, Tesla V100-SXM2-32GB, 60, 3309, 32768, 58.39, 38
2026/09/08 09:55:05.392, 0, Tesla V100-SXM2-32GB, 6, 3309, 32768, 66.78, 38
2026/09/08 09:55:07.484, 0, Tesla V100-SXM2-32GB, 77, 3309, 32768, 84.50, 40
2026/09/08 09:55:09.539, 0, Tesla V100-SXM2-32GB, 6, 3309, 32768, 67.28, 38
2026/09/08 09:55:11.598, 0, Tesla V100-SXM2-32GB, 6, 3309, 32768, 66.74, 38
2026/09/08 09:55:13.669, 0, Tesla V100-SXM2-32GB, 4, 3309, 32768, 67.28, 38
2026/09/08 09:55:15.740, 0, Tesla V100-SXM2-32GB, 6, 3309, 32768, 66.78, 38
2026/09/08 09:55:17.794, 0, Tesla V100-SXM2-32GB, 6, 3309, 32768, 66.74, 38
2026/09/08 09:55:19.865, 0, Tesla V100-SXM2-32GB, 6, 3309, 32768, 67.28, 38
2026/09/08 09:55:21.952, 0, Tesla V100-SXM2-32GB, 74, 3309, 32768, 150.82, 39
2026/09/08 09:55:24.044, 0, Tesla V100-SXM2-32GB, 6, 3309, 32768, 67.28, 38
2026/09/08 09:55:26.120, 0, Tesla V100-SXM2-32GB, 14, 3309, 32768, 67.77, 40
2026/09/08 09:55:28.175, 0, Tesla V100-SXM2-32GB, 48, 3309, 32768, 68.71, 40
2026/09/08 09:55:30.245, 0, Tesla V100-SXM2-32GB, 76, 3309, 32768, 68.26, 41
2026/09/08 09:55:32.299, 0, Tesla V100-SXM2-32GB, 9, 3309, 32768, 68.71, 41
2026/09/08 09:55:34.352, 0, Tesla V100-SXM2-32GB, 16, 3309, 32768, 111.50, 41
2026/09/08 09:55:36.407, 0, Tesla V100-SXM2-32GB, 13, 3309, 32768, 176.81, 43
2026/09/08 09:55:38.501, 0, Tesla V100-SXM2-32GB, 87, 3309, 32768, 188.62, 44
2026/09/08 09:55:40.573, 0, Tesla V100-SXM2-32GB, 85, 3309, 32768, 200.79, 44
2026/09/08 09:55:42.646, 0, Tesla V100-SXM2-32GB, 87, 3309, 32768, 201.29, 45
2026/09/08 09:55:44.717, 0, Tesla V100-SXM2-32GB, 100, 3309, 32768, 195.88, 45
2026/09/08 09:55:46.808, 0, Tesla V100-SXM2-32GB, 100, 3309, 32768, 193.91, 46
2026/09/08 09:55:48.885, 0, Tesla V100-SXM2-32GB, 89, 3309, 32768, 70.68, 44
2026/09/08 09:55:50.939, 0, Tesla V100-SXM2-32GB, 89, 3309, 32768, 69.25, 44
2026/09/08 09:55:53.019, 0, Tesla V100-SXM2-32GB, 87, 3309, 32768, 70.19, 44
2026/09/08 09:55:55.120, 0, Tesla V100-SXM2-32GB, 14, 3309, 32768, 196.37, 45
2026/09/08 09:55:57.179, 0, Tesla V100-SXM2-32GB, 13, 3309, 32768, 176.81, 45
2026/09/08 09:55:59.272, 0, Tesla V100-SXM2-32GB, 80, 3309, 32768, 198.83, 46
2026/09/08 09:56:01.327, 0, Tesla V100-SXM2-32GB, 88, 3309, 32768, 210.99, 46
2026/09/08 09:56:03.378, 0, Tesla V100-SXM2-32GB, 94, 3309, 32768, 194.53, 47
2026/09/08 09:56:05.426, 0, Tesla V100-SXM2-32GB, 5, 3309, 32768, 68.76, 44
2026/09/08 09:56:07.478, 0, Tesla V100-SXM2-32GB, 6, 3309, 32768, 68.76, 42
2026/09/08 09:56:09.531, 0, Tesla V100-SXM2-32GB, 6, 3309, 32768, 56.91, 41
2026/09/08 09:56:11.586, 0, Tesla V100-SXM2-32GB, 6, 3309, 32768, 68.26, 42
2026/09/08 09:56:13.676, 0, Tesla V100-SXM2-32GB, 87, 3309, 32768, 155.75, 43
2026/09/08 09:56:15.730, 0, Tesla V100-SXM2-32GB, 6, 3309, 32768, 68.26, 41
2026/09/08 09:56:17.786, 0, Tesla V100-SXM2-32GB, 87, 3309, 32768, 79.57, 43
2026/09/08 09:56:19.838, 0, Tesla V100-SXM2-32GB, 6, 3309, 32768, 68.26, 41
2026/09/08 09:56:21.891, 0, Tesla V100-SXM2-32GB, 56, 3309, 32768, 204.24, 42
2026/09/08 09:56:23.964, 0, Tesla V100-SXM2-32GB, 6, 3309, 32768, 67.77, 41
2026/09/08 09:56:26.056, 0, Tesla V100-SXM2-32GB, 6, 3309, 32768, 67.77, 41
2026/09/08 09:56:28.128, 0, Tesla V100-SXM2-32GB, 6, 3309, 32768, 67.77, 40
2026/09/08 09:56:30.163, 0, Tesla V100-SXM2-32GB, 6, 3309, 32768, 67.77, 40
2026/09/08 09:56:32.232, 0, Tesla V100-SXM2-32GB, 6, 3309, 32768, 67.77, 40
2026/09/08 09:56:34.288, 0, Tesla V100-SXM2-32GB, 6, 3309, 32768, 67.77, 40
2026/09/08 09:56:36.340, 0, Tesla V100-SXM2-32GB, 6, 3309, 32768, 67.77, 40
2026/09/08 09:56:38.394, 0, Tesla V100-SXM2-32GB, 6, 3309, 32768, 67.77, 40
2026/09/08 09:56:40.464, 0, Tesla V100-SXM2-32GB, 54, 3309, 32768, 82.53, 41
2026/09/08 09:56:42.518, 0, Tesla V100-SXM2-32GB, 6, 3309, 32768, 67.77, 40
2026/09/08 09:56:44.572, 0, Tesla V100-SXM2-32GB, 32, 3309, 32768, 68.22, 40
2026/09/08 09:56:46.644, 0, Tesla V100-SXM2-32GB, 6, 3309, 32768, 67.77, 39
2026/09/08 09:56:48.736, 0, Tesla V100-SXM2-32GB, 6, 3309, 32768, 67.77, 40
2026/09/08 09:56:50.809, 0, Tesla V100-SXM2-32GB, 6, 3309, 32768, 67.77, 39
2026/09/08 09:56:52.863, 0, Tesla V100-SXM2-32GB, 57, 3309, 32768, 113.47, 39
2026/09/08 09:56:54.914, 0, Tesla V100-SXM2-32GB, 6, 3309, 32768, 67.28, 39
2026/09/08 09:56:56.967, 0, Tesla V100-SXM2-32GB, 6, 3309, 32768, 67.77, 39
2026/09/08 09:56:59.060, 0, Tesla V100-SXM2-32GB, 6, 3309, 32768, 67.28, 39
2026/09/08 09:57:01.115, 0, Tesla V100-SXM2-32GB, 5, 3309, 32768, 67.28, 39
2026/09/08 09:57:03.208, 0, Tesla V100-SXM2-32GB, 6, 3309, 32768, 67.28, 39
2026/09/08 09:57:05.300, 0, Tesla V100-SXM2-32GB, 80, 3309, 32768, 139.59, 40
2026/09/08 09:57:07.350, 0, Tesla V100-SXM2-32GB, 6, 3309, 32768, 67.28, 39
2026/09/08 09:57:09.441, 0, Tesla V100-SXM2-32GB, 6, 3309, 32768, 67.23, 39
2026/09/08 09:57:11.532, 0, Tesla V100-SXM2-32GB, 6, 3309, 32768, 67.28, 39
2026/09/08 09:57:13.591, 0, Tesla V100-SXM2-32GB, 45, 3309, 32768, 96.78, 40
2026/09/08 09:57:15.645, 0, Tesla V100-SXM2-32GB, 6, 3309, 32768, 67.77, 39
2026/09/08 09:57:17.699, 0, Tesla V100-SXM2-32GB, 6, 3309, 32768, 67.28, 38
2026/09/08 09:57:19.793, 0, Tesla V100-SXM2-32GB, 60, 3309, 32768, 154.76, 40
2026/09/08 09:57:21.864, 0, Tesla V100-SXM2-32GB, 6, 3309, 32768, 67.28, 38
2026/09/08 09:57:23.937, 0, Tesla V100-SXM2-32GB, 44, 3309, 32768, 131.70, 39
2026/09/08 09:57:26.028, 0, Tesla V100-SXM2-32GB, 6, 3309, 32768, 67.28, 38
2026/09/08 09:57:28.101, 0, Tesla V100-SXM2-32GB, 60, 3309, 32768, 67.23, 39
2026/09/08 09:57:30.173, 0, Tesla V100-SXM2-32GB, 6, 3309, 32768, 67.28, 38
2026/09/08 09:57:32.268, 0, Tesla V100-SXM2-32GB, 79, 3309, 32768, 67.77, 39
2026/09/08 09:57:34.323, 0, Tesla V100-SXM2-32GB, 6, 3309, 32768, 66.78, 38
2026/09/08 09:57:36.374, 0, Tesla V100-SXM2-32GB, 4, 3309, 32768, 67.23, 38
2026/09/08 09:57:38.427, 0, Tesla V100-SXM2-32GB, 6, 3309, 32768, 67.28, 38
2026/09/08 09:57:40.497, 0, Tesla V100-SXM2-32GB, 6, 3309, 32768, 67.28, 38
2026/09/08 09:57:42.554, 0, Tesla V100-SXM2-32GB, 6, 3309, 32768, 66.78, 38
2026/09/08 09:57:44.624, 0, Tesla V100-SXM2-32GB, 6, 3309, 32768, 66.78, 38
2026/09/08 09:57:46.716, 0, Tesla V100-SXM2-32GB, 5, 3309, 32768, 66.78, 38
2026/09/08 09:57:48.784, 0, Tesla V100-SXM2-32GB, 6, 3309, 32768, 66.78, 38
2026/09/08 09:57:50.873, 0, Tesla V100-SXM2-32GB, 18, 3309, 32768, 68.71, 38
2026/09/08 09:57:52.926, 0, Tesla V100-SXM2-32GB, 6, 3309, 32768, 66.78, 38
2026/09/08 09:57:55.017, 0, Tesla V100-SXM2-32GB, 61, 3309, 32768, 127.27, 39
2026/09/08 09:57:57.089, 0, Tesla V100-SXM2-32GB, 5, 3309, 32768, 66.78, 37
2026/09/08 09:57:59.161, 0, Tesla V100-SXM2-32GB, 61, 3309, 32768, 98.75, 39
2026/09/08 09:58:01.214, 0, Tesla V100-SXM2-32GB, 6, 3309, 32768, 66.78, 37
2026/09/08 09:58:03.285, 0, Tesla V100-SXM2-32GB, 34, 3309, 32768, 67.28, 38
2026/09/08 09:58:05.376, 0, Tesla V100-SXM2-32GB, 6, 3309, 32768, 66.78, 37
2026/09/08 09:58:07.426, 0, Tesla V100-SXM2-32GB, 6, 3309, 32768, 66.78, 38
2026/09/08 09:58:09.462, 0, Tesla V100-SXM2-32GB, 6, 3309, 32768, 67.28, 37
2026/09/08 09:58:11.533, 0, Tesla V100-SXM2-32GB, 6, 3309, 32768, 66.78, 37
2026/09/08 09:58:13.586, 0, Tesla V100-SXM2-32GB, 6, 3309, 32768, 66.78, 37
2026/09/08 09:58:15.656, 0, Tesla V100-SXM2-32GB, 6, 3309, 32768, 66.78, 37
2026/09/08 09:58:17.748, 0, Tesla V100-SXM2-32GB, 6, 3309, 32768, 66.78, 37
2026/09/08 09:58:19.840, 0, Tesla V100-SXM2-32GB, 6, 3309, 32768, 66.78, 37
2026/09/08 09:58:21.933, 0, Tesla V100-SXM2-32GB, 69, 3309, 32768, 175.82, 39
2026/09/08 09:58:24.004, 0, Tesla V100-SXM2-32GB, 6, 3309, 32768, 66.78, 37
2026/09/08 09:58:26.055, 0, Tesla V100-SXM2-32GB, 62, 3309, 32768, 152.79, 38
2026/09/08 09:58:28.111, 0, Tesla V100-SXM2-32GB, 6, 3309, 32768, 66.78, 37
2026/09/08 09:58:30.146, 0, Tesla V100-SXM2-32GB, 6, 3309, 32768, 66.78, 37
2026/09/08 09:58:32.199, 0, Tesla V100-SXM2-32GB, 6, 3309, 32768, 67.28, 37
2026/09/08 09:58:34.272, 0, Tesla V100-SXM2-32GB, 6, 3309, 32768, 66.78, 37
2026/09/08 09:58:36.328, 0, Tesla V100-SXM2-32GB, 6, 3309, 32768, 66.78, 37
2026/09/08 09:58:38.402, 0, Tesla V100-SXM2-32GB, 52, 3309, 32768, 193.05, 39
2026/09/08 09:58:40.472, 0, Tesla V100-SXM2-32GB, 6, 3309, 32768, 67.23, 37
2026/09/08 09:58:42.551, 0, Tesla V100-SXM2-32GB, 6, 3309, 32768, 66.78, 37
2026/09/08 09:58:44.624, 0, Tesla V100-SXM2-32GB, 6, 3309, 32768, 66.74, 37
2026/09/08 09:58:46.679, 0, Tesla V100-SXM2-32GB, 6, 3309, 32768, 66.78, 37
2026/09/08 09:58:48.768, 0, Tesla V100-SXM2-32GB, 6, 3309, 32768, 66.78, 37
2026/09/08 09:58:50.823, 0, Tesla V100-SXM2-32GB, 6, 3309, 32768, 66.78, 37
2026/09/08 09:58:52.874, 0, Tesla V100-SXM2-32GB, 6, 3309, 32768, 66.78, 37
2026/09/08 09:58:54.945, 0, Tesla V100-SXM2-32GB, 77, 3309, 32768, 145.90, 38
2026/09/08 09:58:57.016, 0, Tesla V100-SXM2-32GB, 6, 3309, 32768, 66.78, 37
2026/09/08 09:58:59.108, 0, Tesla V100-SXM2-32GB, 76, 3309, 32768, 169.43, 38
2026/09/08 09:59:01.162, 0, Tesla V100-SXM2-32GB, 6, 3309, 32768, 66.74, 37
2026/09/08 09:59:03.232, 0, Tesla V100-SXM2-32GB, 82, 3309, 32768, 133.67, 38
2026/09/08 09:59:05.320, 0, Tesla V100-SXM2-32GB, 6, 3309, 32768, 66.78, 37
2026/09/08 09:59:07.393, 0, Tesla V100-SXM2-32GB, 6, 3309, 32768, 66.74, 37
2026/09/08 09:59:09.465, 0, Tesla V100-SXM2-32GB, 6, 3309, 32768, 66.29, 37
2026/09/08 09:59:11.514, 0, Tesla V100-SXM2-32GB, 6, 3309, 32768, 66.78, 37
2026/09/08 09:59:13.584, 0, Tesla V100-SXM2-32GB, 6, 3309, 32768, 55.92, 36
2026/09/08 09:59:15.635, 0, Tesla V100-SXM2-32GB, 6, 3309, 32768, 67.28, 37
2026/09/08 09:59:17.708, 0, Tesla V100-SXM2-32GB, 6, 3309, 32768, 66.78, 36
2026/09/08 09:59:19.775, 0, Tesla V100-SXM2-32GB, 6, 3309, 32768, 66.78, 37
2026/09/08 09:59:21.831, 0, Tesla V100-SXM2-32GB, 7, 3309, 32768, 107.06, 37
2026/09/08 09:59:23.904, 0, Tesla V100-SXM2-32GB, 6, 3309, 32768, 66.74, 37
2026/09/08 09:59:25.939, 0, Tesla V100-SXM2-32GB, 73, 3309, 32768, 185.55, 38
2026/09/08 09:59:28.012, 0, Tesla V100-SXM2-32GB, 6, 3309, 32768, 66.78, 37
2026/09/08 09:59:30.065, 0, Tesla V100-SXM2-32GB, 7, 3309, 32768, 67.28, 37
2026/09/08 09:59:32.120, 0, Tesla V100-SXM2-32GB, 6, 3309, 32768, 66.78, 37
2026/09/08 09:59:34.192, 0, Tesla V100-SXM2-32GB, 6, 3309, 32768, 66.78, 37
2026/09/08 09:59:36.229, 0, Tesla V100-SXM2-32GB, 6, 3309, 32768, 67.28, 37
2026/09/08 09:59:38.283, 0, Tesla V100-SXM2-32GB, 77, 3309, 32768, 163.13, 39
2026/09/08 09:59:40.377, 0, Tesla V100-SXM2-32GB, 22, 3309, 32768, 192.92, 39
2026/09/08 09:59:42.448, 0, Tesla V100-SXM2-32GB, 100, 3309, 32768, 178.78, 41
2026/09/08 09:59:44.521, 0, Tesla V100-SXM2-32GB, 100, 3309, 32768, 189.60, 42
2026/09/08 09:59:46.575, 0, Tesla V100-SXM2-32GB, 100, 3309, 32768, 192.92, 43
2026/09/08 09:59:48.611, 0, Tesla V100-SXM2-32GB, 100, 3309, 32768, 201.91, 43
2026/09/08 09:59:50.662, 0, Tesla V100-SXM2-32GB, 100, 3309, 32768, 178.78, 43
2026/09/08 09:59:52.760, 0, Tesla V100-SXM2-32GB, 82, 3309, 32768, 68.26, 42
2026/09/08 09:59:54.832, 0, Tesla V100-SXM2-32GB, 65, 3309, 32768, 69.70, 42
2026/09/08 09:59:56.921, 0, Tesla V100-SXM2-32GB, 41, 3309, 32768, 191.94, 43
2026/09/08 09:59:59.016, 0, Tesla V100-SXM2-32GB, 55, 3309, 32768, 200.79, 44
2026/09/08 10:00:01.070, 0, Tesla V100-SXM2-32GB, 100, 3309, 32768, 209.15, 44
2026/09/08 10:00:03.123, 0, Tesla V100-SXM2-32GB, 100, 3309, 32768, 196.49, 45
2026/09/08 10:00:05.174, 0, Tesla V100-SXM2-32GB, 100, 3309, 32768, 126.77, 46
2026/09/08 10:00:07.231, 0, Tesla V100-SXM2-32GB, 100, 3309, 32768, 69.21, 44
2026/09/08 10:00:09.325, 0, Tesla V100-SXM2-32GB, 40, 3309, 32768, 70.19, 43
2026/09/08 10:00:11.420, 0, Tesla V100-SXM2-32GB, 72, 3309, 32768, 199.81, 45
2026/09/08 10:00:13.475, 0, Tesla V100-SXM2-32GB, 82, 3309, 32768, 185.18, 45
2026/09/08 10:00:15.536, 0, Tesla V100-SXM2-32GB, 93, 3309, 32768, 195.38, 46
2026/09/08 10:00:17.594, 0, Tesla V100-SXM2-32GB, 100, 3309, 32768, 184.07, 46
2026/09/08 10:00:19.685, 0, Tesla V100-SXM2-32GB, 100, 3309, 32768, 75.13, 45
2026/09/08 10:00:21.738, 0, Tesla V100-SXM2-32GB, 100, 3309, 32768, 108.61, 46
2026/09/08 10:00:23.833, 0, Tesla V100-SXM2-32GB, 76, 3309, 32768, 69.21, 45
2026/09/08 10:00:25.917, 0, Tesla V100-SXM2-32GB, 100, 3309, 32768, 71.18, 45
2026/09/08 10:00:27.970, 0, Tesla V100-SXM2-32GB, 100, 3309, 32768, 70.19, 45
2026/09/08 10:00:30.060, 0, Tesla V100-SXM2-32GB, 59, 3309, 32768, 69.21, 45
2026/09/08 10:00:32.115, 0, Tesla V100-SXM2-32GB, 45, 3309, 32768, 153.28, 45
2026/09/08 10:00:34.208, 0, Tesla V100-SXM2-32GB, 56, 3309, 32768, 186.16, 46
2026/09/08 10:00:36.279, 0, Tesla V100-SXM2-32GB, 58, 3309, 32768, 172.38, 47
2026/09/08 10:00:38.352, 0, Tesla V100-SXM2-32GB, 100, 3309, 32768, 189.11, 47
2026/09/08 10:00:40.407, 0, Tesla V100-SXM2-32GB, 100, 3309, 32768, 188.62, 48
2026/09/08 10:00:42.500, 0, Tesla V100-SXM2-32GB, 100, 3309, 32768, 71.22, 47
2026/09/08 10:00:44.553, 0, Tesla V100-SXM2-32GB, 40, 3309, 32768, 70.19, 46
2026/09/08 10:00:46.608, 0, Tesla V100-SXM2-32GB, 42, 3309, 32768, 70.19, 46
2026/09/08 10:00:48.680, 0, Tesla V100-SXM2-32GB, 16, 3309, 32768, 195.38, 47
2026/09/08 10:00:50.737, 0, Tesla V100-SXM2-32GB, 89, 3309, 32768, 199.32, 48
2026/09/08 10:00:52.829, 0, Tesla V100-SXM2-32GB, 100, 3309, 32768, 195.02, 48
2026/09/08 10:00:54.882, 0, Tesla V100-SXM2-32GB, 100, 3309, 32768, 196.49, 48
2026/09/08 10:00:56.972, 0, Tesla V100-SXM2-32GB, 71, 3309, 32768, 72.17, 47
2026/09/08 10:00:59.060, 0, Tesla V100-SXM2-32GB, 50, 3309, 32768, 70.19, 46
2026/09/08 10:01:01.110, 0, Tesla V100-SXM2-32GB, 50, 3309, 32768, 70.19, 46
2026/09/08 10:01:03.163, 0, Tesla V100-SXM2-32GB, 6, 509, 32768, 69.21, 44
2026/09/08 10:01:05.214, 0, Tesla V100-SXM2-32GB, 6, 509, 32768, 58.88, 44
2026/09/08 10:01:07.304, 0, Tesla V100-SXM2-32GB, 6, 509, 32768, 57.89, 43
2026/09/08 10:01:09.376, 0, Tesla V100-SXM2-32GB, 7, 509, 32768, 57.89, 42
2026/09/08 10:01:11.431, 0, Tesla V100-SXM2-32GB, 6, 509, 32768, 57.40, 42
2026/09/08 10:01:13.508, 0, Tesla V100-SXM2-32GB, 6, 509, 32768, 57.89, 41
2026/09/08 10:01:15.601, 0, Tesla V100-SXM2-32GB, 6, 509, 32768, 56.91, 41
2026/09/08 10:01:17.651, 0, Tesla V100-SXM2-32GB, 6, 509, 32768, 56.91, 41
2026/09/08 10:01:19.709, 0, Tesla V100-SXM2-32GB, 6, 509, 32768, 56.91, 41
2026/09/08 10:01:21.763, 0, Tesla V100-SXM2-32GB, 6, 509, 32768, 56.91, 40
2026/09/08 10:01:23.833, 0, Tesla V100-SXM2-32GB, 7, 509, 32768, 56.91, 40
2026/09/08 10:01:25.906, 0, Tesla V100-SXM2-32GB, 6, 509, 32768, 56.91, 40
2026/09/08 10:01:27.959, 0, Tesla V100-SXM2-32GB, 6, 509, 32768, 56.41, 40
2026/09/08 10:01:30.050, 0, Tesla V100-SXM2-32GB, 6, 509, 32768, 56.41, 40
2026/09/08 10:01:32.104, 0, Tesla V100-SXM2-32GB, 6, 509, 32768, 56.41, 39
2026/09/08 10:01:34.163, 0, Tesla V100-SXM2-32GB, 6, 509, 32768, 56.41, 39
2026/09/08 10:01:36.242, 0, Tesla V100-SXM2-32GB, 6, 509, 32768, 56.41, 39
2026/09/08 10:01:38.295, 0, Tesla V100-SXM2-32GB, 6, 509, 32768, 56.41, 39
2026/09/08 10:01:40.389, 0, Tesla V100-SXM2-32GB, 6, 509, 32768, 56.41, 39
2026/09/08 10:01:42.485, 0, Tesla V100-SXM2-32GB, 6, 509, 32768, 56.41, 39
2026/09/08 10:01:44.556, 0, Tesla V100-SXM2-32GB, 6, 509, 32768, 55.92, 38
2026/09/08 10:01:46.629, 0, Tesla V100-SXM2-32GB, 6, 509, 32768, 56.41, 38
2026/09/08 10:01:48.701, 0, Tesla V100-SXM2-32GB, 6, 509, 32768, 55.92, 38
2026/09/08 10:01:50.773, 0, Tesla V100-SXM2-32GB, 6, 509, 32768, 56.41, 38
2026/09/08 10:01:52.844, 0, Tesla V100-SXM2-32GB, 6, 509, 32768, 56.41, 38
2026/09/08 10:01:54.917, 0, Tesla V100-SXM2-32GB, 7, 509, 32768, 55.92, 38
2026/09/08 10:01:57.009, 0, Tesla V100-SXM2-32GB, 6, 509, 32768, 55.92, 38
2026/09/08 10:01:59.063, 0, Tesla V100-SXM2-32GB, 6, 509, 32768, 55.92, 38
2026/09/08 10:02:01.116, 0, Tesla V100-SXM2-32GB, 6, 509, 32768, 55.92, 37
2026/09/08 10:02:03.205, 0, Tesla V100-SXM2-32GB, 6, 509, 32768, 55.92, 37
2026/09/08 10:02:05.256, 0, Tesla V100-SXM2-32GB, 6, 509, 32768, 56.41, 37
2026/09/08 10:02:07.308, 0, Tesla V100-SXM2-32GB, 6, 509, 32768, 55.92, 37
2026/09/08 10:02:09.381, 0, Tesla V100-SXM2-32GB, 6, 509, 32768, 55.92, 37
2026/09/08 10:02:11.473, 0, Tesla V100-SXM2-32GB, 6, 509, 32768, 55.92, 37
2026/09/08 10:02:13.564, 0, Tesla V100-SXM2-32GB, 6, 509, 32768, 55.92, 37
2026/09/08 10:02:15.636, 0, Tesla V100-SXM2-32GB, 6, 509, 32768, 55.92, 37
2026/09/08 10:02:17.724, 0, Tesla V100-SXM2-32GB, 6, 509, 32768, 55.92, 37
